Number,Data_start,moment,Load,Radius,Angle,Height,WindSpeed,Safeload,Fall,OutControl,EarlyAlarm,Alarm,Peccancy,SensorAlarm,Date_max,moment,Load,Radius,Angle,Height,WindSpeed,Safeload,Fall,OutControl,EarlyAlarm,Alarm,Peccancy,SensorAlarm,Date_end,moment,Load,Radius,Angle,Height,WindSpeed,Safeload,Fall,OutControl,EarlyAlarm,Alarm,Peccancy,SensorAlarm,Maxmoment,MaxLoad,MaxRadius,MaxHeight,MaxWindSpeed,MinRadius,MinHeight,MinWindSpeed
1,2026-01-28 14:22:18,  2.28,  0.29, 25.39,  0.00, 50.65,  2.85, 10.00,2,0,0,0,0,20404,2026-01-28 14:22:20,  3.40,  0.44, 25.39,  0.00, 50.66,  2.85, 10.00,2,0,0,0,0,20404,2026-01-28 14:24:46,  0.00,  0.00, 19.31,  0.00, 53.31,  0.00, 10.00,2,0,0,0,0,20404, 11.08,  0.44, 25.45, 53.33,  5.70, 19.31, 50.65,  0.00,
2,2026-01-28 14:30:24, 10.03,  1.03, 31.68,  0.00, 46.69,  2.25, 10.00,2,0,0,0,0,20404,2026-01-28 14:30:34, 13.24,  1.39, 31.15,  0.00, 47.25,  2.70, 10.00,2,0,0,0,0,20404,2026-01-28 14:32:56,  0.00,  0.00, 19.18,  0.00, 53.35,  0.00, 10.00,2,0,0,0,0,20404, 43.15,  1.39, 31.68, 53.42,  5.70, 19.11, 46.69,  0.00,
3,2026-01-31 08:00:05,  3.99,  0.22, 46.81,  0.00, 30.20,  1.20,  5.42,2,0,0,0,0,20404,2026-01-31 08:01:31, 11.87,  0.59, 48.76,  0.00, 24.33,  1.05,  4.99,2,10,1000,0,0,20404,2026-01-31 08:02:10,  1.42,  0.10, 39.66,  0.00, 39.99,  1.20,  7.21,2,0,0,0,0,20404, 28.87,  0.59, 48.79, 39.99,  5.70, 39.66, 24.33,  0.00,
4,2026-02-02 13:27:14,  2.40,  1.54,  5.09,  0.00, 56.56,  1.80, 10.00,2,C0,2000,2000,0,20404,2026-02-02 13:31:34, 24.73,  2.36, 33.56,  0.00, 45.45,  1.35,  9.56,2,0,0,0,0,20404,2026-02-02 13:32:29,  0.00,  0.00, 33.73,  0.00, 45.28,  2.10,  9.48,2,0,0,0,0,20404, 79.35,  2.56, 33.73, 56.89,  5.70,  5.09, 45.28,  0.00,
5,2026-02-02 13:45:34,  3.65,  2.02,  5.89,  0.00, 56.49,  3.45, 10.00,2,C0,2000,2000,0,20404,2026-02-02 13:49:07, 24.20,  2.49, 31.74,  0.00, 46.89,  0.00, 10.00,2,0,0,0,0,20404,2026-02-02 13:51:10,  0.33,  0.03, 31.74,  0.00, 46.84,  3.30, 10.00,2,0,0,0,0,20404, 78.89,  2.65, 31.80, 56.53,  6.60,  5.89, 46.80,  0.00,
6,2026-02-04 08:17:28,  1.59,  0.20, 25.83,  0.00, 50.48,  0.00, 10.00,2,0,0,0,0,20404,2026-02-04 08:17:29,  1.92,  0.24, 25.83,  0.00, 50.50,  0.00, 10.00,2,0,0,0,0,20404,2026-02-04 08:18:42,  0.06,  0.02,  7.91,  0.00, 56.21,  0.00, 10.00,2,C0,2000,2000,0,20404,  6.27,  0.29, 25.83, 56.32,  6.60,  7.91, 50.48,  0.00,
7,2026-02-04 08:36:28,  4.67,  0.22, 49.96,  0.00, 20.61,  1.20,  4.71,2,10,1000,0,0,20404,2026-02-04 08:36:30,  5.23,  0.25, 49.92,  0.00, 20.83,  1.20,  4.72,2,10,1000,0,0,20404,2026-02-04 08:36:57,  0.71,  0.04, 44.08,  0.00, 34.11,  1.05,  5.85,2,0,0,0,0,20404, 12.32,  0.25, 49.96, 34.11,  6.60, 44.08, 20.61,  0.00,
8,2026-02-04 08:43:06,  3.37,  0.47, 23.18,  0.00, 51.88,  1.20, 10.00,2,0,0,0,0,20404,2026-02-04 08:43:08,  3.61,  0.51, 23.12,  0.00, 51.95,  1.05, 10.00,2,0,0,0,0,20404,2026-02-04 08:44:18,  0.00,  0.00,  6.75,  0.00, 56.38,  1.05, 10.00,2,C0,2000,2000,0,20404, 11.76,  0.59, 23.18, 56.50,  6.60,  6.68, 51.88,  0.00,
9,2026-02-05 09:36:06,  2.92,  0.79, 12.00,  0.00, 55.50,  0.00, 10.00,2,40,2000,0,0,20404,2026-02-05 09:37:59,  4.30,  0.74, 18.83,  0.00, 53.52,  0.00, 10.00,2,0,0,0,0,20404,2026-02-05 09:38:43,  0.00,  0.00, 18.83,  0.00, 53.49,  0.00, 10.00,2,0,0,0,0,20404, 14.01,  0.87, 19.72, 55.76,  6.60, 12.00, 53.30,  0.00,
10,2026-02-05 13:20:11, 13.44,  0.74, 46.23,  0.00, 29.77,  1.20,  5.48,2,0,0,0,0,20404,2026-02-05 13:20:32, 19.68,  1.08, 46.23,  0.00, 29.88,  0.00,  5.48,2,0,0,0,0,20404,2026-02-05 13:22:55,  0.00,  0.00, 12.07,  0.00, 55.44,  2.10, 10.00,2,40,2000,0,0,20404, 49.82,  1.08, 46.23, 56.31,  6.60,  9.35, 29.77,  0.00,
11,2026-02-05 13:29:05, 10.86,  0.62, 44.65,  0.00, 32.58,  2.55,  5.69,2,0,0,0,0,20404,2026-02-05 13:29:15, 16.46,  0.94, 44.65,  0.00, 32.63,  2.25,  5.69,2,0,0,0,0,20404,2026-02-05 13:31:31,  0.00,  0.00, 17.94,  0.00, 53.78,  5.25, 10.00,2,0,0,0,0,20404, 41.85,  0.94, 44.68, 54.18,  6.60, 17.94, 32.51,  0.00,
12,2026-02-05 13:42:30,  8.92,  0.49, 45.69,  0.00, 30.77,  1.35,  5.53,2,0,0,0,0,20404,2026-02-05 13:42:39, 21.67,  1.21, 45.30,  0.00, 31.52,  1.20,  5.57,2,0,0,0,0,20404,2026-02-05 13:44:50,  0.00,  0.00, 17.12,  0.00, 54.06,  5.25, 10.00,2,0,0,0,0,20404, 54.67,  1.21, 45.69, 54.38,  6.60, 16.98, 30.77,  0.00,
13,2026-02-05 13:55:32,  0.95,  0.54,  5.74,  0.00, 56.43,  2.25, 10.00,2,C0,2000,2000,0,20404,2026-02-05 13:56:28,  2.67,  0.58, 14.89,  0.00, 54.78,  3.90, 10.00,2,0,0,0,0,20404,2026-02-05 13:56:44,  0.00,  0.00, 15.66,  0.00, 54.52,  2.85, 10.00,2,0,0,0,0,20404,  8.70,  0.63, 15.66, 56.64,  6.60,  5.74, 54.52,  0.00,
14,2026-02-05 13:58:46,  0.90,  0.49,  6.03,  0.00, 56.39,  3.45, 10.00,2,C0,2000,2000,0,20404,2026-02-05 13:59:53,  2.50,  0.59, 13.84,  0.00, 55.07,  2.85, 10.00,2,40,2000,0,0,20404,2026-02-05 14:00:18,  0.00,  0.00, 13.77,  0.00, 55.04,  2.85, 10.00,2,40,2000,0,0,20404,  8.14,  0.63, 13.91, 56.50,  6.60,  5.96, 55.04,  0.00,
15,2026-02-05 14:02:29,  1.10,  0.60,  5.96,  0.00, 56.38,  1.50, 10.00,2,C0,2000,2000,0,20404,2026-02-05 14:03:27,  4.51,  0.98, 14.96,  0.00, 54.80,  2.85, 10.00,2,0,0,0,0,20404,2026-02-05 14:03:52,  0.00,  0.00, 14.75,  0.00, 54.77,  3.30, 10.00,2,0,0,0,0,20404, 14.71,  0.99, 14.96, 56.60,  6.60,  5.96, 54.76,  0.00,
16,2026-02-05 14:11:18,  2.55,  1.06,  7.84,  0.00, 56.18,  0.00, 10.00,2,C0,2000,2000,0,20404,2026-02-05 14:13:13,  9.69,  2.03, 15.59,  0.00, 54.57,  2.70, 10.00,2,0,0,0,0,20404,2026-02-05 14:13:23,  0.00,  0.00, 15.66,  0.00, 54.50,  2.40, 10.00,2,0,0,0,0,20404, 31.59,  2.27, 15.73, 56.48,  6.60,  7.77, 54.50,  0.00,
17,2026-02-05 14:28:14,  1.38,  0.74,  6.10,  0.00, 56.37,  2.85, 10.00,2,C0,2000,2000,0,20404,2026-02-05 14:29:34,  3.60,  0.86, 13.70,  0.00, 55.10,  4.20, 10.00,2,40,2000,0,0,20404,2026-02-05 14:30:06,  0.00,  0.00, 13.41,  0.00, 55.11,  3.90, 10.00,2,40,2000,0,0,20404, 11.75,  0.92, 13.70, 56.50,  6.60,  6.10, 55.10,  0.00,
18,2026-02-05 14:32:30,  0.60,  0.32,  6.17,  0.00, 56.34,  1.50, 10.00,2,C0,2000,2000,0,20404,2026-02-05 14:33:49, 11.90,  1.89, 20.53,  0.00, 52.87,  3.15, 10.00,2,0,0,0,0,20404,2026-02-05 14:34:57,  0.00,  0.00, 20.46,  0.00, 52.83,  2.55, 10.00,2,0,0,0,0,20404, 38.80,  1.96, 20.60, 56.62,  6.60,  6.17, 52.81,  0.00,
19,2026-02-05 14:37:35,  0.32,  0.19,  5.52,  0.00, 56.51,  1.65, 10.00,2,C0,2000,2000,0,20404,2026-02-05 14:39:05,  0.96,  0.22, 14.47,  0.00, 54.93,  0.00, 10.00,2,0,0,0,0,20404,2026-02-05 14:39:41,  0.00,  0.00, 15.17,  0.00, 54.66,  1.35, 10.00,2,0,0,0,0,20404,  3.13,  0.25, 15.17, 56.70,  6.60,  5.52, 54.66,  0.00,
20,2026-02-05 14:42:38,  3.33,  1.61,  6.75,  0.00, 56.41,  0.00, 10.00,2,C0,2000,2000,0,20404,2026-02-05 14:44:29, 15.80,  1.81, 28.39,  0.00, 49.00,  2.25, 10.00,2,0,0,0,0,20404,2026-02-05 14:45:20,  3.72,  0.42, 28.82,  0.00, 48.68,  1.05, 10.00,2,0,0,0,0,20404, 51.51,  1.81, 28.82, 56.64,  6.60,  6.75, 48.68,  0.00,
21,2026-02-05 14:53:02,  3.02,  0.34, 28.82,  0.00, 48.70,  3.00, 10.00,2,0,0,0,0,20404,2026-02-05 14:53:02,  3.02,  0.34, 28.82,  0.00, 48.70,  3.00, 10.00,2,0,0,0,0,20404,2026-02-05 14:53:34,  0.30,  0.05, 18.63,  0.00, 54.06,  1.95, 10.00,2,0,0,0,0,20404,  9.84,  0.34, 28.88, 54.06,  6.60, 18.63, 48.70,  0.00,
22,2026-02-05 15:25:27,  0.98,  0.16, 19.51,  0.00, 53.51,  2.25, 10.00,2,0,0,0,0,20404,2026-02-05 15:26:22,  2.59,  0.30, 27.84,  0.00, 49.39,  4.20, 10.00,2,0,0,0,0,20404,2026-02-05 15:26:34,  0.00,  0.00, 28.33,  0.00, 48.98,  6.00, 10.00,2,0,0,0,0,20404,  8.45,  0.33, 28.33, 53.51,  6.60, 19.51, 48.98,  0.00,
23,2026-02-05 15:34:30, 26.74,  3.07, 28.39,  0.00, 49.00,  3.75, 10.00,2,0,0,0,0,20404,2026-02-05 15:34:32, 28.46,  3.27, 28.39,  0.00, 49.02,  3.90, 10.00,2,0,0,0,0,20404,2026-02-05 15:35:47,  0.00,  0.00, 19.65,  0.00, 53.37,  3.60, 10.00,2,0,0,0,0,20404, 92.78,  3.27, 28.39, 54.99,  6.60, 15.45, 49.00,  0.00,
24,2026-02-05 16:00:46,  4.62,  0.61, 24.49,  0.00, 51.18,  2.85, 10.00,2,0,0,0,0,20404,2026-02-05 16:00:52, 27.80,  3.71, 24.42,  0.00, 51.26,  3.15, 10.00,2,0,0,0,0,20404,2026-02-05 16:02:15,  0.00,  0.00, 18.63,  0.00, 53.75,  2.10, 10.00,2,0,0,0,0,20404, 90.64,  3.71, 24.49, 53.92,  6.60, 18.56, 51.18,  0.00,
25,2026-02-05 16:05:37,  1.76,  0.31, 18.63,  0.00, 53.84,  1.35, 10.00,2,0,0,0,0,20404,2026-02-05 16:06:44,  3.12,  0.34, 29.79,  0.00, 48.14,  1.05, 10.00,2,0,0,0,0,20404,2026-02-05 16:06:58,  0.00,  0.00, 30.21,  0.00, 47.77,  2.25, 10.00,2,0,0,0,0,20404, 10.17,  0.34, 30.21, 53.91,  6.60, 18.63, 47.77,  0.00,
26,2026-02-05 16:08:49,  1.76,  0.31, 18.22,  0.00, 53.75,  3.00, 10.00,2,0,0,0,0,20404,2026-02-05 16:09:16,  2.96,  0.34, 28.27,  0.00, 49.04,  2.55, 10.00,2,0,0,0,0,20404,2026-02-05 16:09:26,  0.00,  0.00, 28.82,  0.00, 48.65,  3.30, 10.00,2,0,0,0,0,20404,  9.66,  0.40, 28.82, 53.89,  6.60, 18.15, 48.65,  0.00,
27,2026-02-05 16:17:10,  7.20,  0.78, 30.03,  0.00, 47.92,  2.55, 10.00,2,0,0,0,0,20404,2026-02-05 16:17:16, 34.61,  3.76, 30.03,  0.00, 47.94,  2.40, 10.00,2,0,0,0,0,20404,2026-02-05 16:18:38,  0.00,  0.00, 19.38,  0.00, 53.48,  1.65, 10.00,2,0,0,0,0,20404,112.82,  3.76, 30.09, 54.08,  6.60, 18.22, 47.88,  0.00,
28,2026-02-05 16:27:04,  1.83,  0.31, 19.38,  0.00, 53.57,  2.40, 10.00,2,0,0,0,0,20404,2026-02-05 16:28:08,  3.25,  0.37, 28.82,  0.00, 48.76,  3.90, 10.00,2,0,0,0,0,20404,2026-02-05 16:28:18,  0.00,  0.00, 28.94,  0.00, 48.60,  4.20, 10.00,2,0,0,0,0,20404, 10.61,  0.37, 28.94, 53.62,  6.60, 19.38, 48.60,  0.00,
29,2026-02-05 16:35:52, 31.52,  3.44, 29.85,  0.00, 48.06,  2.70, 10.00,2,0,0,0,0,20404,2026-02-05 16:35:54, 34.02,  3.72, 29.85,  0.00, 48.08,  2.70, 10.00,2,0,0,0,0,20404,2026-02-05 16:37:01,  0.00,  0.00, 18.83,  0.00, 53.70,  1.05, 10.00,2,0,0,0,0,20404,110.90,  3.72, 29.85, 53.83,  6.60, 18.77, 48.06,  0.00,
30,2026-02-06 08:57:37,  1.57,  0.38, 13.48,  0.00, 54.82,  4.80, 10.00,2,40,2000,0,0,20404,2026-02-06 08:59:27,  4.72,  0.56, 27.40,  0.00, 49.25,  1.95, 10.00,2,0,0,0,0,20404,2026-02-06 09:00:06,  0.07,  0.01, 28.82,  0.00, 48.28,  3.15, 10.00,2,0,0,0,0,20404, 15.39,  0.59, 28.88, 54.95,  6.60, 13.48, 48.25,  0.00,
31,2026-02-06 09:02:34,  0.80,  0.30,  8.70,  0.00, 55.80,  5.55, 10.00,2,C0,2000,2000,0,20404,2026-02-06 09:03:32,  2.03,  0.29, 22.59,  0.00, 51.74,  3.60, 10.00,2,0,0,0,0,20404,2026-02-06 09:03:53,  0.18,  0.03, 22.20,  0.00, 51.84,  3.15, 10.00,2,0,0,0,0,20404,  6.60,  0.33, 22.59, 55.98,  6.60,  8.63, 51.74,  0.00,
32,2026-02-06 09:45:08,  1.60,  0.75,  6.97,  0.00, 56.16,  1.20, 10.00,2,C0,2000,2000,0,20404,2026-02-06 09:48:13, 17.22,  1.31, 38.55,  0.00, 40.50,  0.00,  7.58,2,0,0,0,0,20404,2026-02-06 09:48:56,  0.21,  0.02, 40.03,  0.00, 38.79,  3.75,  7.09,2,0,0,0,0,20404, 50.56,  1.48, 40.03, 56.60,  6.60,  6.97, 38.79,  0.00,
33,2026-02-06 09:52:22,  2.84,  1.05,  8.85,  0.00, 56.00,  0.00, 10.00,2,C0,2000,2000,0,20404,2026-02-06 09:53:45, 18.32,  1.74, 33.67,  0.00, 45.15,  3.60,  9.51,2,0,0,0,0,20404,2026-02-06 09:54:04,  1.20,  0.11, 33.67,  0.00, 45.09,  4.80,  9.51,2,0,0,0,0,20404, 58.65,  1.74, 33.67, 56.30,  6.60,  8.78, 45.09,  0.00,
34,2026-02-06 10:30:25,  0.58,  0.31,  6.10,  0.00, 56.35,  3.00, 10.00,2,C0,2000,2000,0,20404,2026-02-06 10:31:40,  4.71,  0.87, 17.74,  0.00, 53.89,  3.60, 10.00,2,0,0,0,0,20404,2026-02-06 10:31:55,  0.08,  0.02, 17.74,  0.00, 53.86,  3.00, 10.00,2,0,0,0,0,20404, 15.35,  0.87, 17.74, 56.58,  6.60,  6.10, 53.85,  0.00,
35,2026-02-06 10:35:10,  1.24,  0.57,  7.12,  0.00, 56.28,  1.95, 10.00,2,C0,2000,2000,0,20404,2026-02-06 10:36:12,  2.84,  0.62, 14.89,  0.00, 54.77,  3.75, 10.00,2,0,0,0,0,20404,2026-02-06 10:36:29,  0.15,  0.03, 14.54,  0.00, 54.82,  3.45, 10.00,2,0,0,0,0,20404,  9.27,  0.62, 15.17, 56.52,  6.60,  7.12, 54.70,  0.00,
36,2026-02-06 13:30:21,  9.99,  1.02, 31.80,  0.00, 46.15,  1.50, 10.00,2,0,0,0,0,20404,2026-02-06 13:30:34, 26.20,  2.71, 31.56,  0.00, 46.34,  1.50, 10.00,2,0,0,0,0,20404,2026-02-06 13:55:19,  0.14,  0.02, 19.92,  0.00, 52.49,  1.20, 10.00,2,0,0,0,0,20404, 85.41,  2.71, 31.80, 52.82,  6.60, 19.92, 46.14,  0.00,
37,2026-02-06 14:16:59,  1.29,  0.58,  7.19,  0.00, 55.68,  0.00, 10.00,2,C0,2000,2000,0,20404,2026-02-06 14:18:24,  2.11,  0.57, 12.00,  0.00, 54.89,  2.40, 10.00,2,40,2000,0,0,20404,2026-02-06 14:18:57,  0.00,  0.00, 12.71,  0.00, 54.64,  3.15, 10.00,2,40,2000,0,0,20404,  6.87,  0.66, 12.71, 55.94,  6.60,  7.19, 54.64,  0.00,
38,2026-02-06 14:22:23,  3.15,  0.51, 20.19,  0.00, 52.96,  2.40, 10.00,2,0,0,0,0,20404,2026-02-06 14:23:42,  4.60,  0.50, 29.73,  0.00, 48.09,  1.80, 10.00,2,0,0,0,0,20404,2026-02-06 14:23:58,  0.42,  0.05, 29.73,  0.00, 48.01,  1.80, 10.00,2,0,0,0,0,20404, 15.01,  0.58, 29.73, 53.22,  6.60, 20.19, 48.01,  0.00,
39,2026-02-06 14:33:01,  0.99,  0.55,  5.89,  0.00, 56.38,  0.00, 10.00,2,C0,2000,2000,0,20404,2026-02-06 14:35:23,  6.46,  0.55, 35.95,  0.00, 43.16,  1.05,  8.52,2,0,0,0,0,20404,2026-02-06 14:35:39,  0.13,  0.01, 36.06,  0.00, 43.01,  1.35,  8.48,2,0,0,0,0,20404, 19.78,  0.61, 36.06, 56.61,  6.60,  5.89, 43.01,  0.00,
40,2026-02-06 14:50:08,  1.86,  0.42, 14.40,  0.00, 54.77,  1.20, 10.00,2,0,0,0,0,20404,2026-02-06 14:51:25,  4.91,  0.47, 33.34,  0.00, 45.40,  2.40,  9.66,2,0,0,0,0,20404,2026-02-06 14:51:53,  0.00,  0.00, 33.34,  0.00, 45.35,  2.85,  9.66,2,0,0,0,0,20404, 15.81,  0.68, 33.34, 55.10,  6.60, 14.40, 45.35,  0.00,
41,2026-02-06 14:58:45,  2.43,  0.66, 11.92,  0.00, 55.41,  1.65, 10.00,2,40,2000,0,0,20404,2026-02-06 14:59:54,  5.69,  0.50, 35.42,  0.00, 43.63,  2.10,  8.73,2,0,0,0,0,20404,2026-02-06 15:00:22,  0.00,  0.00, 35.42,  0.00, 43.57,  1.20,  8.73,2,0,0,0,0,20404, 17.61,  0.68, 35.47, 55.73,  6.60, 11.85, 43.56,  0.00,
42,2026-02-06 15:12:36,  0.87,  0.35,  8.20,  0.00, 56.11,  0.00, 10.00,2,C0,2000,2000,0,20404,2026-02-06 15:13:22,  1.61,  0.35, 14.89,  0.00, 54.82,  0.00, 10.00,2,0,0,0,0,20404,2026-02-06 15:14:04,  0.00,  0.00, 14.89,  0.00, 54.73,  2.40, 10.00,2,0,0,0,0,20404,  5.26,  0.36, 14.89, 56.34,  6.60,  8.20, 54.73,  0.00,
43,2026-02-06 15:21:50,  1.56,  0.67,  7.55,  0.00, 56.21,  2.40, 10.00,2,C0,2000,2000,0,20404,2026-02-06 15:23:41,  7.28,  0.79, 29.91,  0.00, 47.92,  2.25, 10.00,2,0,0,0,0,20404,2026-02-06 15:23:50,  0.84,  0.09, 30.03,  0.00, 47.79,  2.25, 10.00,2,0,0,0,0,20404, 23.72,  0.84, 30.09, 56.54,  6.60,  7.55, 47.75,  0.00,
44,2026-02-06 15:26:19,  0.85,  0.34,  8.13,  0.00, 56.14,  1.50, 10.00,2,C0,2000,2000,0,20404,2026-02-06 15:27:43,  3.42,  0.39, 28.21,  0.00, 49.05,  0.00, 10.00,2,0,0,0,0,20404,2026-02-06 15:28:01,  0.07,  0.01, 28.27,  0.00, 48.93,  0.00, 10.00,2,0,0,0,0,20404, 11.13,  0.49, 28.27, 56.54,  6.60,  8.13, 48.93,  0.00,
45,2026-02-07 07:54:43,  2.31,  1.02,  7.40,  0.00, 56.24,  0.00, 10.00,2,C0,2000,2000,0,20404,2026-02-07 07:56:25,  6.02,  1.18, 16.56,  0.00, 54.33,  0.00, 10.00,2,0,0,0,0,20404,2026-02-07 07:57:05,  0.44,  0.09, 16.56,  0.00, 54.24,  0.00, 10.00,2,0,0,0,0,20404, 19.61,  1.21, 16.63, 56.58,  6.60,  7.40, 54.24,  0.00,
46,2026-02-07 08:13:22,  1.74,  0.43, 13.34,  0.00, 55.18,  0.00, 10.00,2,40,2000,0,0,20404,2026-02-07 08:14:37,  4.28,  0.41, 33.73,  0.00, 45.10,  1.35,  9.48,2,0,0,0,0,20404,2026-02-07 08:14:46,  0.00,  0.00, 33.89,  0.00, 44.92,  1.20,  9.41,2,0,0,0,0,20404, 13.70,  0.43, 33.89, 55.43,  6.60, 13.27, 44.92,  0.00,
47,2026-02-07 08:18:18,  0.81,  0.38,  6.97,  0.00, 56.28,  0.00, 10.00,2,C0,2000,2000,0,20404,2026-02-07 08:18:59,  3.53,  0.83, 13.84,  0.00, 55.56,  0.00, 10.00,2,40,2000,0,0,20404,2026-02-07 08:20:05,  0.00,  0.00, 14.96,  0.00, 54.70,  0.00, 10.00,2,0,0,0,0,20404, 11.50,  0.83, 14.96, 56.64,  6.60,  6.97, 54.70,  0.00,
48,2026-02-07 09:31:25,  2.64,  0.53, 16.22,  0.00, 54.34,  0.00, 10.00,2,0,0,0,0,20404,2026-02-07 09:33:33,  6.08,  0.92, 21.60,  0.00, 52.49,  1.35, 10.00,2,0,0,0,0,20404,2026-02-07 09:34:13,  0.43,  0.06, 21.73,  0.00, 52.32,  0.00, 10.00,2,0,0,0,0,20404, 19.84,  1.15, 21.73, 54.69,  6.60, 16.15, 52.32,  0.00,
49,2026-02-07 09:36:54,  3.50,  0.93, 12.28,  0.00, 55.40,  0.00, 10.00,2,40,2000,0,0,20404,2026-02-07 09:38:02,  5.22,  0.85, 19.92,  0.00, 53.11,  0.00, 10.00,2,0,0,0,0,20404,2026-02-07 09:38:34,  0.46,  0.08, 19.92,  0.00, 53.05,  0.00, 10.00,2,0,0,0,0,20404, 17.01,  0.93, 19.92, 55.62,  6.60, 12.28, 53.05,  0.00,
50,2026-02-07 09:41:12,  1.15,  0.25, 15.17,  0.00, 54.83,  1.05, 10.00,2,0,0,0,0,20404,2026-02-07 09:42:15,  2.03,  0.32, 20.53,  0.00, 52.88,  0.00, 10.00,2,0,0,0,0,20404,2026-02-07 09:42:38,  0.15,  0.02, 22.00,  0.00, 52.21,  0.00, 10.00,2,0,0,0,0,20404,  6.62,  0.32, 22.00, 54.92,  6.60, 15.10, 52.21,  0.00,
51,2026-02-07 09:45:52,  0.77,  0.51,  4.87,  0.00, 56.44,  0.00, 10.00,2,C0,2000,2000,0,20404,2026-02-07 09:47:20,  4.79,  0.80, 19.58,  0.00, 53.21,  1.80, 10.00,2,0,0,0,0,20404,2026-02-07 09:48:03,  0.00,  0.00, 19.24,  0.00, 53.29,  1.50, 10.00,2,0,0,0,0,20404, 15.61,  0.87, 19.65, 56.68,  6.60,  4.87, 53.21,  0.00,
52,2026-02-07 09:50:17,  1.49,  0.33, 14.75,  0.00, 54.76,  3.00, 10.00,2,0,0,0,0,20404,2026-02-07 09:51:09,  3.90,  0.57, 22.33,  0.00, 52.16,  2.25, 10.00,2,0,0,0,0,20404,2026-02-07 09:51:21,  0.00,  0.00, 22.33,  0.00, 52.08,  2.40, 10.00,2,0,0,0,0,20404, 12.71,  0.67, 22.33, 55.00,  6.60, 14.68, 52.08,  0.00,
53,2026-02-07 09:56:00,  2.66,  0.94,  9.21,  0.00, 55.94,  1.65, 10.00,2,C0,2000,2000,0,20404,2026-02-07 09:57:24, 10.34,  1.48, 22.72,  0.00, 51.98,  0.00, 10.00,2,0,0,0,0,20404,2026-02-07 09:57:49,  0.00,  0.00, 22.20,  0.00, 52.14,  0.00, 10.00,2,0,0,0,0,20404, 33.72,  1.60, 22.86, 56.18,  6.60,  9.13, 51.92,  0.00,
54,2026-02-07 10:11:07,  3.45,  0.66, 17.12,  0.00, 54.06,  0.00, 10.00,2,0,0,0,0,20404,2026-02-07 10:11:20,  4.03,  0.77, 17.12,  0.00, 54.08,  1.95, 10.00,2,0,0,0,0,20404,2026-02-07 10:12:39,  0.00,  0.00, 12.07,  0.00, 55.43,  3.00, 10.00,2,40,2000,0,0,20404, 13.12,  0.77, 17.19, 55.62,  6.60, 12.07, 54.05,  0.00,
55,2026-02-07 10:16:17,  1.25,  0.36, 11.28,  0.00, 55.78,  1.95, 10.00,2,40,2000,0,0,20404,2026-02-07 10:17:44,  3.98,  0.36, 34.66,  0.00, 44.44,  1.50,  9.05,2,0,0,0,0,20404,2026-02-07 10:18:56,  0.64,  0.06, 32.20,  0.00, 46.67,  1.50, 10.00,2,0,0,0,0,20404, 12.50,  0.41, 34.83, 56.00,  6.60, 11.28, 44.28,  0.00,
56,2026-02-07 10:33:10,  1.92,  0.38, 16.63,  0.00, 54.23,  2.25, 10.00,2,0,0,0,0,20404,2026-02-07 10:34:16,  4.42,  0.39, 35.15,  0.00, 43.85,  0.00,  8.84,2,0,0,0,0,20404,2026-02-07 10:34:22,  0.52,  0.05, 35.15,  0.00, 43.82,  0.00,  8.84,2,0,0,0,0,20404, 13.74,  0.47, 35.15, 54.42,  6.60, 16.56, 43.82,  0.00,
57,2026-02-07 10:38:30,  1.08,  0.27, 13.06,  0.00, 55.20,  3.30, 10.00,2,40,2000,0,0,20404,2026-02-07 10:39:38,  2.81,  0.41, 22.59,  0.00, 52.07,  1.65, 10.00,2,0,0,0,0,20404,2026-02-07 10:40:33,  0.00,  0.00, 22.59,  0.00, 51.95,  1.35, 10.00,2,0,0,0,0,20404,  9.17,  0.48, 22.66, 55.45,  6.60, 13.06, 51.95,  0.00,
58,2026-02-07 12:08:55,  9.28,  0.56, 43.45,  0.00, 34.42,  1.65,  6.01,2,0,0,0,0,20404,2026-02-07 12:09:03, 18.18,  1.09, 43.45,  0.00, 34.44,  1.50,  6.01,2,0,0,0,0,20404,2026-02-07 12:11:04,  0.20,  0.03, 19.18,  0.00, 53.35,  1.20, 10.00,2,0,0,0,0,20404, 47.49,  1.09, 43.45, 54.35,  6.60, 18.22, 34.42,  0.00,
59,2026-02-07 12:14:48, 11.11,  0.69, 42.68,  0.00, 35.52,  0.00,  6.22,2,0,0,0,0,20404,2026-02-07 12:14:55, 38.38,  2.39, 42.68,  0.00, 35.56,  1.05,  6.22,2,0,0,0,0,20404,2026-02-07 12:17:54,  0.50,  0.08, 21.27,  0.00, 52.50,  0.00, 10.00,2,0,0,0,0,20404,101.88,  2.39, 42.68, 53.73,  6.60, 19.85, 35.52,  0.00,
60,2026-02-07 12:21:21, 15.79,  0.86, 46.68,  0.00, 28.89,  1.80,  5.43,2,0,0,0,0,20404,2026-02-07 12:21:26, 31.93,  1.73, 46.68,  0.00, 28.91,  1.95,  5.43,2,0,0,0,0,20404,2026-02-07 12:23:40,  0.26,  0.04, 22.00,  0.00, 52.19,  1.80, 10.00,2,0,0,0,0,20404, 80.96,  1.73, 46.68, 53.19,  6.60, 20.80, 28.89,  0.00,
61,2026-02-07 12:27:27, 14.45,  0.79, 46.36,  0.00, 29.51,  1.35,  5.46,2,0,0,0,0,20404,2026-02-07 12:27:34, 24.52,  1.34, 46.36,  0.00, 29.55,  2.40,  5.46,2,0,0,0,0,20404,2026-02-07 12:29:55,  0.07,  0.01, 19.92,  0.00, 53.04,  3.15, 10.00,2,0,0,0,0,20404, 62.10,  1.34, 46.36, 53.60,  6.60, 19.92, 29.51,  0.00,
62,2026-02-07 12:33:18, 12.45,  0.69, 45.51,  0.00, 31.10,  1.80,  5.55,2,0,0,0,0,20404,2026-02-07 12:33:19, 13.47,  0.75, 45.51,  0.00, 31.11,  1.80,  5.55,2,0,0,0,0,20404,2026-02-07 12:35:13,  0.00,  0.00, 19.58,  0.00, 53.19,  1.20, 10.00,2,0,0,0,0,20404, 34.03,  0.75, 45.51, 53.74,  6.60, 19.58, 31.10,  0.00,
63,2026-02-07 12:36:49,  4.76,  0.71, 22.00,  0.00, 52.20,  1.95, 10.00,2,0,0,0,0,20404,2026-02-07 12:38:42,  8.59,  0.68, 37.45,  0.00, 41.76,  3.60,  7.95,2,0,0,0,0,20404,2026-02-07 12:39:19,  0.30,  0.02, 38.21,  0.00, 40.92,  2.25,  7.70,2,0,0,0,0,20404, 25.59,  0.74, 38.21, 52.67,  6.60, 21.93, 40.92,  0.00,
64,2026-02-07 12:43:16, 15.00,  0.98, 41.57,  0.00, 37.02,  1.50,  6.55,2,0,0,0,0,20404,2026-02-07 12:43:22, 29.43,  1.93, 41.57,  0.00, 37.06,  1.65,  6.55,2,0,0,0,0,20404,2026-02-07 12:45:20,  0.18,  0.03, 22.40,  0.00, 51.97,  2.40, 10.00,2,0,0,0,0,20404, 80.14,  1.93, 41.57, 52.15,  6.60, 22.40, 37.02,  0.00,
65,2026-02-07 12:46:35,  4.59,  0.67, 22.40,  0.00, 51.99,  1.05, 10.00,2,0,0,0,0,20404,2026-02-07 12:48:25,  7.17,  0.72, 32.26,  0.00, 46.23,  3.75, 10.00,2,0,0,0,0,20404,2026-02-07 12:49:29,  0.11,  0.01, 32.31,  0.00, 46.17,  2.55, 10.00,2,0,0,0,0,20404, 23.38,  0.80, 32.31, 52.48,  6.60, 22.40, 46.17,  0.00,
66,2026-02-07 12:53:24,  7.94,  0.53, 41.31,  0.00, 37.30,  1.05,  6.64,2,0,0,0,0,20404,2026-02-07 12:53:41, 36.90,  2.45, 41.31,  0.00, 37.35,  3.75,  6.64,2,0,0,0,0,20404,2026-02-07 12:55:41,  0.57,  0.08, 22.06,  0.00, 52.07,  2.85, 10.00,2,0,0,0,0,20404,101.26,  2.45, 41.31, 53.29,  6.60, 20.39, 37.30,  0.00,
67,2026-02-07 12:56:45,  5.52,  0.82, 22.06,  0.00, 52.08,  3.90, 10.00,2,0,0,0,0,20404,2026-02-07 12:59:28, 11.90,  1.15, 33.34,  0.00, 45.33,  3.60,  9.66,2,0,0,0,0,20404,2026-02-07 12:59:46,  1.22,  0.12, 33.34,  0.00, 45.28,  1.95,  9.66,2,0,0,0,0,20404, 38.33,  1.25, 33.39, 52.45,  6.60, 22.06, 45.24,  0.00,
68,2026-02-07 13:03:26, 18.28,  1.24, 40.95,  0.00, 37.73,  2.10,  6.77,2,0,0,0,0,20404,2026-02-07 13:03:30, 21.47,  1.45, 40.99,  0.00, 37.70,  2.40,  6.75,2,0,0,0,0,20404,2026-02-07 13:05:23,  0.70,  0.10, 22.26,  0.00, 51.93,  2.40, 10.00,2,0,0,0,0,20404, 59.43,  1.45, 40.99, 52.97,  6.60, 21.27, 37.68,  0.00,
69,2026-02-07 13:06:58,  2.30,  0.38, 19.58,  0.00, 53.07,  0.00, 10.00,2,0,0,0,0,20404,2026-02-07 13:08:39,  3.65,  0.38, 31.33,  0.00, 46.79,  1.20, 10.00,2,0,0,0,0,20404,2026-02-07 13:09:02,  0.47,  0.05, 31.33,  0.00, 46.69,  0.00, 10.00,2,0,0,0,0,20404, 11.89,  0.48, 31.33, 53.37,  6.60, 19.58, 46.69,  0.00,
70,2026-02-07 13:16:16,  3.13,  0.66, 15.38,  0.00, 54.17,  0.00, 10.00,2,0,0,0,0,20404,2026-02-07 13:18:27, 11.31,  0.73, 41.79,  0.00, 36.53,  3.15,  6.47,2,0,0,0,0,20404,2026-02-07 13:18:45,  0.06,  0.00, 43.13,  0.00, 34.60,  3.00,  6.10,2,0,0,0,0,20404, 30.61,  0.81, 43.13, 54.34,  6.60, 15.38, 34.60,  0.00,
71,2026-02-07 13:29:49, 12.76,  0.91, 39.80,  0.00, 39.04,  1.20,  7.17,2,0,0,0,0,20404,2026-02-07 13:29:54, 17.00,  1.22, 39.80,  0.00, 39.08,  1.20,  7.17,2,0,0,0,0,20404,2026-02-07 13:33:53,  0.66,  0.09, 23.58,  0.00, 51.48,  2.85, 10.00,2,0,0,0,0,20404, 48.48,  1.22, 39.80, 53.73,  6.60, 19.24, 39.04,  0.00,
72,2026-02-07 13:47:15, 10.08,  0.65, 41.79,  0.00, 36.75,  2.10,  6.47,2,0,0,0,0,20404,2026-02-07 13:47:23, 17.76,  1.15, 41.79,  0.00, 36.79,  2.85,  6.47,2,0,0,0,0,20404,2026-02-07 13:49:18,  0.16,  0.02, 22.20,  0.00, 52.11,  1.20, 10.00,2,0,0,0,0,20404, 48.05,  1.15, 41.79, 52.75,  6.60, 21.73, 36.75,  0.00,
73,2026-02-07 14:02:43,  2.60,  0.37, 22.99,  0.00, 51.79,  4.80, 10.00,2,0,0,0,0,20404,2026-02-07 14:02:47,  3.08,  0.44, 22.99,  0.00, 51.87,  4.65, 10.00,2,0,0,0,0,20404,2026-02-07 14:04:08,  0.00,  0.00, 12.85,  0.00, 55.28,  5.40, 10.00,2,40,2000,0,0,20404, 10.03,  0.44, 22.99, 55.37,  6.60, 12.85, 51.79,  0.00,
74,2026-02-07 14:07:21,  3.80,  0.57, 21.93,  0.00, 52.25,  3.15, 10.00,2,0,0,0,0,20404,2026-02-07 14:07:25,  4.52,  0.67, 21.93,  0.00, 52.35,  3.00, 10.00,2,0,0,0,0,20404,2026-02-07 14:08:54,  0.00,  0.00, 12.14,  0.00, 55.43,  4.35, 10.00,2,40,2000,0,0,20404, 14.73,  0.67, 21.93, 55.70,  6.60, 12.14, 52.25,  0.00,
75,2026-02-07 14:30:29,  2.63,  0.56, 15.24,  0.00, 54.62,  6.00, 10.00,2,0,0,0,0,20404,2026-02-07 14:31:32,  6.67,  0.69, 31.50,  0.00, 46.86,  3.90, 10.00,2,0,0,0,0,20404,2026-02-07 14:32:21,  0.41,  0.04, 31.80,  0.00, 46.58,  2.40, 10.00,2,0,0,0,0,20404, 21.76,  0.72, 31.80, 54.91,  6.60, 15.17, 46.58,  0.00,
76,2026-02-07 14:35:26,  5.12,  0.76, 21.87,  0.00, 52.27,  0.00, 10.00,2,0,0,0,0,20404,2026-02-07 14:36:55, 11.31,  0.77, 40.72,  0.00, 38.15,  3.75,  6.85,2,0,0,0,0,20404,2026-02-07 14:37:48,  0.06,  0.00, 40.72,  0.00, 38.08,  1.50,  6.85,2,0,0,0,0,20404, 31.53,  0.89, 40.77, 52.74,  6.60, 21.80, 38.03,  0.00,
77,2026-02-07 14:40:45,  1.86,  0.30, 19.92,  0.00, 53.08,  0.00, 10.00,2,0,0,0,0,20404,2026-02-07 14:42:31,  4.15,  0.35, 36.01,  0.00, 43.16,  4.80,  8.50,2,0,0,0,0,20404,2026-02-07 14:42:56,  0.24,  0.02, 37.25,  0.00, 41.89,  5.25,  8.02,2,0,0,0,0,20404, 12.71,  0.39, 37.25, 53.53,  6.60, 19.92, 41.89,  0.00,
78,2026-02-07 15:06:24,  8.23,  1.12, 24.03,  0.00, 51.24,  3.30, 10.00,2,0,0,0,0,20404,2026-02-07 15:07:33, 18.21,  1.91, 31.10,  0.00, 47.21,  4.20, 10.00,2,0,0,0,0,20404,2026-02-07 15:08:34,  0.00,  0.00, 31.39,  0.00, 46.87,  5.10, 10.00,2,0,0,0,0,20404, 59.36,  1.98, 31.50, 51.66,  6.90, 23.90, 46.87,  0.00,
79,2026-02-09 08:01:36,  3.68,  0.39, 30.98,  0.00, 47.20,  0.00, 10.00,2,0,0,0,0,20404,2026-02-09 08:01:43,  7.32,  0.77, 30.98,  0.00, 47.24,  0.00, 10.00,2,0,0,0,0,20404,2026-02-09 08:03:34,  0.00,  0.00, 11.78,  0.00, 55.52,  0.00, 10.00,2,40,2000,0,0,20404, 23.87,  0.77, 31.04, 55.98,  6.90, 11.28, 47.16,  0.00,
80,2026-02-09 09:07:12,  4.45,  0.62, 23.45,  0.00, 51.56,  0.00, 10.00,2,0,0,0,0,20404,2026-02-09 09:07:16,  8.65,  1.20, 23.45,  0.00, 51.62,  0.00, 10.00,2,0,0,0,0,20404,2026-02-09 09:09:19,  0.00,  0.00,  7.04,  0.00, 56.25,  0.00, 10.00,2,C0,2000,2000,0,20404, 28.21,  1.20, 23.45, 56.29,  6.90,  7.04, 51.56,  0.00,
81,2026-02-09 10:43:47,  1.33,  0.54,  8.05,  0.00, 56.13,  0.00, 10.00,2,C0,2000,2000,0,20404,2026-02-09 10:45:30,  9.36,  2.14, 14.26,  0.00, 54.94,  0.00, 10.00,2,40,2000,0,0,20404,2026-02-09 10:45:57,  0.30,  0.07, 14.26,  0.00, 54.88,  0.00, 10.00,2,40,2000,0,0,20404, 30.52,  2.28, 14.26, 56.37,  6.90,  8.05, 54.88,  0.00,
82,2026-02-09 10:48:57,  2.99,  0.46, 21.40,  0.00, 52.52,  0.00, 10.00,2,0,0,0,0,20404,2026-02-09 10:48:57,  2.99,  0.46, 21.40,  0.00, 52.52,  0.00, 10.00,2,0,0,0,0,20404,2026-02-09 10:50:25,  0.00,  0.00, 28.64,  0.00, 48.75,  0.00, 10.00,2,0,0,0,0,20404,  9.75,  0.46, 28.64, 52.77,  6.90, 21.40, 48.75,  0.00,
83,2026-02-09 10:54:49,  2.63,  0.43, 19.79,  0.00, 53.17,  0.00, 10.00,2,0,0,0,0,20404,2026-02-09 10:56:42,  7.21,  0.55, 38.55,  0.00, 40.58,  1.05,  7.58,2,0,0,0,0,20404,2026-02-09 10:56:57,  0.00,  0.00, 39.61,  0.00, 39.37,  1.20,  7.23,2,0,0,0,0,20404, 21.07,  0.56, 39.61, 53.70,  6.90, 19.72, 39.37,  0.00,
84,2026-02-09 11:00:18,  1.94,  0.32, 19.85,  0.00, 53.15,  0.00, 10.00,2,0,0,0,0,20404,2026-02-09 11:02:02,  4.68,  0.38, 36.79,  0.00, 42.36,  0.00,  8.18,2,0,0,0,0,20404,2026-02-09 11:02:11,  0.00,  0.00, 36.79,  0.00, 42.33,  0.00,  8.18,2,0,0,0,0,20404, 14.10,  0.50, 36.84, 53.65,  6.90, 19.79, 42.28,  0.00,
85,2026-02-09 11:05:24,  2.19,  0.41, 17.60,  0.00, 53.99,  0.00, 10.00,2,0,0,0,0,20404,2026-02-09 11:06:39,  3.86,  0.36, 33.84,  0.00, 45.03,  0.00,  9.43,2,0,0,0,0,20404,2026-02-09 11:06:54,  0.00,  0.00, 33.95,  0.00, 44.88,  0.00,  9.38,2,0,0,0,0,20404, 12.33,  0.46, 33.95, 54.36,  6.90, 17.60, 44.88,  0.00,
86,2026-02-09 13:15:26,  3.61,  0.53, 22.13,  0.00, 52.19,  1.65, 10.00,2,0,0,0,0,20404,2026-02-09 13:15:32,  4.04,  0.60, 22.13,  0.00, 52.28,  2.25, 10.00,2,0,0,0,0,20404,2026-02-09 13:17:10,  0.27,  0.06, 15.24,  0.00, 54.63,  1.35, 10.00,2,0,0,0,0,20404, 13.19,  0.60, 22.13, 54.76,  6.90, 15.17, 52.19,  0.00,
87,2026-02-09 14:19:14,  2.93,  1.22,  7.84,  0.00, 56.21,  1.20, 10.00,2,C0,2000,2000,0,20404,2026-02-09 14:20:34,  6.01,  1.10, 17.74,  0.00, 53.95,  0.00, 10.00,2,0,0,0,0,20404,2026-02-09 14:21:33,  0.00,  0.00, 15.73,  0.00, 54.51,  0.00, 10.00,2,0,0,0,0,20404, 19.59,  1.23, 17.74, 56.45,  6.90,  7.84, 53.95,  0.00,
88,2026-02-10 08:11:31, 17.48,  1.13, 41.74,  0.00, 36.81,  0.00,  6.49,2,0,0,0,0,20404,2026-02-10 08:11:39, 37.54,  2.44, 41.74,  0.00, 36.84,  0.00,  6.49,2,0,0,0,0,20404,2026-02-10 08:14:25,  0.00,  0.00, 23.38,  0.00, 51.58,  1.20, 10.00,2,0,0,0,0,20404,101.71,  2.44, 41.74, 54.21,  6.90, 19.04, 36.81,  0.00,
89,2026-02-10 08:19:15, 10.09,  0.67, 41.26,  0.00, 37.42,  1.65,  6.66,2,0,0,0,0,20404,2026-02-10 08:19:23, 34.14,  2.34, 40.72,  0.00, 38.17,  1.65,  6.85,2,0,0,0,0,20404,2026-02-10 08:21:39,  0.23,  0.03, 22.26,  0.00, 52.07,  2.10, 10.00,2,0,0,0,0,20404, 95.20,  2.34, 41.26, 53.99,  6.90, 19.38, 37.42,  0.00,
90,2026-02-10 09:42:23,  1.07,  0.49,  7.04,  0.00, 56.28,  1.35, 10.00,2,C0,2000,2000,0,20404,2026-02-10 09:43:50,  1.89,  0.46, 13.34,  0.00, 55.16,  0.00, 10.00,2,40,2000,0,0,20404,2026-02-10 09:44:08,  0.00,  0.00, 13.27,  0.00, 55.15,  0.00, 10.00,2,40,2000,0,0,20404,  6.18,  0.57, 13.34, 56.63,  6.90,  7.04, 55.13,  0.00,
91,2026-02-10 10:18:33,  1.33,  0.49,  8.92,  0.00, 56.00,  1.50, 10.00,2,C0,2000,2000,0,20404,2026-02-10 10:19:33,  3.03,  0.56, 17.60,  0.00, 53.94,  0.00, 10.00,2,0,0,0,0,20404,2026-02-10 10:19:41,  0.14,  0.03, 17.60,  0.00, 53.88,  0.00, 10.00,2,0,0,0,0,20404,  9.89,  0.57, 17.67, 56.24,  6.90,  8.92, 53.86,  0.00,
92,2026-02-10 10:34:25, 14.75,  2.03, 23.64,  0.00, 51.46,  0.00, 10.00,2,0,0,0,0,20404,2026-02-10 10:34:29, 16.35,  2.25, 23.64,  0.00, 51.53,  0.00, 10.00,2,0,0,0,0,20404,2026-02-10 10:36:41,  0.00,  0.00, 13.84,  0.00, 55.02,  0.00, 10.00,2,40,2000,0,0,20404, 53.30,  2.25, 23.64, 55.37,  6.90, 13.84, 51.46,  0.00,
93,2026-02-10 10:39:23,  4.25,  0.60, 22.99,  0.00, 51.78,  0.00, 10.00,2,0,0,0,0,20404,2026-02-10 10:39:27,  4.58,  0.65, 22.99,  0.00, 51.88,  0.00, 10.00,2,0,0,0,0,20404,2026-02-10 10:41:19,  0.00,  0.00, 13.48,  0.00, 55.09,  0.00, 10.00,2,40,2000,0,0,20404, 14.92,  0.65, 22.99, 55.19,  6.90, 13.48, 51.78,  0.00,
94,2026-02-10 13:40:26,  1.81,  0.50, 11.85,  0.00, 55.54,  0.00, 10.00,2,40,2000,0,0,20404,2026-02-10 13:41:48,  1.91,  0.35, 17.60,  0.00, 54.16,  1.65, 10.00,2,0,0,0,0,20404,2026-02-10 13:42:30,  0.00,  0.00, 17.53,  0.00, 53.97,  1.50, 10.00,2,0,0,0,0,20404,  6.21,  0.50, 17.60, 55.84,  6.90, 11.85, 53.97,  0.00,
95,2026-02-10 14:12:27,  2.68,  0.40, 21.93,  0.00, 52.27,  2.40, 10.00,2,0,0,0,0,20404,2026-02-10 14:14:45,  3.82,  0.39, 32.20,  0.00, 46.35,  2.25, 10.00,2,0,0,0,0,20404,2026-02-10 14:14:58,  0.19,  0.02, 32.14,  0.00, 46.32,  2.55, 10.00,2,0,0,0,0,20404, 12.46,  0.40, 33.89, 52.59,  6.90, 21.93, 45.04,  0.00,
96,2026-02-10 14:18:45,  1.13,  0.45,  8.13,  0.00, 56.16,  0.00, 10.00,2,C0,2000,2000,0,20404,2026-02-10 14:20:09,  2.22,  0.38, 19.11,  0.00, 53.62,  1.95, 10.00,2,0,0,0,0,20404,2026-02-10 14:20:42,  0.00,  0.00, 19.92,  0.00, 53.11,  1.20, 10.00,2,0,0,0,0,20404,  7.25,  0.51, 19.92, 56.52,  6.90,  8.05, 53.11,  0.00,
97,2026-02-10 14:23:42,  1.08,  0.44,  7.98,  0.00, 56.16,  0.00, 10.00,2,C0,2000,2000,0,20404,2026-02-10 14:25:14,  7.01,  0.60, 35.74,  0.00, 43.42,  1.50,  8.60,2,0,0,0,0,20404,2026-02-10 14:25:57,  0.00,  0.00, 36.37,  0.00, 42.75,  0.00,  8.35,2,0,0,0,0,20404, 21.57,  0.63, 36.37, 56.47,  6.90,  7.98, 42.75,  0.00,
98,2026-02-10 14:40:55,  0.28,  0.16,  5.60,  0.00, 56.42,  2.10, 10.00,2,C0,2000,2000,0,20404,2026-02-10 14:41:02,  0.50,  0.29,  5.60,  0.00, 56.45,  2.10, 10.00,2,C0,2000,2000,0,20404,2026-02-10 14:41:39,  0.32,  0.08, 13.77,  0.00, 55.36,  2.55, 10.00,2,40,2000,0,0,20404,  1.61,  0.29, 13.77, 56.62,  6.90,  5.52, 55.36,  0.00,
99,2026-02-11 08:32:08,  1.08,  0.52,  6.83,  0.00, 56.30,  0.00, 10.00,2,C0,2000,2000,0,20404,2026-02-11 08:33:47,  4.44,  0.39, 35.26,  0.00, 43.85,  0.00,  8.80,2,0,0,0,0,20404,2026-02-11 08:34:02,  0.00,  0.00, 35.26,  0.00, 43.76,  0.00,  8.80,2,0,0,0,0,20404, 13.78,  0.61, 35.26, 56.59,  6.90,  6.75, 43.76,  0.00,
100,2026-02-11 08:38:59,  0.73,  0.44,  5.38,  0.00, 56.45,  0.00, 10.00,2,C0,2000,2000,0,20404,2026-02-11 08:40:39,  4.54,  0.33, 39.23,  0.00, 39.87,  0.00,  7.36,2,0,0,0,0,20404,2026-02-11 08:40:52,  0.00,  0.00, 39.23,  0.00, 39.83,  0.00,  7.36,2,0,0,0,0,20404, 13.10,  0.58, 39.23, 56.78,  6.90,  5.30, 39.83,  0.00,
101,2026-02-11 08:44:13,  0.89,  0.41,  7.12,  0.00, 56.26,  0.00, 10.00,2,C0,2000,2000,0,20404,2026-02-11 08:46:10,  6.55,  0.44, 41.26,  0.00, 37.47,  0.00,  6.66,2,0,0,0,0,20404,2026-02-11 08:46:21,  0.00,  0.00, 41.26,  0.00, 37.42,  0.00,  6.66,2,0,0,0,0,20404, 18.01,  0.68, 41.31, 56.60,  6.90,  7.12, 37.42,  0.00,
102,2026-02-11 08:49:52,  1.23,  0.54,  7.48,  0.00, 56.24,  0.00, 10.00,2,C0,2000,2000,0,20404,2026-02-11 08:51:48,  6.90,  0.54, 37.71,  0.00, 41.51,  0.00,  7.86,2,0,0,0,0,20404,2026-02-11 08:52:03,  0.00,  0.00, 37.71,  0.00, 41.45,  0.00,  7.86,2,0,0,0,0,20404, 20.46,  0.73, 38.01, 56.49,  6.90,  7.48, 41.29,  0.00,
103,2026-02-11 08:55:45,  1.98,  0.79,  8.20,  0.00, 56.14,  0.00, 10.00,2,C0,2000,2000,0,20404,2026-02-11 08:57:18,  7.77,  0.82, 31.04,  0.00, 47.19,  0.00, 10.00,2,0,0,0,0,20404,2026-02-11 08:57:38,  0.00,  0.00, 31.04,  0.00, 47.14,  0.00, 10.00,2,0,0,0,0,20404, 25.32,  0.89, 31.10, 56.51,  6.90,  8.13, 47.10,  0.00,
104,2026-02-11 09:00:31,  1.43,  0.61,  7.62,  0.00, 56.22,  0.00, 10.00,2,C0,2000,2000,0,20404,2026-02-11 09:02:08,  5.82,  0.45, 38.01,  0.00, 41.21,  0.00,  7.76,2,0,0,0,0,20404,2026-02-11 09:02:24,  0.00,  0.00, 38.06,  0.00, 41.10,  0.00,  7.75,2,0,0,0,0,20404, 17.16,  0.70, 38.06, 56.62,  6.90,  7.62, 41.10,  0.00,
105,2026-02-11 09:06:12,  1.84,  0.74,  8.13,  0.00, 56.13,  0.00, 10.00,2,C0,2000,2000,0,20404,2026-02-11 09:07:31,  6.76,  0.58, 35.63,  0.00, 43.49,  1.05,  8.65,2,0,0,0,0,20404,2026-02-11 09:07:48,  0.00,  0.00, 35.63,  0.00, 43.42,  0.00,  8.65,2,0,0,0,0,20404, 20.83,  0.80, 35.63, 56.53,  6.90,  8.13, 43.42,  0.00,
106,2026-02-11 09:12:15,  3.65,  0.20, 46.99,  0.00, 28.27,  0.00,  5.40,2,0,0,0,0,20404,2026-02-11 09:12:29,  6.05,  0.33, 47.02,  0.00, 28.21,  0.00,  5.39,2,0,0,0,0,20404,2026-02-11 09:12:56,  0.37,  0.03, 39.71,  0.00, 40.01,  0.00,  7.20,2,0,0,0,0,20404, 15.35,  0.33, 47.02, 40.01,  6.90, 39.71, 28.20,  0.00,
107,2026-02-11 09:17:44,  1.49,  0.85,  5.74,  0.00, 56.39,  0.00, 10.00,2,C0,2000,2000,0,20404,2026-02-11 09:19:24,  8.20,  0.68, 36.53,  0.00, 42.61,  0.00,  8.29,2,0,0,0,0,20404,2026-02-11 09:19:31,  0.00,  0.00, 36.69,  0.00, 42.43,  0.00,  8.23,2,0,0,0,0,20404, 25.01,  0.91, 36.69, 56.71,  6.90,  5.74, 42.43,  0.00,
108,2026-02-11 09:49:17,  7.69,  0.84, 29.91,  0.00, 47.96,  1.05, 10.00,2,0,0,0,0,20404,2026-02-11 09:49:20,  8.95,  0.98, 29.91,  0.00, 47.96,  0.00, 10.00,2,0,0,0,0,20404,2026-02-11 09:51:59,  0.35,  0.05, 23.12,  0.00, 51.70,  1.35, 10.00,2,0,0,0,0,20404, 29.17,  0.98, 29.91, 52.01,  6.90, 22.79, 47.96,  0.00,
109,2026-02-11 09:59:42,  4.91,  0.99, 16.22,  0.00, 54.39,  0.00, 10.00,2,0,0,0,0,20404,2026-02-11 10:01:27,  5.98,  0.90, 21.60,  0.00, 52.47,  1.50, 10.00,2,0,0,0,0,20404,2026-02-11 10:01:52,  0.00,  0.00, 21.53,  0.00, 52.43,  1.20, 10.00,2,0,0,0,0,20404, 19.51,  1.08, 21.87, 54.74,  6.90, 16.22, 52.40,  0.00,
110,2026-02-11 10:04:45,  0.76,  0.43,  5.81,  0.00, 56.40,  1.35, 10.00,2,C0,2000,2000,0,20404,2026-02-11 10:06:28,  2.02,  0.41, 16.22,  0.00, 54.45,  1.35, 10.00,2,0,0,0,0,20404,2026-02-11 10:06:42,  0.00,  0.00, 16.29,  0.00, 54.35,  1.35, 10.00,2,0,0,0,0,20404,  6.59,  0.47, 16.29, 56.69,  6.90,  5.74, 54.35,  0.00,
111,2026-02-11 10:09:43,  1.73,  0.73,  7.69,  0.00, 56.23,  1.65, 10.00,2,C0,2000,2000,0,20404,2026-02-11 10:11:21,  6.93,  0.52, 38.94,  0.00, 40.19,  1.65,  7.45,2,0,0,0,0,20404,2026-02-11 10:11:35,  0.00,  0.00, 38.94,  0.00, 40.14,  1.80,  7.45,2,0,0,0,0,20404, 20.10,  0.73, 38.94, 56.50,  6.90,  7.69, 40.14,  0.00,
112,2026-02-11 10:15:54,  1.94,  1.18,  5.38,  0.00, 56.44,  0.00, 10.00,2,C0,2000,2000,0,20404,2026-02-11 10:17:51, 13.95,  1.00, 39.75,  0.00, 39.28,  1.80,  7.18,2,0,0,0,0,20404,2026-02-11 10:18:00,  0.00,  0.00, 39.75,  0.00, 39.22,  1.80,  7.18,2,0,0,0,0,20404, 39.83,  1.24, 40.22, 56.65,  6.90,  5.38, 38.84,  0.00,
113,2026-02-11 10:22:41,  3.89,  1.23, 10.35,  0.00, 55.74,  0.00, 10.00,2,40,2000,0,0,20404,2026-02-11 10:25:12, 26.30,  1.29, 49.12,  0.00, 23.05,  1.35,  4.91,2,10,1000,0,0,20404,2026-02-11 10:25:23,  0.08,  0.00, 49.23,  0.00, 22.66,  1.20,  4.88,2,10,1000,0,0,20404, 63.38,  1.37, 49.23, 56.31,  6.90, 10.28, 22.66,  0.00,
114,2026-02-11 10:29:28,  0.85,  0.49,  5.60,  0.00, 56.44,  1.20, 10.00,2,C0,2000,2000,0,20404,2026-02-11 10:31:02,  4.47,  0.33, 39.13,  0.00, 40.00,  0.00,  7.39,2,0,0,0,0,20404,2026-02-11 10:31:16,  0.00,  0.00, 39.09,  0.00, 39.99,  0.00,  7.40,2,0,0,0,0,20404, 12.92,  0.55, 39.13, 56.78,  6.90,  5.60, 39.93,  0.00,
115,2026-02-11 10:34:38,  1.34,  0.61,  7.19,  0.00, 56.26,  0.00, 10.00,2,C0,2000,2000,0,20404,2026-02-11 10:36:18,  8.71,  0.62, 39.99,  0.00, 39.03,  2.70,  7.10,2,0,0,0,0,20404,2026-02-11 10:36:40,  0.00,  0.00, 39.99,  0.00, 38.98,  2.55,  7.10,2,0,0,0,0,20404, 24.74,  0.88, 39.99, 56.54,  6.90,  7.19, 38.98,  0.00,
116,2026-02-11 10:40:23,  0.84,  0.44,  6.25,  0.00, 56.39,  1.35, 10.00,2,C0,2000,2000,0,20404,2026-02-11 10:42:10,  2.69,  0.44, 20.12,  0.00, 53.11,  0.00, 10.00,2,0,0,0,0,20404,2026-02-11 10:42:24,  0.00,  0.00, 20.12,  0.00, 53.03,  0.00, 10.00,2,0,0,0,0,20404,  8.78,  0.51, 20.46, 56.70,  6.90,  6.25, 53.03,  0.00,
117,2026-02-11 10:47:06,  0.61,  0.37,  5.30,  0.00, 56.45,  1.50, 10.00,2,C0,2000,2000,0,20404,2026-02-11 10:49:02,  2.08,  0.34, 19.85,  0.00, 53.22,  0.00, 10.00,2,0,0,0,0,20404,2026-02-11 10:49:18,  0.00,  0.00, 20.60,  0.00, 52.85,  1.35, 10.00,2,0,0,0,0,20404,  6.78,  0.54, 20.60, 56.90,  6.90,  5.23, 52.85,  0.00,
118,2026-02-11 10:53:48,  1.22,  0.82,  4.87,  0.00, 56.48,  0.00, 10.00,2,C0,2000,2000,0,20404,2026-02-11 10:55:27,  7.42,  0.71, 33.45,  0.00, 45.35,  1.80,  9.61,2,0,0,0,0,20404,2026-02-11 10:55:36,  0.00,  0.00, 33.73,  0.00, 45.08,  1.95,  9.48,2,0,0,0,0,20404, 23.86,  0.94, 33.73, 56.82,  6.90,  4.80, 45.08,  0.00,
119,2026-02-11 10:57:57,  2.73,  1.10,  8.05,  0.00, 56.18,  0.00, 10.00,2,C0,2000,2000,0,20404,2026-02-11 10:59:15,  9.20,  0.93, 32.26,  0.00, 46.43,  1.65, 10.00,2,0,0,0,0,20404,2026-02-11 10:59:48,  0.00,  0.00, 31.74,  0.00, 46.64,  1.20, 10.00,2,0,0,0,0,20404, 29.99,  1.10, 32.37, 56.47,  6.90,  8.05, 46.31,  0.00,
120,2026-02-11 13:18:03,  0.64,  0.37,  5.60,  0.00, 56.42,  2.40, 10.00,2,C0,2000,2000,0,20404,2026-02-11 13:19:36,  5.44,  0.63, 28.15,  0.00, 49.10,  3.15, 10.00,2,0,0,0,0,20404,2026-02-11 13:19:45,  0.00,  0.00, 28.21,  0.00, 49.00,  3.15, 10.00,2,0,0,0,0,20404, 17.73,  0.70, 28.52, 56.83,  6.90,  5.52, 49.00,  0.00,
121,2026-02-11 13:23:30,  1.72,  0.91,  6.17,  0.00, 56.34,  1.20, 10.00,2,C0,2000,2000,0,20404,2026-02-11 13:24:57,  3.83,  0.84, 14.82,  0.00, 54.82,  1.35, 10.00,2,0,0,0,0,20404,2026-02-11 13:25:44,  0.00,  0.00, 15.24,  0.00, 54.63,  1.35, 10.00,2,0,0,0,0,20404, 12.49,  1.02, 15.59, 56.67,  6.90,  6.17, 54.63,  0.00,
122,2026-02-11 13:30:06,  6.48,  0.47, 39.71,  0.00, 39.33,  1.65,  7.20,2,0,0,0,0,20404,2026-02-11 13:30:10,  8.01,  0.58, 39.71,  0.00, 39.36,  1.80,  7.20,2,0,0,0,0,20404,2026-02-11 13:32:25,  0.00,  0.00, 23.18,  0.00, 51.68,  1.35, 10.00,2,0,0,0,0,20404, 22.90,  0.58, 39.75, 53.95,  6.90, 19.11, 39.28,  0.00,
123,2026-02-11 13:36:55,  4.54,  0.37, 37.00,  0.00, 42.18,  1.80,  8.10,2,0,0,0,0,20404,2026-02-11 13:37:06,  5.76,  0.47, 37.00,  0.00, 42.24,  1.80,  8.10,2,0,0,0,0,20404,2026-02-11 13:39:30,  0.00,  0.00, 20.12,  0.00, 53.02,  1.50, 10.00,2,0,0,0,0,20404, 17.27,  0.47, 37.00, 53.73,  6.90, 19.65, 42.18,  0.00,
124,2026-02-11 13:43:59,  4.48,  1.35, 10.78,  0.00, 55.69,  0.00, 10.00,2,40,2000,0,0,20404,2026-02-11 13:46:54, 25.39,  1.26, 48.81,  0.00, 23.90,  1.65,  4.98,2,10,1000,0,0,20404,2026-02-11 13:47:02,  0.00,  0.00, 49.07,  0.00, 23.12,  1.50,  4.92,2,10,1000,0,0,20404, 62.01,  1.37, 49.07, 56.31,  6.90, 10.78, 23.12,  0.00,
125,2026-02-11 13:52:05,  4.17,  0.35, 36.11,  0.00, 43.01,  2.40,  8.46,2,0,0,0,0,20404,2026-02-11 13:52:06,  4.89,  0.41, 36.11,  0.00, 43.02,  2.40,  8.46,2,0,0,0,0,20404,2026-02-11 13:54:13,  0.00,  0.00, 24.10,  0.00, 51.27,  1.20, 10.00,2,0,0,0,0,20404, 14.94,  0.41, 36.11, 51.98,  6.90, 23.64, 43.01,  0.00,
126,2026-02-11 13:57:45,  1.74,  0.73,  7.77,  0.00, 56.22,  1.95, 10.00,2,C0,2000,2000,0,20404,2026-02-11 13:59:18,  5.34,  0.50, 33.95,  0.00, 45.10,  2.25,  9.38,2,0,0,0,0,20404,2026-02-11 13:59:46,  0.00,  0.00, 33.28,  0.00, 45.46,  1.95,  9.69,2,0,0,0,0,20404, 17.09,  0.74, 34.00, 56.62,  6.90,  7.69, 45.05,  0.00,
127,2026-02-11 14:02:47,  0.81,  0.45,  5.89,  0.00, 56.39,  2.40, 10.00,2,C0,2000,2000,0,20404,2026-02-11 14:04:25,  2.80,  0.44, 20.73,  0.00, 52.87,  2.85, 10.00,2,0,0,0,0,20404,2026-02-11 14:04:39,  0.00,  0.00, 20.73,  0.00, 52.76,  1.95, 10.00,2,0,0,0,0,20404,  9.13,  0.51, 20.73, 56.76,  6.90,  5.81, 52.76,  0.00,
128,2026-02-11 14:07:37,  0.72,  0.35,  6.61,  0.00, 56.33,  1.95, 10.00,2,C0,2000,2000,0,20404,2026-02-11 14:08:53,  1.51,  0.42, 11.71,  0.00, 55.57,  1.50, 10.00,2,40,2000,0,0,20404,2026-02-11 14:09:05,  0.00,  0.00, 11.71,  0.00, 55.53,  1.65, 10.00,2,40,2000,0,0,20404,  4.93,  0.44, 11.71, 56.63,  6.90,  6.54, 55.52,  0.00,
129,2026-02-11 14:13:11,  1.11,  0.71,  5.09,  0.00, 56.50,  1.50, 10.00,2,C0,2000,2000,0,20404,2026-02-11 14:14:24,  3.04,  0.59, 16.84,  0.00, 54.24,  1.20, 10.00,2,0,0,0,0,20404,2026-02-11 14:14:38,  0.00,  0.00, 16.63,  0.00, 54.25,  1.95, 10.00,2,0,0,0,0,20404,  9.91,  0.71, 16.84, 56.77,  6.90,  5.09, 54.22,  0.00,
130,2026-02-11 14:17:39,  4.44,  1.35, 10.71,  0.00, 55.71,  1.35, 10.00,2,40,2000,0,0,20404,2026-02-11 14:20:11, 26.71,  1.28, 49.69,  0.00, 21.32,  1.80,  4.77,2,10,1000,0,0,20404,2026-02-11 14:20:23,  0.00,  0.00, 49.73,  0.00, 21.12,  2.25,  4.76,2,10,1000,0,0,20404, 63.36,  1.38, 49.73, 56.22,  6.90, 10.71, 21.12,  0.00,
131,2026-02-11 14:24:51,  4.96,  1.39, 11.64,  0.00, 55.53,  1.35, 10.00,2,40,2000,0,0,20404,2026-02-11 14:27:44, 28.15,  1.34, 49.81,  0.00, 20.92,  1.80,  4.75,2,10,1000,0,0,20404,2026-02-11 14:28:00,  0.24,  0.01, 49.87,  0.00, 20.64,  1.65,  4.73,2,10,1000,0,0,20404, 66.53,  1.39, 49.87, 56.02,  6.90, 11.57, 20.64,  0.00,
132,2026-02-11 14:34:40,  3.49,  0.86, 13.20,  0.00, 55.12,  0.00, 10.00,2,40,2000,0,0,20404,2026-02-11 14:37:09, 15.55,  0.84, 46.84,  0.00, 28.46,  1.65,  5.42,2,0,0,0,0,20404,2026-02-11 14:37:22,  0.00,  0.00, 47.47,  0.00, 27.06,  2.25,  5.29,2,0,0,0,0,20404, 39.46,  1.04, 47.47, 55.40,  6.90, 13.20, 27.06,  0.00,
133,2026-02-11 14:47:15,  5.16,  0.72, 23.18,  0.00, 51.69,  2.25, 10.00,2,0,0,0,0,20404,2026-02-11 14:47:15,  5.16,  0.72, 23.18,  0.00, 51.69,  2.25, 10.00,2,0,0,0,0,20404,2026-02-11 14:48:42,  0.25,  0.05, 17.88,  0.00, 53.84,  2.40, 10.00,2,0,0,0,0,20404, 16.81,  0.74, 23.25, 54.02,  6.90, 17.81, 51.69,  0.00,
134,2026-02-11 14:51:11,  1.23,  0.78,  5.16,  0.00, 56.47,  1.80, 10.00,2,C0,2000,2000,0,20404,2026-02-11 14:52:51,  5.67,  0.75, 24.74,  0.00, 51.03,  1.65, 10.00,2,0,0,0,0,20404,2026-02-11 14:53:11,  0.00,  0.00, 25.07,  0.00, 50.76,  1.05, 10.00,2,0,0,0,0,20404, 18.50,  0.82, 25.77, 56.75,  6.90,  5.09, 50.62,  0.00,
135,2026-02-11 14:56:36,  1.00,  0.52,  6.32,  0.00, 56.37,  2.10, 10.00,2,C0,2000,2000,0,20404,2026-02-11 14:58:04,  2.85,  0.41, 22.66,  0.00, 52.03,  3.75, 10.00,2,0,0,0,0,20404,2026-02-11 14:58:15,  0.00,  0.00, 22.59,  0.00, 51.99,  3.30, 10.00,2,0,0,0,0,20404,  9.29,  0.52, 22.66, 56.67,  6.90,  6.32, 51.98,  0.00,
136,2026-02-11 15:00:56,  3.02,  0.55, 17.88,  0.00, 53.87,  0.00, 10.00,2,0,0,0,0,20404,2026-02-11 15:02:05,  5.24,  0.73, 23.45,  0.00, 51.64,  1.80, 10.00,2,0,0,0,0,20404,2026-02-11 15:02:16,  0.00,  0.00, 23.38,  0.00, 51.57,  1.35, 10.00,2,0,0,0,0,20404, 17.08,  0.78, 23.45, 54.12,  6.90, 17.88, 51.54,  0.00,
137,2026-02-11 15:09:09,  1.44,  0.68,  6.90,  0.00, 56.29,  0.00, 10.00,2,C0,2000,2000,0,20404,2026-02-11 15:10:33,  8.94,  0.86, 33.39,  0.00, 45.56,  3.00,  9.64,2,0,0,0,0,20404,2026-02-11 15:11:07,  0.00,  0.00, 33.84,  0.00, 44.99,  2.85,  9.43,2,0,0,0,0,20404, 28.77,  0.94, 33.89, 56.61,  6.90,  6.90, 44.94,  0.00,
138,2026-02-11 15:14:26,  0.52,  0.27,  6.25,  0.00, 56.40,  0.00, 10.00,2,C0,2000,2000,0,20404,2026-02-11 15:15:35,  0.75,  0.20, 12.42,  0.00, 55.43,  3.00, 10.00,2,40,2000,0,0,20404,2026-02-11 15:15:46,  0.00,  0.00, 12.42,  0.00, 55.36,  2.85, 10.00,2,40,2000,0,0,20404,  2.45,  0.33, 12.42, 56.44,  6.90,  6.25, 55.36,  0.00,
139,2026-02-11 15:19:06,  1.22,  0.67,  5.96,  0.00, 56.41,  1.50, 10.00,2,C0,2000,2000,0,20404,2026-02-11 15:20:27,  3.12,  0.58, 17.53,  0.00, 54.02,  0.00, 10.00,2,0,0,0,0,20404,2026-02-11 15:20:41,  0.00,  0.00, 17.53,  0.00, 53.96,  0.00, 10.00,2,0,0,0,0,20404, 10.18,  0.67, 17.53, 56.65,  6.90,  5.89, 53.96,  0.00,
140,2026-02-11 15:39:56,  3.23,  0.63, 16.63,  0.00, 54.26,  0.00, 10.00,2,0,0,0,0,20404,2026-02-11 15:41:26,  7.95,  1.11, 23.32,  0.00, 51.70,  1.50, 10.00,2,0,0,0,0,20404,2026-02-11 15:41:46,  0.00,  0.00, 23.32,  0.00, 51.61,  1.20, 10.00,2,0,0,0,0,20404, 25.93,  1.22, 24.36, 54.55,  6.90, 16.63, 51.34,  0.00,
141,2026-02-12 08:16:02, 12.34,  0.65, 47.73,  0.00, 26.61,  0.00,  5.23,2,0,0,0,0,20404,2026-02-12 08:16:05, 16.13,  0.84, 47.76,  0.00, 26.59,  0.00,  5.22,2,0,0,0,0,20404,2026-02-12 08:18:58,  0.41,  0.07, 19.38,  0.00, 53.25,  0.00, 10.00,2,0,0,0,0,20404, 40.24,  0.84, 47.76, 54.19,  6.90, 18.15, 26.55,  0.00,
142,2026-02-12 08:21:59,  4.90,  0.71, 22.53,  0.00, 52.00,  0.00, 10.00,2,0,0,0,0,20404,2026-02-12 08:22:26,  7.65,  0.87, 28.70,  0.00, 48.72,  0.00, 10.00,2,0,0,0,0,20404,2026-02-12 08:22:38,  0.35,  0.04, 29.79,  0.00, 47.98,  0.00, 10.00,2,0,0,0,0,20404, 24.94,  0.94, 29.79, 52.06,  6.90, 22.46, 47.98,  0.00,
143,2026-02-12 08:24:42,  8.53,  1.56, 17.88,  0.00, 53.87,  0.00, 10.00,2,0,0,0,0,20404,2026-02-12 08:25:52, 14.48,  1.58, 29.91,  0.00, 47.97,  0.00, 10.00,2,0,0,0,0,20404,2026-02-12 08:26:11,  0.00,  0.00, 29.91,  0.00, 47.88,  0.00, 10.00,2,0,0,0,0,20404, 47.22,  1.68, 29.91, 54.10,  6.90, 17.88, 47.88,  0.00,
144,2026-02-12 08:28:11,  3.52,  0.65, 17.67,  0.00, 53.91,  0.00, 10.00,2,0,0,0,0,20404,2026-02-12 08:28:45,  4.65,  0.68, 22.20,  0.00, 52.22,  0.00, 10.00,2,0,0,0,0,20404,2026-02-12 08:29:06,  0.06,  0.01, 24.16,  0.00, 51.18,  0.00, 10.00,2,0,0,0,0,20404, 15.16,  0.79, 24.16, 54.06,  6.90, 17.60, 51.18,  0.00,
145,2026-02-12 08:35:16,  1.99,  0.53, 12.21,  0.00, 55.43,  0.00, 10.00,2,40,2000,0,0,20404,2026-02-12 08:36:35,  3.19,  0.32, 32.20,  0.00, 46.30,  0.00, 10.00,2,0,0,0,0,20404,2026-02-12 08:36:42,  0.00,  0.00, 32.20,  0.00, 46.25,  0.00, 10.00,2,0,0,0,0,20404, 10.39,  0.55, 32.20, 55.65,  6.90, 12.14, 46.25,  0.00,
146,2026-02-12 08:39:43,  2.07,  0.41, 16.29,  0.00, 54.37,  0.00, 10.00,2,0,0,0,0,20404,2026-02-12 08:40:45,  9.08,  1.00, 29.55,  0.00, 48.20,  0.00, 10.00,2,0,0,0,0,20404,2026-02-12 08:41:00,  0.07,  0.01, 29.91,  0.00, 47.89,  0.00, 10.00,2,0,0,0,0,20404, 29.60,  1.10, 29.91, 54.60,  6.90, 16.29, 47.89,  0.00,
147,2026-02-12 08:59:39,  1.48,  0.35, 13.63,  0.00, 55.13,  0.00, 10.00,2,40,2000,0,0,20404,2026-02-12 09:01:28,  3.87,  0.31, 37.15,  0.00, 42.07,  0.00,  8.05,2,0,0,0,0,20404,2026-02-12 09:01:49,  0.00,  0.00, 37.66,  0.00, 41.51,  0.00,  7.88,2,0,0,0,0,20404, 11.56,  0.36, 37.71, 55.47,  6.90, 13.55, 41.51,  0.00,
148,2026-02-12 09:02:15,  3.42,  0.27, 37.66,  0.00, 41.55,  0.00,  7.88,2,0,0,0,0,20404,2026-02-12 09:02:17,  4.43,  0.35, 37.66,  0.00, 41.57,  0.00,  7.88,2,0,0,0,0,20404,2026-02-12 09:03:47,  0.00,  0.00, 20.73,  0.00, 52.78,  0.00, 10.00,2,0,0,0,0,20404, 13.15,  0.35, 37.66, 53.37,  6.90, 20.06, 41.55,  0.00,
149,2026-02-12 09:06:54,  1.88,  0.46, 13.48,  0.00, 55.14,  0.00, 10.00,2,40,2000,0,0,20404,2026-02-12 09:08:47,  6.87,  0.53, 38.11,  0.00, 41.12,  0.00,  7.73,2,0,0,0,0,20404,2026-02-12 09:09:11,  0.10,  0.01, 38.11,  0.00, 41.04,  0.00,  7.73,2,0,0,0,0,20404, 20.25,  0.56, 38.11, 55.48,  6.90, 13.48, 41.04,  0.00,
150,2026-02-12 09:19:10,  0.36,  0.24,  4.94,  0.00, 56.51,  0.00, 10.00,2,C0,2000,2000,0,20404,2026-02-12 09:19:44,  0.50,  0.14, 11.57,  0.00, 56.11,  0.00, 10.00,2,40,2000,0,0,20404,2026-02-12 09:19:50,  0.28,  0.07, 13.13,  0.00, 55.81,  0.00, 10.00,2,40,2000,0,0,20404,  1.62,  0.26, 13.13, 56.83,  6.90,  4.94, 55.81,  0.00,
151,2026-02-12 09:24:58,  1.65,  1.14,  4.72,  0.00, 56.49,  0.00, 10.00,2,C0,2000,2000,0,20404,2026-02-12 09:26:37, 11.09,  1.76, 20.53,  0.00, 53.00,  0.00, 10.00,2,0,0,0,0,20404,2026-02-12 09:27:09,  0.00,  0.00, 20.26,  0.00, 52.94,  0.00, 10.00,2,0,0,0,0,20404, 36.15,  1.84, 20.53, 56.68,  6.90,  4.72, 52.94,  0.00,
152,2026-02-12 09:30:52,  1.11,  0.74,  4.87,  0.00, 56.46,  0.00, 10.00,2,C0,2000,2000,0,20404,2026-02-12 09:32:13, 12.30,  2.03, 19.79,  0.00, 53.18,  0.00, 10.00,2,0,0,0,0,20404,2026-02-12 09:32:27,  0.00,  0.00, 19.79,  0.00, 53.12,  0.00, 10.00,2,0,0,0,0,20404, 40.10,  2.17, 19.79, 56.75,  6.90,  4.87, 53.12,  0.00,
153,2026-02-12 09:51:05,  6.02,  0.95, 20.60,  0.00, 52.87,  0.00, 10.00,2,0,0,0,0,20404,2026-02-12 09:52:16,  8.96,  1.11, 26.28,  0.00, 50.18,  0.00, 10.00,2,0,0,0,0,20404,2026-02-12 09:52:30,  0.64,  0.08, 26.28,  0.00, 50.14,  0.00, 10.00,2,0,0,0,0,20404, 29.22,  1.25, 26.28, 53.12,  6.90, 20.39, 50.14,  0.00,
154,2026-02-12 09:56:19,  1.07,  0.26, 13.34,  0.00, 55.21,  0.00, 10.00,2,40,2000,0,0,20404,2026-02-12 09:57:40,  2.25,  0.33, 22.20,  0.00, 52.22,  0.00, 10.00,2,0,0,0,0,20404,2026-02-12 09:57:58,  0.00,  0.00, 22.20,  0.00, 52.12,  0.00, 10.00,2,0,0,0,0,20404,  7.33,  0.36, 22.20, 55.42,  6.90, 13.34, 52.12,  0.00,
155,2026-02-12 10:00:18,  0.95,  0.26, 12.00,  0.00, 55.54,  0.00, 10.00,2,40,2000,0,0,20404,2026-02-12 10:00:39,  1.63,  0.33, 16.08,  0.00, 54.70,  0.00, 10.00,2,0,0,0,0,20404,2026-02-12 10:01:28,  0.00,  0.00, 18.29,  0.00, 53.68,  0.00, 10.00,2,0,0,0,0,20404,  5.31,  0.33, 18.77, 55.75,  6.90, 12.00, 53.67,  0.00,
156,2026-02-12 10:03:34,  1.31,  0.30, 14.40,  0.00, 54.93,  0.00, 10.00,2,0,0,0,0,20404,2026-02-12 10:04:52,  1.61,  0.27, 19.79,  0.00, 53.16,  0.00, 10.00,2,0,0,0,0,20404,2026-02-12 10:05:03,  0.00,  0.00, 19.79,  0.00, 53.12,  0.00, 10.00,2,0,0,0,0,20404,  5.26,  0.30, 19.85, 55.13,  6.90, 14.40, 53.09,  0.00,
157,2026-02-12 10:12:50,  3.49,  0.90, 12.71,  0.00, 55.25,  0.00, 10.00,2,40,2000,0,0,20404,2026-02-12 10:14:51,  8.85,  1.02, 28.15,  0.00, 49.00,  0.00, 10.00,2,0,0,0,0,20404,2026-02-12 10:15:12,  0.30,  0.03, 28.27,  0.00, 48.82,  0.00, 10.00,2,0,0,0,0,20404, 28.84,  1.02, 28.27, 55.63,  6.90, 12.71, 48.82,  0.00,
158,2026-02-12 10:22:25,  3.31,  0.83, 12.92,  0.00, 55.18,  0.00, 10.00,2,40,2000,0,0,20404,2026-02-12 10:24:22,  6.58,  0.89, 24.16,  0.00, 51.32,  0.00, 10.00,2,0,0,0,0,20404,2026-02-12 10:26:10,  0.00,  0.00, 25.19,  0.00, 50.55,  0.00, 10.00,2,0,0,0,0,20404, 21.46,  1.02, 25.19, 55.52,  6.90, 12.85, 50.55,  0.00,
159,2026-02-12 10:35:13,  4.00,  0.50, 26.02,  0.00, 50.30,  0.00, 10.00,2,0,0,0,0,20404,2026-02-12 10:35:19,  4.42,  0.55, 26.02,  0.00, 50.41,  0.00, 10.00,2,0,0,0,0,20404,2026-02-12 10:37:03,  0.00,  0.00, 13.27,  0.00, 55.17,  0.00, 10.00,2,40,2000,0,0,20404, 14.42,  0.61, 26.02, 55.60,  6.90, 12.71, 50.30,  0.00,
160,2026-02-12 13:22:56,  8.21,  0.58, 39.94,141.46, 38.94,  1.05,  7.12,2,0,0,0,0,20400,2026-02-12 13:22:57,  9.54,  0.68, 39.94,141.46, 38.96,  0.00,  7.12,2,0,0,0,0,20400,2026-02-12 13:25:29,  0.00,  0.00, 12.71,167.42, 55.18,  2.25, 10.00,2,40,2000,0,0,20400, 27.13,  0.68, 39.94, 55.88,  3.00, 12.35, 38.94,  0.00,
161,2026-02-12 13:30:52, 14.53,  1.12, 38.11,141.72, 40.95,  0.00,  7.73,2,0,0,0,0,20400,2026-02-12 13:30:55, 17.32,  1.35, 37.96,141.72, 41.15,  0.00,  7.78,2,0,0,0,0,20400,2026-02-12 13:33:01,  0.00,  0.00, 14.61,165.56, 54.74,  1.20, 10.00,2,0,0,0,0,20400, 51.14,  1.35, 38.11, 55.75,  3.00, 13.41, 40.95,  0.00,
162,2026-02-12 13:36:34,  0.73,  0.38,  6.17,186.84, 56.34,  3.60, 10.00,2,C0,2000,2000,0,20400,2026-02-12 13:38:25,  2.91,  0.38, 25.00,165.12, 50.87,  3.00, 10.00,2,0,0,0,0,20400,2026-02-12 13:38:46,  0.00,  0.00, 25.00,165.12, 50.77,  3.30, 10.00,2,0,0,0,0,20400,  9.49,  0.44, 25.00, 56.59,  3.60,  6.17, 50.77,  0.00,
163,2026-02-12 13:42:49,  4.24,  0.46, 30.33,186.14, 47.61,  4.80, 10.00,2,0,0,0,0,20400,2026-02-12 13:42:53,  5.05,  0.54, 30.33,186.14, 47.67,  4.80, 10.00,2,0,0,0,0,20400,2026-02-12 13:44:46,  0.00,  0.00, 21.53,185.61, 52.40,  1.95, 10.00,2,0,0,0,0,20400, 16.46,  0.54, 30.33, 53.17,  4.95, 20.46, 47.61,  0.00,
164,2026-02-12 13:53:44,  1.51,  0.29, 17.05,193.82, 54.11,  2.40, 10.00,2,0,0,0,0,20400,2026-02-12 13:54:43,  2.69,  0.41, 21.60,185.43, 52.48,  0.00, 10.00,2,0,0,0,0,20400,2026-02-12 13:55:00,  0.00,  0.00, 22.13,185.52, 52.15,  0.00, 10.00,2,0,0,0,0,20400,  8.77,  0.49, 22.13, 54.37,  4.95, 17.05, 52.15,  0.00,
165,2026-02-12 13:59:05, 24.36,  1.25, 48.17,153.64, 25.55,  1.35,  5.13,2,0,0,0,0,20400,2026-02-12 13:59:08, 24.58,  1.26, 48.17,153.64, 25.64,  1.50,  5.13,2,0,0,0,0,20400,2026-02-12 14:02:07,  0.00,  0.00, 21.20,166.36, 52.53,  2.85, 10.00,2,0,0,0,0,20400, 60.70,  1.26, 48.17, 53.72,  4.95, 19.79, 25.55,  0.00,
166,2026-02-12 14:06:27,  1.37,  0.42, 10.64,143.31, 55.79,  1.20, 10.00,2,40,2000,0,0,20400,2026-02-12 14:08:23,  3.70,  0.44, 27.40,165.56, 49.56,  1.35, 10.00,2,0,0,0,0,20400,2026-02-12 14:08:44,  0.00,  0.00, 27.47,165.56, 49.40,  2.10, 10.00,2,0,0,0,0,20400, 12.06,  0.44, 27.47, 56.04,  4.95, 10.57, 49.40,  0.00,
167,2026-02-12 14:21:22,  1.91,  0.51, 12.14,134.48, 55.39,  2.70, 10.00,2,40,2000,0,0,20400,2026-02-12 14:23:32,  5.85,  0.66, 29.06,166.27, 48.52,  3.30, 10.00,2,0,0,0,0,20400,2026-02-12 14:24:07,  0.00,  0.00, 29.06,166.45, 48.35,  3.15, 10.00,2,0,0,0,0,20400, 19.08,  0.70, 29.13, 55.83,  4.95, 12.00, 48.31,  0.00,
168,2026-02-12 14:28:47,  1.09,  0.30, 11.71,137.22, 55.50,  1.35, 10.00,2,40,2000,0,0,20400,2026-02-12 14:31:56,  9.59,  0.48, 48.76,152.94, 24.10,  3.00,  4.99,2,10,1000,0,0,20400,2026-02-12 14:32:30,  0.00,  0.00, 48.76,152.94, 24.01,  2.70,  4.99,2,10,1000,0,0,20400, 23.32,  0.48, 48.76, 55.92,  4.95, 11.71, 24.01,  0.00,
169,2026-02-12 15:28:29,  5.57,  0.60, 30.09,123.53, 47.78,  1.95, 10.00,2,0,0,0,0,20400,2026-02-12 15:28:30,  5.78,  0.63, 30.09,123.53, 47.79,  1.80, 10.00,2,0,0,0,0,20400,2026-02-12 15:30:56,  0.00,  0.00, 28.94, 95.19, 48.55,  2.70, 10.00,2,0,0,0,0,20400, 18.84,  0.63, 30.09, 51.39,  4.95, 24.94, 47.78,  0.00,
170,2026-02-13 08:00:15,  1.93,  1.24,  5.09,183.49, 56.43,  0.00, 10.00,2,C0,2000,2000,0,20400,2026-02-13 08:02:33, 24.56,  2.05, 36.43,192.67, 42.78,  0.00,  8.33,2,0,0,0,0,20400,2026-02-13 08:03:04,  0.00,  0.00, 38.01,192.76, 41.14,  0.00,  7.76,2,0,0,0,0,20400, 74.51,  2.10, 38.01, 56.75,  4.95,  5.09, 41.14,  0.00,
171,2026-02-13 08:07:16,  4.16,  0.74, 18.22,193.55, 53.70,  0.00, 10.00,2,0,0,0,0,20400,2026-02-13 08:08:50, 24.53,  2.01, 36.79,193.38, 42.42,  0.00,  8.18,2,0,0,0,0,20400,2026-02-13 08:09:12,  0.00,  0.00, 37.40,193.38, 41.73,  0.00,  7.97,2,0,0,0,0,20400, 73.86,  2.01, 37.40, 53.95,  4.95, 18.22, 41.73,  0.00,
172,2026-02-13 08:27:23,  1.52,  0.29, 16.98,195.50, 54.17,  0.00, 10.00,2,0,0,0,0,20400,2026-02-13 08:29:38,  2.62,  0.29, 29.19,220.31, 48.43,  0.00, 10.00,2,0,0,0,0,20400,2026-02-13 08:29:55,  0.00,  0.00, 29.79,220.31, 47.97,  0.00, 10.00,2,0,0,0,0,20400,  8.53,  0.38, 29.79, 54.61,  4.95, 16.98, 47.97,  0.00,
173,2026-02-13 08:34:18,  0.69,  0.17, 12.92,195.50, 55.41,  0.00, 10.00,2,40,2000,0,0,20400,2026-02-13 08:36:06,  2.44,  0.22, 34.72,220.66, 44.33,  0.00,  9.03,2,0,0,0,0,20400,2026-02-13 08:36:43,  0.00,  0.00, 35.37,220.66, 43.64,  0.00,  8.75,2,0,0,0,0,20400,  7.64,  0.24, 35.37, 55.73,  4.95, 12.92, 43.64,  0.00,
174,2026-02-13 09:09:58,  1.70,  0.79,  6.97,202.65, 56.13,  0.00, 10.00,2,C0,2000,2000,0,20400,2026-02-13 09:11:44,  5.36,  0.82, 21.20,181.10, 52.51,  0.00, 10.00,2,0,0,0,0,20400,2026-02-13 09:12:39,  0.00,  0.00, 21.20,181.10, 52.44,  0.00, 10.00,2,0,0,0,0,20400, 17.46,  0.91, 21.20, 56.63,  4.95,  6.90, 52.44,  0.00,
175,2026-02-13 13:48:20,  2.06,  0.49, 13.70,156.82, 55.06,  0.00, 10.00,2,40,2000,0,0,20400,2026-02-13 13:50:19,  4.04,  0.72, 18.29,194.00, 53.74,  0.00, 10.00,2,0,0,0,0,20400,2026-02-13 13:50:31,  0.00,  0.00, 18.22,194.08, 53.72,  0.00, 10.00,2,0,0,0,0,20400, 13.19,  0.74, 19.04, 55.42,  4.95, 13.70, 53.68,  0.00,
176,2026-02-13 13:53:02,  1.32,  0.74,  5.81,187.73, 56.41,  0.00, 10.00,2,C0,2000,2000,0,20400,2026-02-13 13:54:02,  3.41,  0.61, 18.08,194.61, 53.88,  0.00, 10.00,2,0,0,0,0,20400,2026-02-13 13:54:21,  0.00,  0.00, 18.83,194.61, 53.53,  0.00, 10.00,2,0,0,0,0,20400, 11.12,  0.74, 18.83, 56.56,  4.95,  5.81, 53.53,  0.00,
177,2026-02-13 14:35:06, 10.91,  0.64, 43.96,216.25, 33.64,  0.00,  5.88,2,0,0,0,0,20400,2026-02-13 14:35:07, 11.06,  0.65, 44.00,216.25, 33.59,  0.00,  5.87,2,0,0,0,0,20400,2026-02-13 14:37:29,  0.00,  0.00, 10.50,227.81, 55.73,  0.00, 10.00,2,40,2000,0,0,20400, 28.56,  0.66, 44.00, 56.18,  4.95, 10.35, 33.59,  0.00,
178,2026-02-13 14:50:30, 16.24,  0.89, 46.09,217.40, 30.03,  1.05,  5.49,2,0,0,0,0,20400,2026-02-13 14:50:32, 16.66,  0.91, 46.09,217.40, 30.07,  1.05,  5.49,2,0,0,0,0,20400,2026-02-13 14:52:36,  0.00,  0.00, 18.77,241.41, 53.49,  1.80, 10.00,2,0,0,0,0,20400, 42.16,  0.91, 46.09, 54.54,  4.95, 17.12, 30.03,  0.00,
179,2026-02-14 07:51:59, 24.19,  1.30, 47.08,215.28, 28.07,  0.00,  5.38,2,0,0,0,0,20400,2026-02-14 07:52:01, 24.90,  1.34, 47.08,215.36, 28.12,  0.00,  5.38,2,0,0,0,0,20400,2026-02-14 07:54:16,  0.00,  0.00, 22.26,224.02, 52.09,  0.00, 10.00,2,0,0,0,0,20400, 63.08,  1.34, 47.08, 52.22,  4.95, 22.20, 28.07,  0.00,
180,2026-02-14 07:57:50,  7.56,  0.42, 45.27,215.98, 31.51,  0.00,  5.57,2,0,0,0,0,20400,2026-02-14 07:57:52, 10.55,  0.59, 45.23,215.98, 31.58,  0.00,  5.58,2,0,0,0,0,20400,2026-02-14 07:59:48,  0.00,  0.00, 11.85,217.92, 55.46,  0.00, 10.00,2,40,2000,0,0,20400, 26.61,  0.59, 45.27, 55.96,  4.95, 10.71, 31.51,  0.00,
181,2026-02-14 08:01:43,  1.03,  0.31, 10.93,228.17, 55.70,  0.00, 10.00,2,40,2000,0,0,20400,2026-02-14 08:03:20,  3.19,  0.33, 31.91,248.12, 46.49,  1.05, 10.00,2,0,0,0,0,20400,2026-02-14 08:03:28,  0.00,  0.00, 31.91,248.12, 46.43,  0.00, 10.00,2,0,0,0,0,20400, 10.41,  0.39, 31.97, 56.02,  4.95, 10.86, 46.43,  0.00,
182,2026-02-14 08:07:15,  4.84,  1.10, 14.33,230.20, 54.87,  0.00, 10.00,2,40,2000,0,0,20400,2026-02-14 08:08:40, 11.69,  1.04, 35.10,226.93, 43.99,  0.00,  8.86,2,0,0,0,0,20400,2026-02-14 08:09:53,  0.00,  0.00, 35.26,226.93, 43.72,  0.00,  8.80,2,0,0,0,0,20400, 36.36,  1.17, 35.26, 55.12,  4.95, 14.33, 43.72,  0.00,
183,2026-02-14 08:18:28,  1.32,  0.25, 16.98,203.80, 54.19,  0.00, 10.00,2,0,0,0,0,20400,2026-02-14 08:20:08,  2.10,  0.30, 22.53,176.51, 52.06,  0.00, 10.00,2,0,0,0,0,20400,2026-02-14 08:20:18,  0.00,  0.00, 22.53,176.51, 51.96,  0.00, 10.00,2,0,0,0,0,20400,  6.84,  0.32, 22.53, 54.48,  4.95, 16.98, 51.96,  0.00,
184,2026-02-14 08:24:41,  0.79,  0.31,  8.41,197.26, 56.09,  0.00, 10.00,2,C0,2000,2000,0,20400,2026-02-14 08:26:15,  2.19,  0.30, 24.16,180.49, 51.30,  0.00, 10.00,2,0,0,0,0,20400,2026-02-14 08:26:30,  0.00,  0.00, 24.81,180.49, 50.86,  0.00, 10.00,2,0,0,0,0,20400,  7.15,  0.32, 24.87, 56.39,  4.95,  8.41, 50.82,  0.00,
185,2026-02-14 08:52:12,  7.91,  0.43, 47.11,153.64, 28.04,  0.00,  5.37,2,0,0,0,0,20400,2026-02-14 08:52:14,  8.33,  0.45, 47.11,153.64, 28.09,  0.00,  5.37,2,0,0,0,0,20400,2026-02-14 08:55:10,  0.00,  0.00,  7.12,187.02, 56.23,  0.00, 10.00,2,C0,2000,2000,0,20400, 21.10,  0.50, 47.14, 56.85,  4.95,  7.04, 28.04,  0.00,
186,2026-02-14 09:21:57,  0.91,  0.40,  7.40,135.01, 56.18,  0.00, 10.00,2,C0,2000,2000,0,20400,2026-02-14 09:24:16,  8.80,  0.52, 44.00,162.30, 33.53,  0.00,  5.87,2,0,0,0,0,20400,2026-02-14 09:24:29,  0.00,  0.00, 44.00,161.94, 33.48,  0.00,  5.87,2,0,0,0,0,20400, 22.71,  0.57, 44.04, 56.53,  4.95,  7.33, 33.43,  0.00,
187,2026-02-14 09:28:02, 10.14,  0.86, 36.11,162.65, 42.95,  0.00,  8.46,2,0,0,0,0,20400,2026-02-14 09:29:02, 18.11,  1.01, 45.48,162.65, 31.13,  0.00,  5.55,2,0,0,0,0,20400,2026-02-14 09:29:23,  0.00,  0.00, 45.37,162.65, 31.21,  0.00,  5.56,2,0,0,0,0,20400, 45.74,  1.03, 45.62, 43.88,  4.95, 35.31, 30.87,  0.00,
188,2026-02-14 10:06:40, 19.47,  1.06, 46.81,153.55, 28.60,  0.00,  5.42,2,0,0,0,0,20400,2026-02-14 10:06:40, 19.47,  1.06, 46.81,153.55, 28.60,  0.00,  5.42,2,0,0,0,0,20400,2026-02-14 10:09:03,  0.00,  0.00, 14.68,174.66, 54.76,  1.35, 10.00,2,0,0,0,0,20400, 49.38,  1.06, 46.81, 55.05,  4.95, 14.68, 28.60,  0.00,
189,2026-02-14 10:28:26,  0.57,  0.22,  8.41,205.83, 55.90,  1.05, 10.00,2,C0,2000,2000,0,20400,2026-02-14 10:29:50,  1.99,  0.33, 19.38,226.75, 53.26,  0.00, 10.00,2,0,0,0,0,20400,2026-02-14 10:30:27,  0.00,  0.00, 19.31,226.84, 53.24,  0.00, 10.00,2,0,0,0,0,20400,  6.47,  0.38, 19.51, 56.36,  4.95,  8.34, 53.24,  0.00,
190,2026-02-19 08:16:50,  2.26,  0.50, 14.82,175.01, 54.77,  0.00, 10.00,2,0,0,0,0,20400,2026-02-19 08:20:12,  8.93,  0.60, 41.22,213.16, 37.50,  0.00,  6.67,2,0,0,0,0,20400,2026-02-19 08:20:23,  0.00,  0.00, 41.26,213.16, 37.38,  0.00,  6.66,2,0,0,0,0,20400, 24.56,  0.61, 41.26, 55.23,  4.95, 14.82, 37.38,  0.00,
191,2026-02-19 08:31:13,  1.94,  0.34, 18.77,179.34, 53.52,  0.00, 10.00,2,0,0,0,0,20400,2026-02-19 08:34:37, 12.33,  0.70, 44.76,148.96, 32.42,  0.00,  5.66,2,0,0,0,0,20400,2026-02-19 08:34:52,  0.00,  0.00, 44.87,148.96, 32.19,  0.00,  5.64,2,0,0,0,0,20400, 31.25,  0.70, 45.51, 54.25,  4.95, 18.77, 31.25,  0.00,
192,2026-02-21 08:36:55,  0.95,  0.48,  6.39,133.33, 56.33,  0.00, 10.00,2,C0,2000,2000,0,20400,2026-02-21 08:38:59,  8.58,  0.58, 41.08,142.16, 37.64,  0.00,  6.72,2,0,0,0,0,20400,2026-02-21 08:39:07,  0.00,  0.00, 41.74,142.16, 36.76,  0.00,  6.49,2,0,0,0,0,20400, 23.70,  0.58, 41.74, 56.63,  4.95,  6.32, 36.76,  0.00,
193,2026-02-21 10:05:31,  2.07,  0.38, 17.94,164.24, 53.83,  4.50, 10.00,2,0,0,0,0,20400,2026-02-21 10:05:31,  2.07,  0.38, 17.94,164.24, 53.83,  4.50, 10.00,2,0,0,0,0,20400,2026-02-21 10:07:33,  0.00,  0.00, 10.57,145.96, 55.72,  0.00, 10.00,2,40,2000,0,0,20400,  6.74,  0.38, 17.94, 56.23,  4.95,  9.42, 53.83,  0.00,
194,2026-02-21 11:03:55,  0.88,  0.31,  9.21,134.22, 56.09,  3.75, 10.00,2,C0,2000,2000,0,20400,2026-02-21 11:05:45,  4.90,  0.31, 42.47,138.98, 35.96,  4.50,  6.27,2,0,0,0,0,20400,2026-02-21 11:05:57,  0.00,  0.00, 42.97,138.98, 35.20,  3.45,  6.14,2,0,0,0,0,20400, 13.06,  0.34, 42.97, 56.44,  8.10,  9.21, 35.20,  0.00,
195,2026-02-21 11:09:58,  3.76,  1.23, 10.00,158.23, 55.82,  3.45, 10.00,2,C0,2000,2000,0,20400,2026-02-21 11:11:39, 35.41,  2.03, 44.50,151.79, 32.86,  2.10,  5.73,2,0,0,0,0,20400,2026-02-21 11:11:53,  0.00,  0.00, 45.37,151.79, 31.29,  1.95,  5.56,2,0,0,0,0,20400, 90.76,  2.10, 45.37, 56.06,  8.10,  9.85, 31.29,  0.00,
196,2026-02-23 10:17:39,  3.03,  0.84, 11.78, 50.07, 55.49,  2.10, 10.00,2,40,2000,0,0,20400,2026-02-23 10:19:13,  9.94,  0.82, 36.53, 35.14, 42.59,  1.80,  8.29,2,0,0,0,0,20400,2026-02-23 10:19:31,  0.00,  0.00, 37.25, 35.14, 41.80,  2.85,  8.02,2,0,0,0,0,20400, 30.08,  0.84, 37.25, 55.73,  8.10, 11.71, 41.80,  0.00,
197,2026-02-23 10:22:40,  4.10,  0.61, 21.87, 60.57, 52.31,  1.20, 10.00,2,0,0,0,0,20400,2026-02-23 10:24:16,  8.11,  0.61, 38.84, 35.67, 40.33,  1.65,  7.49,2,0,0,0,0,20400,2026-02-23 10:24:32,  0.00,  0.00, 38.55, 35.58, 40.55,  1.80,  7.58,2,0,0,0,0,20400, 23.59,  0.63, 38.89, 52.88,  8.10, 21.80, 40.27,  0.00,
198,2026-02-23 10:27:36,  5.72,  1.05, 17.74, 53.77, 53.81,  1.80, 10.00,2,0,0,0,0,20400,2026-02-23 10:29:13, 10.64,  0.99, 34.12, 34.97, 44.72,  0.00,  9.31,2,0,0,0,0,20400,2026-02-23 10:29:26,  0.00,  0.00, 34.12, 34.97, 44.67,  0.00,  9.31,2,0,0,0,0,20400, 33.79,  1.05, 34.12, 54.12,  8.10, 17.74, 44.67,  0.00,
199,2026-02-23 10:35:32,  5.59,  0.88, 20.60, 62.08, 52.85,  2.40, 10.00,2,0,0,0,0,20400,2026-02-23 10:37:15,  9.89,  0.84, 36.06, 35.67, 43.06,  1.95,  8.48,2,0,0,0,0,20400,2026-02-23 10:37:35,  0.00,  0.00, 35.85, 35.50, 43.18,  2.25,  8.56,2,0,0,0,0,20400, 30.24,  0.90, 36.11, 53.24,  8.10, 20.60, 43.01,  0.00,
200,2026-02-23 13:14:38,  9.08,  0.70, 38.11, 35.50, 41.05,  3.00,  7.73,2,0,0,0,0,20400,2026-02-23 13:14:40,  9.77,  0.76, 38.11, 35.50, 41.09,  3.00,  7.73,2,0,0,0,0,20400,2026-02-23 13:16:15,  0.00,  0.00, 38.11, 22.52, 41.02,  3.45,  7.73,2,0,0,0,0,20400, 28.78,  0.76, 38.16, 41.54,  8.10, 38.11, 41.02,  0.00,
201,2026-02-23 14:13:47,  5.69,  0.93, 19.85, 41.15, 53.06,  1.80, 10.00,2,0,0,0,0,20400,2026-02-23 14:14:50,  9.71,  0.83, 35.95, 36.29, 43.10,  1.95,  8.52,2,0,0,0,0,20400,2026-02-23 14:15:01,  0.00,  0.00, 35.95, 36.20, 43.06,  2.40,  8.52,2,0,0,0,0,20400, 29.74,  0.94, 35.95, 53.27,  8.10, 19.85, 43.06,  0.00,
202,2026-02-23 14:18:15,  6.59,  0.82, 26.21, 51.83, 50.07,  2.55, 10.00,2,0,0,0,0,20400,2026-02-23 14:20:08,  9.79,  0.82, 36.22, 36.73, 42.85,  1.65,  8.41,2,0,0,0,0,20400,2026-02-23 14:20:17,  0.00,  0.00, 36.22, 36.64, 42.80,  1.35,  8.41,2,0,0,0,0,20400, 29.83,  0.93, 36.22, 50.41,  8.10, 26.15, 42.80,  0.00,
203,2026-02-23 14:23:06,  5.80,  1.26, 14.96, 36.82, 54.74,  2.85, 10.00,2,0,0,0,0,20400,2026-02-23 14:23:48,  8.05,  1.22, 21.47, 34.97, 52.50,  2.70, 10.00,2,0,0,0,0,20400,2026-02-23 14:24:01,  0.00,  0.00, 21.47, 34.88, 52.44,  2.55, 10.00,2,0,0,0,0,20400, 26.23,  1.26, 21.47, 54.95,  8.10, 14.96, 52.44,  0.00,
204,2026-02-23 14:30:08,  3.42,  1.12,  9.92, 37.35, 55.90,  2.85, 10.00,2,C0,2000,2000,0,20400,2026-02-23 14:31:12, 10.75,  1.15, 30.56, 35.14, 47.50,  2.40, 10.00,2,0,0,0,0,20400,2026-02-23 14:31:19,  0.00,  0.00, 30.56, 35.06, 47.44,  2.40, 10.00,2,0,0,0,0,20400, 35.03,  1.16, 30.68, 56.06,  8.10,  9.92, 47.42,  0.00,
205,2026-02-23 15:19:27,  3.63,  0.22, 43.25, 38.06, 34.71,  3.90,  6.07,2,0,0,0,0,20400,2026-02-23 15:19:28,  4.25,  0.26, 43.25, 37.97, 34.73,  3.90,  6.07,2,0,0,0,0,20400,2026-02-23 15:21:06,  0.00,  0.00, 15.94, 34.08, 54.42,  3.75, 10.00,2,0,0,0,0,20400, 11.16,  0.28, 43.25, 54.79,  8.10, 15.87, 34.71,  0.00,
206,2026-02-24 07:52:09, 25.17,  1.48, 44.00, 27.90, 33.62,  0.00,  5.87,2,0,0,0,0,20400,2026-02-24 07:52:14, 29.05,  1.72, 43.81, 27.90, 33.96,  0.00,  5.92,2,0,0,0,0,20400,2026-02-24 07:54:08,  0.00,  0.00, 22.59, 34.35, 51.97,  0.00, 10.00,2,0,0,0,0,20400, 75.31,  1.72, 44.00, 52.06,  8.10, 22.59, 33.62,  0.00,
207,2026-02-24 08:01:15,  6.72,  0.39, 43.96, 27.37, 33.65,  0.00,  5.88,2,0,0,0,0,20400,2026-02-24 08:02:07, 28.29,  1.66, 43.96, 27.37, 33.71,  0.00,  5.88,2,0,0,0,0,20400,2026-02-24 08:03:36,  0.00,  0.00, 22.72, 34.44, 51.92,  0.00, 10.00,2,0,0,0,0,20400, 73.08,  1.66, 43.96, 52.25,  8.10, 22.40, 33.64,  0.00,
208,2026-02-24 08:06:30,  8.10,  0.46, 44.57, 28.17, 32.72,  0.00,  5.71,2,0,0,0,0,20400,2026-02-24 08:06:32,  9.90,  0.57, 44.57, 28.17, 32.74,  0.00,  5.71,2,0,0,0,0,20400,2026-02-24 08:08:21,  0.00,  0.00, 13.77, 34.88, 55.06,  1.05, 10.00,2,40,2000,0,0,20400, 25.20,  0.57, 44.57, 55.20,  8.10, 13.77, 32.72,  0.00,
209,2026-02-24 08:38:18,  6.59,  0.50, 38.50, 36.47, 40.61,  0.00,  7.60,2,0,0,0,0,20400,2026-02-24 08:38:19,  7.92,  0.60, 38.45, 36.47, 40.68,  0.00,  7.62,2,0,0,0,0,20400,2026-02-24 08:41:04,  0.00,  0.00, 38.50, 22.52, 40.56,  0.00,  7.60,2,0,0,0,0,20400, 23.20,  0.60, 38.50, 41.24,  8.10, 38.45, 40.56,  0.00,
210,2026-02-24 08:44:39,  4.44,  0.44, 32.77, 34.97, 45.80,  0.00,  9.92,2,0,0,0,0,20400,2026-02-24 08:46:11,  4.66,  0.37, 37.35, 22.52, 41.77,  0.00,  7.98,2,0,0,0,0,20400,2026-02-24 08:46:34,  0.00,  0.00, 37.40, 22.52, 41.68,  0.00,  7.97,2,0,0,0,0,20400, 14.68,  0.45, 37.40, 46.34,  8.10, 32.77, 41.68,  0.00,
211,2026-02-24 13:50:06,  2.92,  0.37, 25.58,333.95, 50.56,  2.55, 10.00,2,0,0,0,0,20400,2026-02-24 13:50:08,  3.07,  0.39, 25.58,333.95, 50.62,  2.40, 10.00,2,0,0,0,0,20400,2026-02-24 13:51:52,  0.00,  0.00, 15.24,349.14, 54.65,  1.35, 10.00,2,0,0,0,0,20400, 10.00,  0.42, 25.58, 55.07,  8.10, 15.24, 50.56,  0.00,
212,2026-02-24 14:26:23,  2.47,  1.24,  6.46,359.91, 56.34,  2.85, 10.00,2,C0,2000,2000,0,20400,2026-02-24 14:29:02, 29.66,  3.04, 31.85,336.51, 46.76,  0.00, 10.00,2,0,0,0,0,20400,2026-02-24 14:29:37,  0.00,  0.00, 31.10,336.34, 47.09,  0.00, 10.00,2,0,0,0,0,20400, 96.71,  3.10, 31.91, 56.71,  8.10,  6.46, 46.64,  0.00,
213,2026-02-24 14:33:13,  2.91,  1.40,  6.75,359.91, 56.34,  1.65, 10.00,2,C0,2000,2000,0,20400,2026-02-24 14:35:21, 16.67,  1.66, 32.66,335.10, 45.98,  0.00,  9.97,2,0,0,0,0,20400,2026-02-24 14:35:39,  0.00,  0.00, 31.74,335.10, 46.62,  0.00, 10.00,2,0,0,0,0,20400, 54.28,  1.67, 32.71, 56.76,  8.10,  6.75, 45.94,  0.00,
214,2026-02-24 14:38:37,  1.58,  0.76,  6.83,  0.00, 56.30,  1.80, 10.00,2,C0,2000,2000,0,20404,2026-02-24 14:40:30, 18.85,  1.60, 36.06, 39.29, 43.16,  0.00,  8.48,2,0,0,0,0,20400,2026-02-24 14:40:55,  0.00,  0.00, 36.06, 39.29, 43.02,  0.00,  8.48,2,0,0,0,0,20400, 57.61,  1.67, 36.06, 56.93,  8.10,  6.75, 43.02,  0.00,
215,2026-02-24 14:44:57,  2.43,  1.15,  6.90,  0.00, 56.29,  1.35, 10.00,2,C0,2000,2000,0,20404,2026-02-24 14:46:14, 16.22,  2.77, 19.11,353.38, 53.53,  1.20, 10.00,2,0,0,0,0,20400,2026-02-24 14:46:34,  0.00,  0.00, 19.31,353.20, 53.30,  0.00, 10.00,2,0,0,0,0,20400, 52.86,  2.81, 19.31, 56.60,  8.10,  6.90, 53.30,  0.00,
216,2026-02-24 14:49:24,  2.64,  1.22,  7.04,359.38, 56.27,  1.50, 10.00,2,C0,2000,2000,0,20400,2026-02-24 14:50:36, 18.99,  2.62, 23.64,351.61, 51.58,  1.65, 10.00,2,0,0,0,0,20400,2026-02-24 14:50:55,  0.00,  0.00, 23.64,351.52, 51.47,  1.35, 10.00,2,0,0,0,0,20400, 61.91,  2.63, 24.16, 56.67,  8.10,  7.04, 51.42,  0.00,
217,2026-02-24 14:53:32,  0.85,  0.40,  6.97,  0.00, 56.28,  1.05, 10.00,2,C0,2000,2000,0,20404,2026-02-24 14:55:54, 21.66,  1.56, 39.75,337.75, 39.29,  0.00,  7.18,2,0,0,0,0,20400,2026-02-24 14:56:05,  0.00,  0.00, 39.75,337.66, 39.24,  0.00,  7.18,2,0,0,0,0,20400, 61.85,  1.64, 39.80, 56.77,  8.10,  6.97, 39.24,  0.00,
218,2026-02-24 14:59:34,  2.61,  1.26,  6.75,359.91, 56.32,  2.10, 10.00,2,C0,2000,2000,0,20400,2026-02-24 15:00:55, 12.22,  1.37, 29.00,350.73, 48.57,  1.35, 10.00,2,0,0,0,0,20400,2026-02-24 15:01:06,  0.00,  0.00, 29.00,350.73, 48.50,  1.20, 10.00,2,0,0,0,0,20400, 39.85,  1.39, 29.00, 56.66,  8.10,  6.75, 48.50,  0.00,
219,2026-02-24 15:03:34,  1.29,  0.60,  6.97,360.00, 56.33,  1.20, 10.00,2,C0,2000,2000,0,20400,2026-02-24 15:05:12,  6.89,  0.62, 34.72,337.48, 44.32,  0.00,  9.03,2,0,0,0,0,20400,2026-02-24 15:05:30,  0.00,  0.00, 34.72,337.48, 44.24,  0.00,  9.03,2,0,0,0,0,20400, 21.61,  0.62, 34.72, 56.72,  8.10,  6.97, 44.24,  0.00,
220,2026-02-24 15:08:08,  1.10,  0.53,  6.83,360.00, 56.30,  1.35, 10.00,2,C0,2000,2000,0,20400,2026-02-24 15:09:32,  6.04,  0.82, 24.03,360.00, 51.39,  1.65, 10.00,2,0,0,0,0,20400,2026-02-24 15:09:51,  0.00,  0.00, 24.10,360.00, 51.30,  1.65, 10.00,2,0,0,0,0,20400, 19.70,  0.82, 24.10, 56.68,  8.10,  6.83, 51.30,  0.00,
221,2026-02-25 08:19:52,  1.13,  0.22, 16.49,328.30, 54.29,  0.00, 10.00,2,0,0,0,0,20400,2026-02-25 08:21:04,  4.01,  0.33, 36.89,335.28, 42.47,  0.00,  8.14,2,0,0,0,0,20400,2026-02-25 08:22:00,  0.00,  0.00, 31.45,334.57, 46.82,  0.00, 10.00,2,0,0,0,0,20400, 12.04,  0.33, 37.35, 54.74,  8.10, 16.43, 42.01,  0.00,
222,2026-02-25 08:26:10,  1.07,  0.17, 19.99,330.33, 53.08,  0.00, 10.00,2,0,0,0,0,20400,2026-02-25 08:27:14,  3.57,  0.28, 37.40,334.92, 41.79,  0.00,  7.97,2,0,0,0,0,20400,2026-02-25 08:27:27,  0.00,  0.00, 37.40,335.01, 41.74,  0.00,  7.97,2,0,0,0,0,20400, 10.65,  0.28, 37.40, 53.43,  8.10, 19.92, 41.74,  0.00,
223,2026-02-25 08:31:05,  1.43,  0.31, 14.96,329.18, 54.74,  0.00, 10.00,2,0,0,0,0,20400,2026-02-25 08:32:18,  5.13,  0.35, 40.86,336.51, 37.94,  0.00,  6.80,2,0,0,0,0,20400,2026-02-25 08:32:30,  0.00,  0.00, 41.08,336.60, 37.62,  0.00,  6.72,2,0,0,0,0,20400, 14.27,  0.36, 41.08, 55.09,  8.10, 14.89, 37.62,  0.00,
224,2026-02-25 08:36:36,  0.83,  0.19, 14.54,328.92, 54.84,  0.00, 10.00,2,0,0,0,0,20400,2026-02-25 08:37:38,  2.55,  0.20, 37.15,335.98, 42.13,  0.00,  8.05,2,0,0,0,0,20400,2026-02-25 08:37:57,  0.00,  0.00, 37.10,335.98, 42.04,  0.00,  8.07,2,0,0,0,0,20400,  7.61,  0.27, 37.15, 55.17,  8.10, 14.54, 41.99,  0.00,
225,2026-02-25 08:41:35,  5.95,  0.33, 46.13,315.50, 30.09,  1.05,  5.49,2,0,0,0,0,20400,2026-02-25 08:41:36,  6.43,  0.35, 46.13,315.50, 30.10,  1.05,  5.49,2,0,0,0,0,20400,2026-02-25 08:43:24,  0.00,  0.00, 18.29,328.65, 53.74,  0.00, 10.00,2,0,0,0,0,20400, 16.28,  0.35, 46.13, 53.89,  8.10, 18.29, 30.09,  0.00,
226,2026-02-25 08:45:45,  7.18,  1.31, 17.88,328.65, 53.99,  0.00, 10.00,2,0,0,0,0,20400,2026-02-25 08:46:52, 15.37,  1.35, 35.21,335.10, 43.97,  0.00,  8.82,2,0,0,0,0,20400,2026-02-25 08:47:09,  0.00,  0.00, 35.58,335.19, 43.56,  0.00,  8.67,2,0,0,0,0,20400, 47.70,  1.46, 35.58, 54.31,  8.10, 17.88, 43.56,  0.00,
227,2026-02-25 08:49:01,  3.17,  0.28, 35.37,335.19, 43.90,  0.00,  8.75,2,0,0,0,0,20400,2026-02-25 08:49:01,  3.17,  0.28, 35.37,335.19, 43.90,  0.00,  8.75,2,0,0,0,0,20400,2026-02-25 08:50:16,  0.00,  0.00, 18.08,329.27, 53.83,  0.00, 10.00,2,0,0,0,0,20400,  9.80,  0.30, 35.37, 54.55,  8.10, 16.91, 43.90,  0.00,
228,2026-02-25 08:51:59,  3.53,  0.53, 21.67,329.36, 52.46,  0.00, 10.00,2,0,0,0,0,20400,2026-02-25 08:52:00,  4.59,  0.69, 21.67,329.36, 52.46,  0.00, 10.00,2,0,0,0,0,20400,2026-02-25 08:52:34,  0.00,  0.00, 15.24,328.74, 54.68,  0.00, 10.00,2,0,0,0,0,20400, 14.96,  0.69, 21.67, 54.69,  8.10, 15.24, 52.46,  0.00,
229,2026-02-25 08:53:16,  4.46,  0.95, 15.31,328.74, 54.73,  0.00, 10.00,2,0,0,0,0,20400,2026-02-25 08:54:26, 11.16,  0.98, 35.31,334.92, 43.86,  0.00,  8.77,2,0,0,0,0,20400,2026-02-25 08:54:34,  0.00,  0.00, 35.53,334.92, 43.57,  0.00,  8.69,2,0,0,0,0,20400, 34.58,  1.04, 35.58, 55.03,  8.10, 15.31, 43.57,  0.00,
230,2026-02-25 08:56:49, 12.48,  1.31, 31.15,335.19, 47.07,  0.00, 10.00,2,0,0,0,0,20400,2026-02-25 08:57:24, 19.59,  1.50, 38.40,335.89, 40.81,  0.00,  7.63,2,0,0,0,0,20400,2026-02-25 08:57:55,  0.00,  0.00, 39.75,335.98, 39.23,  0.00,  7.18,2,0,0,0,0,20400, 57.42,  1.50, 39.75, 47.19,  8.10, 31.10, 39.23,  0.00,
231,2026-02-25 08:59:06,  3.13,  0.27, 35.42,335.72, 43.84,  0.00,  8.73,2,0,0,0,0,20400,2026-02-25 08:59:06,  3.13,  0.27, 35.42,335.72, 43.84,  0.00,  8.73,2,0,0,0,0,20400,2026-02-25 09:00:19,  0.00,  0.00, 16.08,328.39, 54.45,  0.00, 10.00,2,0,0,0,0,20400,  9.68,  0.27, 35.42, 55.12,  8.10, 15.17, 43.84,  0.00,
232,2026-02-25 09:02:47,  2.59,  0.41, 20.80,329.71, 52.79,  0.00, 10.00,2,0,0,0,0,20400,2026-02-25 09:02:49,  2.65,  0.42, 20.66,329.71, 52.89,  0.00, 10.00,2,0,0,0,0,20400,2026-02-25 09:03:16,  0.00,  0.00, 15.31,328.83, 54.67,  0.00, 10.00,2,0,0,0,0,20400,  8.63,  0.42, 20.80, 54.72,  8.10, 15.24, 52.79,  0.00,
233,2026-02-25 09:04:02,  3.69,  0.77, 15.52,328.48, 54.71,  0.00, 10.00,2,0,0,0,0,20400,2026-02-25 09:05:25, 10.37,  0.86, 36.48,334.57, 42.80,  0.00,  8.31,2,0,0,0,0,20400,2026-02-25 09:05:34,  0.00,  0.00, 36.37,334.66, 42.81,  0.00,  8.35,2,0,0,0,0,20400, 31.42,  0.86, 36.53, 55.09,  8.10, 15.52, 42.76,  0.00,
234,2026-02-25 09:07:21,  3.21,  0.28, 35.10,335.19, 44.05,  0.00,  8.86,2,0,0,0,0,20400,2026-02-25 09:07:23,  3.91,  0.35, 35.15,335.19, 44.07,  0.00,  8.84,2,0,0,0,0,20400,2026-02-25 09:09:18,  0.00,  0.00, 23.12,333.33, 51.82,  0.00, 10.00,2,0,0,0,0,20400, 12.14,  0.35, 35.15, 52.30,  8.10, 23.12, 44.04,  0.00,
235,2026-02-25 09:11:44,  6.20,  0.90, 22.46,332.72, 52.21,  0.00, 10.00,2,0,0,0,0,20400,2026-02-25 09:12:32, 10.80,  0.95, 35.21,334.66, 43.98,  0.00,  8.82,2,0,0,0,0,20400,2026-02-25 09:12:46,  0.00,  0.00, 35.21,334.66, 43.89,  0.00,  8.82,2,0,0,0,0,20400, 33.54,  0.98, 35.21, 52.30,  8.10, 22.46, 43.89,  0.00,
236,2026-02-25 09:14:18,  2.81,  0.25, 34.94,334.75, 44.23,  0.00,  8.93,2,0,0,0,0,20400,2026-02-25 09:14:22,  3.23,  0.29, 34.94,334.75, 44.34,  0.00,  8.93,2,0,0,0,0,20400,2026-02-25 09:15:23,  0.00,  0.00, 21.87,332.98, 52.38,  0.00, 10.00,2,0,0,0,0,20400, 10.08,  0.29, 34.94, 52.61,  8.10, 21.87, 44.23,  0.00,
237,2026-02-25 09:19:05,  0.88,  0.23, 12.56,328.21, 55.40,  1.05, 10.00,2,40,2000,0,0,20400,2026-02-25 09:20:23,  4.57,  0.32, 40.36,336.78, 38.62,  0.00,  6.97,2,0,0,0,0,20400,2026-02-25 09:20:37,  0.00,  0.00, 40.36,336.78, 38.50,  0.00,  6.97,2,0,0,0,0,20400, 12.87,  0.32, 40.40, 55.80,  8.10, 12.56, 38.50,  0.00,
238,2026-02-25 09:22:45,  3.65,  0.24, 41.57,336.78, 37.03,  1.20,  6.55,2,0,0,0,0,20400,2026-02-25 09:22:53,  5.46,  0.36, 41.61,336.78, 37.02,  0.00,  6.54,2,0,0,0,0,20400,2026-02-25 09:23:48,  0.00,  0.00, 31.27,336.78, 46.96,  0.00, 10.00,2,0,0,0,0,20400, 14.84,  0.36, 41.61, 47.09,  8.10, 31.27, 36.97,  0.00,
239,2026-02-25 09:28:25,  3.81,  0.93, 13.34,330.15, 55.18,  0.00, 10.00,2,40,2000,0,0,20400,2026-02-25 09:29:53,  5.53,  0.87, 20.66,339.69, 52.90,  0.00, 10.00,2,0,0,0,0,20400,2026-02-25 09:30:09,  0.00,  0.00, 20.93,339.69, 52.70,  0.00, 10.00,2,0,0,0,0,20400, 18.04,  0.93, 20.93, 55.52,  8.10, 13.34, 52.70,  0.00,
240,2026-02-25 09:45:29,  2.78,  0.79, 11.50,329.36, 55.57,  1.50, 10.00,2,40,2000,0,0,20400,2026-02-25 09:46:45,  8.17,  1.33, 19.99,338.28, 53.20,  1.05, 10.00,2,0,0,0,0,20400,2026-02-25 09:47:12,  0.00,  0.00, 20.93,338.54, 52.69,  0.00, 10.00,2,0,0,0,0,20400, 26.63,  1.33, 20.93, 55.86,  8.10, 11.50, 52.69,  0.00,
241,2026-02-25 09:49:43,  3.74,  1.08, 11.28,329.98, 55.62,  1.20, 10.00,2,40,2000,0,0,20400,2026-02-25 09:51:03,  6.39,  1.24, 16.84,349.32, 54.32,  0.00, 10.00,2,0,0,0,0,20400,2026-02-25 09:51:45,  0.00,  0.00, 15.66,349.32, 54.55,  0.00, 10.00,2,0,0,0,0,20400, 20.84,  1.31, 16.84, 55.99,  8.10, 11.28, 54.31,  0.00,
242,2026-02-25 09:54:15,  4.01,  1.07, 12.21,329.62, 55.44,  0.00, 10.00,2,40,2000,0,0,20400,2026-02-25 09:54:15,  4.02,  1.07, 12.21,329.62, 55.44,  0.00, 10.00,2,40,2000,0,0,20400,2026-02-25 09:55:53,  0.00,  0.00,  8.99,343.13, 56.02,  0.00, 10.00,2,C0,2000,2000,0,20400, 13.11,  1.09, 12.28, 56.29,  8.10,  8.99, 55.44,  0.00,
243,2026-02-25 09:58:04,  1.19,  0.36, 10.86,330.42, 55.70,  0.00, 10.00,2,40,2000,0,0,20400,2026-02-25 09:59:12,  1.51,  0.36, 13.84,344.55, 55.12,  0.00, 10.00,2,40,2000,0,0,20400,2026-02-25 09:59:31,  0.00,  0.00, 14.96,344.55, 54.75,  0.00, 10.00,2,0,0,0,0,20400,  4.94,  0.36, 14.96, 56.04,  8.10, 10.86, 54.75,  0.00,
244,2026-02-25 10:01:54,  2.71,  0.77, 11.43,330.15, 55.58,  0.00, 10.00,2,40,2000,0,0,20400,2026-02-25 10:03:45,  6.87,  0.93, 24.10,350.64, 51.34,  0.00, 10.00,2,0,0,0,0,20400,2026-02-25 10:03:58,  0.00,  0.00, 24.10,350.64, 51.25,  0.00, 10.00,2,0,0,0,0,20400, 22.41,  0.99, 24.87, 55.92,  8.10, 11.43, 51.07,  0.00,
245,2026-02-25 10:07:33,  3.85,  1.05, 11.92,329.71, 55.48,  0.00, 10.00,2,40,2000,0,0,20400,2026-02-25 10:09:08,  7.49,  1.26, 19.31,349.23, 53.44,  0.00, 10.00,2,0,0,0,0,20400,2026-02-25 10:09:48,  0.00,  0.00, 19.38,349.23, 53.30,  1.05, 10.00,2,0,0,0,0,20400, 24.40,  1.32, 19.38, 55.94,  8.10, 11.85, 53.30,  0.00,
246,2026-02-25 10:13:18,  0.98,  0.30, 10.64,329.98, 55.73,  0.00, 10.00,2,40,2000,0,0,20400,2026-02-25 10:14:36,  6.46,  0.68, 30.98,335.36, 47.27,  1.20, 10.00,2,0,0,0,0,20400,2026-02-25 10:15:01,  0.00,  0.00, 30.98,335.36, 47.18,  1.05, 10.00,2,0,0,0,0,20400, 21.04,  0.72, 31.10, 56.17,  8.10, 10.14, 47.18,  0.00,
247,2026-02-25 10:17:24,  1.01,  0.21, 15.73,331.04, 54.56,  0.00, 10.00,2,0,0,0,0,20400,2026-02-25 10:19:11,  3.88,  0.32, 36.69,336.78, 42.53,  1.35,  8.23,2,0,0,0,0,20400,2026-02-25 10:19:50,  0.00,  0.00, 40.40,336.78, 38.49,  1.20,  6.96,2,0,0,0,0,20400, 11.69,  0.32, 40.45, 54.83,  8.10, 15.73, 38.44,  0.00,
248,2026-02-25 10:27:54,  2.35,  0.48, 16.01,330.07, 54.44,  1.80, 10.00,2,0,0,0,0,20400,2026-02-25 10:29:06,  9.07,  1.19, 24.81,335.28, 50.99,  0.00, 10.00,2,0,0,0,0,20400,2026-02-25 10:29:14,  0.00,  0.00, 24.81,335.28, 50.93,  1.50, 10.00,2,0,0,0,0,20400, 29.56,  1.21, 24.81, 54.72,  8.10, 16.01, 50.93,  0.00,
249,2026-02-25 10:31:37,  2.51,  0.51, 16.08,330.42, 54.42,  1.20, 10.00,2,0,0,0,0,20400,2026-02-25 10:31:41,  4.81,  0.98, 16.08,330.42, 54.46,  1.20, 10.00,2,0,0,0,0,20400,2026-02-25 10:33:22,  0.02,  0.00, 14.05,344.28, 54.98,  0.00, 10.00,2,40,2000,0,0,20400, 15.68,  0.98, 16.08, 55.47,  8.10, 13.34, 54.42,  0.00,
250,2026-02-25 10:35:43,  2.26,  0.47, 15.52,330.77, 54.59,  1.35, 10.00,2,0,0,0,0,20400,2026-02-25 10:37:02,  8.92,  0.85, 33.62,337.75, 45.27,  1.80,  9.53,2,0,0,0,0,20400,2026-02-25 10:37:38,  0.00,  0.00, 34.72,337.84, 44.26,  1.35,  9.03,2,0,0,0,0,20400, 28.58,  0.86, 34.72, 54.96,  8.10, 15.52, 44.26,  0.00,
251,2026-02-25 10:39:51,  2.37,  0.50, 15.31,330.77, 54.67,  1.35, 10.00,2,0,0,0,0,20400,2026-02-25 10:40:52,  3.25,  0.55, 19.38,338.81, 53.43,  1.80, 10.00,2,0,0,0,0,20400,2026-02-25 10:41:17,  0.00,  0.00, 20.66,338.98, 52.81,  0.00, 10.00,2,0,0,0,0,20400, 10.59,  0.55, 20.66, 54.99,  8.10, 15.31, 52.81,  0.00,
252,2026-02-25 10:46:04,  3.02,  0.62, 15.94,330.86, 54.47,  1.20, 10.00,2,0,0,0,0,20400,2026-02-25 10:48:56,  4.18,  0.60, 22.72,349.40, 52.04,  0.00, 10.00,2,0,0,0,0,20400,2026-02-25 10:49:29,  0.00,  0.00, 22.72,349.23, 51.92,  0.00, 10.00,2,0,0,0,0,20400, 13.63,  0.66, 22.79, 54.87,  8.10, 15.94, 51.92,  0.00,
253,2026-02-25 10:57:32,  1.62,  0.35, 15.17,330.07, 54.69,  1.20, 10.00,2,0,0,0,0,20400,2026-02-25 10:58:51,  5.58,  0.56, 32.60,337.75, 46.05,  0.00, 10.00,2,0,0,0,0,20400,2026-02-25 10:59:10,  0.00,  0.00, 32.60,338.19, 45.99,  0.00, 10.00,2,0,0,0,0,20400, 18.19,  0.56, 32.66, 55.06,  8.10, 15.17, 45.98,  0.00,
254,2026-02-25 13:16:21,  1.27,  0.26, 15.87,330.33, 54.46,  0.00, 10.00,2,0,0,0,0,20400,2026-02-25 13:17:40, 10.97,  1.47, 24.29,333.77, 51.26,  0.00, 10.00,2,0,0,0,0,20400,2026-02-25 13:18:01,  0.00,  0.00, 24.36,333.77, 51.17,  1.50, 10.00,2,0,0,0,0,20400, 35.77,  1.52, 24.36, 54.80,  8.10, 15.80, 51.17,  0.00,
255,2026-02-25 13:42:14,  2.99,  0.23, 38.45,350.02, 40.80,  0.00,  7.62,2,0,0,0,0,20400,2026-02-25 13:42:16,  4.34,  0.33, 38.45,350.02, 40.80,  0.00,  7.62,2,0,0,0,0,20400,2026-02-25 13:44:34,  0.86,  0.11, 24.74,322.56, 51.00,  1.95, 10.00,2,0,0,0,0,20400, 13.02,  0.53, 38.45, 51.15,  8.10, 24.68, 40.80,  0.00,
256,2026-02-25 13:48:18,  6.12,  0.51, 36.32,348.79, 42.94,  0.00,  8.37,2,0,0,0,0,20400,2026-02-25 13:49:50,  9.25,  0.78, 36.22,348.79, 43.06,  0.00,  8.41,2,0,0,0,0,20400,2026-02-25 13:51:39,  1.79,  0.27, 21.93,321.24, 52.35,  1.80, 10.00,2,0,0,0,0,20400, 28.18,  0.82, 36.32, 52.47,  8.10, 21.93, 42.94,  0.00,
257,2026-02-25 13:56:51, 11.41,  0.90, 37.76,348.61, 41.52,  1.05,  7.85,2,0,0,0,0,20400,2026-02-25 13:56:56, 13.06,  1.02, 37.76,348.79, 41.53,  0.00,  7.85,2,0,0,0,0,20400,2026-02-25 13:59:10,  0.00,  0.00, 21.27,320.88, 52.57,  1.20, 10.00,2,0,0,0,0,20400, 38.69,  1.02, 37.81, 53.25,  8.10, 21.27, 41.47,  0.00,
258,2026-02-25 14:02:29,  5.13,  0.38, 39.09,350.02, 40.09,  0.00,  7.40,2,0,0,0,0,20400,2026-02-25 14:02:36,  9.09,  0.67, 39.13,350.02, 40.04,  0.00,  7.39,2,0,0,0,0,20400,2026-02-25 14:04:32,  0.00,  0.00, 22.26,321.24, 52.13,  1.80, 10.00,2,0,0,0,0,20400, 26.29,  0.67, 39.13, 52.24,  8.10, 22.20, 40.03,  0.00,
259,2026-02-25 14:07:28,  4.47,  0.34, 38.65,349.67, 40.53,  1.20,  7.55,2,0,0,0,0,20400,2026-02-25 14:07:38,  8.19,  0.62, 38.65,349.67, 40.54,  1.65,  7.55,2,0,0,0,0,20400,2026-02-25 14:09:15,  0.23,  0.03, 21.87,321.77, 52.32,  1.20, 10.00,2,0,0,0,0,20400, 24.57,  0.77, 38.65, 52.77,  8.10, 21.80, 40.53,  0.00,
260,2026-02-25 14:13:02,  4.35,  0.35, 36.94,348.08, 42.28,  1.20,  8.12,2,0,0,0,0,20400,2026-02-25 14:13:13,  5.38,  0.44, 36.79,348.26, 42.53,  1.50,  8.18,2,0,0,0,0,20400,2026-02-25 14:14:55,  0.03,  0.00, 23.38,320.62, 51.67,  3.15, 10.00,2,0,0,0,0,20400, 16.20,  0.51, 36.94, 52.33,  8.10, 23.38, 42.28,  0.00,
261,2026-02-25 14:17:38,  4.85,  0.38, 37.81,349.58, 41.41,  0.00,  7.83,2,0,0,0,0,20400,2026-02-25 14:17:45,  9.21,  0.72, 37.81,349.58, 41.41,  0.00,  7.83,2,0,0,0,0,20400,2026-02-25 14:20:16,  0.00,  0.00, 21.80,321.50, 52.40,  1.20, 10.00,2,0,0,0,0,20400, 27.26,  0.80, 37.86, 52.63,  8.10, 21.73, 41.36,  0.00,
262,2026-02-25 14:23:37,  4.00,  0.35, 35.69,347.90, 43.44,  1.50,  8.62,2,0,0,0,0,20400,2026-02-25 14:23:45,  5.00,  0.44, 35.26,348.08, 43.84,  1.35,  8.80,2,0,0,0,0,20400,2026-02-25 14:25:11,  0.00,  0.00, 21.00,320.97, 52.69,  0.00, 10.00,2,0,0,0,0,20400, 15.52,  0.51, 35.69, 53.00,  8.10, 21.00, 43.44,  0.00,
263,2026-02-25 14:29:05,  6.77,  0.65, 33.50,351.35, 45.38,  0.00,  9.59,2,0,0,0,0,20400,2026-02-25 14:29:05,  6.77,  0.65, 33.50,351.35, 45.38,  0.00,  9.59,2,0,0,0,0,20400,2026-02-25 14:30:34,  0.00,  0.00, 21.27,321.15, 52.63,  1.05, 10.00,2,0,0,0,0,20400, 21.74,  0.77, 33.50, 53.62,  8.10, 20.12, 45.38,  0.00,
264,2026-02-25 14:34:52,  6.23,  0.58, 34.23,351.26, 44.72,  0.00,  9.25,2,0,0,0,0,20400,2026-02-25 14:35:04,  7.36,  0.68, 34.28,351.26, 44.72,  0.00,  9.23,2,0,0,0,0,20400,2026-02-25 14:36:59,  0.00,  0.00, 22.33,320.97, 52.10,  2.25, 10.00,2,0,0,0,0,20400, 23.29,  0.76, 34.28, 52.36,  8.10, 22.26, 44.68,  0.00,
265,2026-02-25 15:31:45,  4.55,  0.93, 16.01,330.77, 54.45,  2.25, 10.00,2,0,0,0,0,20400,2026-02-25 15:31:46,  5.11,  1.04, 16.01,330.77, 54.46,  2.25, 10.00,2,0,0,0,0,20400,2026-02-25 15:33:24,  0.00,  0.00, 10.86,355.32, 55.71,  1.05, 10.00,2,40,2000,0,0,20400, 16.65,  1.04, 16.01, 56.11,  8.10, 10.86, 54.45,  0.00,
266,2026-02-25 15:35:20,  4.32,  0.86, 16.36,330.77, 54.34,  1.05, 10.00,2,0,0,0,0,20400,2026-02-25 15:35:25,  5.65,  1.13, 16.36,330.77, 54.47,  1.35, 10.00,2,0,0,0,0,20400,2026-02-25 15:37:05,  0.00,  0.00, 13.77,352.49, 55.07,  0.00, 10.00,2,40,2000,0,0,20400, 18.44,  1.13, 16.43, 55.49,  8.10, 13.63, 54.34,  0.00,
267,2026-02-25 15:39:07,  1.91,  0.39, 16.08,331.04, 54.48,  1.50, 10.00,2,0,0,0,0,20400,2026-02-25 15:39:07,  1.91,  0.39, 16.08,331.04, 54.48,  1.50, 10.00,2,0,0,0,0,20400,2026-02-25 15:41:00,  0.00,  0.00, 10.00,343.49, 55.87,  1.65, 10.00,2,40,2000,0,0,20400,  6.22,  0.44, 16.08, 56.16,  8.10,  9.78, 54.48,  0.00,
268,2026-02-25 16:14:51,  1.30,  0.31, 13.41,336.16, 55.09,  1.80, 10.00,2,40,2000,0,0,20400,2026-02-25 16:15:10, 10.00,  2.42, 13.48,336.25, 55.20,  2.10, 10.00,2,40,2000,0,0,20400,2026-02-25 16:16:19,  0.00,  0.00, 11.43,355.06, 55.58,  0.00, 10.00,2,40,2000,0,0,20400, 32.60,  2.42, 13.48, 55.95,  8.10, 11.07, 55.09,  0.00,
269,2026-02-25 16:23:15,  5.71,  0.80, 23.25,332.45, 51.66,  0.00, 10.00,2,0,0,0,0,20400,2026-02-25 16:23:47, 24.50,  3.43, 23.25,337.48, 52.06,  0.00, 10.00,2,0,0,0,0,20400,2026-02-25 16:24:54,  0.00,  0.00, 10.64,355.94, 55.72,  0.00, 10.00,2,40,2000,0,0,20400, 79.85,  3.43, 23.32, 56.03,  8.10, 10.64, 51.66,  0.00,
270,2026-02-26 07:53:38,  2.25,  1.46,  5.01,318.32, 56.48,  0.00, 10.00,2,C0,2000,2000,0,20400,2026-02-26 07:55:13, 19.90,  1.46, 39.33,316.64, 39.79,  0.00,  7.32,2,0,0,0,0,20400,2026-02-26 07:55:32,  0.26,  0.02, 39.23,316.64, 39.79,  0.00,  7.36,2,0,0,0,0,20400, 57.40,  1.46, 39.33, 56.73,  8.10,  5.01, 39.75,  0.00,
271,2026-02-26 08:00:36,  0.91,  0.23, 12.78,328.65, 55.31,  0.00, 10.00,2,40,2000,0,0,20400,2026-02-26 08:02:09,  2.28,  0.28, 26.78,351.43, 49.95,  0.00, 10.00,2,0,0,0,0,20400,2026-02-26 08:02:25,  0.00,  0.00, 26.59,351.52, 49.99,  0.00, 10.00,2,0,0,0,0,20400,  7.42,  0.32, 27.09, 55.64,  8.10, 12.78, 49.77,  0.00,
272,2026-02-26 08:06:40,  0.82,  0.25, 10.86,327.59, 55.75,  0.00, 10.00,2,40,2000,0,0,20400,2026-02-26 08:07:50,  1.17,  0.15, 25.07,350.02, 51.17,  0.00, 10.00,2,0,0,0,0,20400,2026-02-26 08:07:56,  0.67,  0.08, 26.28,350.02, 50.43,  0.00, 10.00,2,0,0,0,0,20400,  3.81,  0.31, 26.28, 56.14,  8.10, 10.78, 50.43,  0.00,
273,2026-02-26 08:12:15,  1.18,  0.30, 12.71,327.59, 55.32,  0.00, 10.00,2,40,2000,0,0,20400,2026-02-26 08:14:05,  3.11,  0.31, 32.88,349.76, 45.83,  0.00,  9.87,2,0,0,0,0,20400,2026-02-26 08:14:26,  0.00,  0.00, 32.88,349.76, 45.78,  0.00,  9.87,2,0,0,0,0,20400, 10.11,  0.40, 32.94, 55.92,  8.10, 12.63, 45.74,  0.00,
274,2026-02-26 08:18:29,  2.24,  0.23, 32.03,338.10, 46.44,  0.00, 10.00,2,0,0,0,0,20400,2026-02-26 08:18:35,  3.40,  0.35, 31.74,338.10, 46.67,  0.00, 10.00,2,0,0,0,0,20400,2026-02-26 08:20:19,  0.00,  0.00, 19.72,351.26, 53.18,  0.00, 10.00,2,0,0,0,0,20400, 11.08,  0.35, 32.03, 53.61,  8.10, 19.65, 46.44,  0.00,
275,2026-02-26 08:35:01,  6.15,  0.94, 21.40,332.89, 52.72,  0.00, 10.00,2,0,0,0,0,20400,2026-02-26 08:36:25,  8.07,  0.90, 29.37,350.82, 48.48,  0.00, 10.00,2,0,0,0,0,20400,2026-02-26 08:36:48,  0.00,  0.00, 29.43,350.82, 48.35,  0.00, 10.00,2,0,0,0,0,20400, 26.30,  0.95, 29.43, 53.09,  8.10, 21.40, 48.35,  0.00,
276,2026-02-26 08:38:58,  2.64,  0.30, 29.13,350.82, 48.66,  0.00, 10.00,2,0,0,0,0,20400,2026-02-26 08:38:58,  2.64,  0.30, 29.13,350.82, 48.66,  0.00, 10.00,2,0,0,0,0,20400,2026-02-26 08:40:16,  0.00,  0.00, 23.97,332.54, 51.45,  0.00, 10.00,2,0,0,0,0,20400,  8.62,  0.30, 29.13, 51.98,  8.10, 23.90, 48.66,  0.00,
277,2026-02-26 08:43:01,  4.65,  0.65, 23.51,331.83, 51.76,  0.00, 10.00,2,0,0,0,0,20400,2026-02-26 08:44:33,  7.04,  0.73, 31.33,350.55, 47.13,  0.00, 10.00,2,0,0,0,0,20400,2026-02-26 08:44:48,  0.00,  0.00, 31.39,350.55, 46.97,  0.00, 10.00,2,0,0,0,0,20400, 22.95,  0.73, 31.39, 52.14,  8.10, 23.51, 46.97,  0.00,
278,2026-02-26 08:46:38,  2.98,  0.31, 31.21,350.55, 47.20,  0.00, 10.00,2,0,0,0,0,20400,2026-02-26 08:46:38,  2.98,  0.31, 31.21,350.55, 47.20,  0.00, 10.00,2,0,0,0,0,20400,2026-02-26 08:48:01,  0.00,  0.00, 23.05,332.54, 51.86,  1.65, 10.00,2,0,0,0,0,20400,  9.71,  0.31, 31.21, 52.58,  8.10, 22.53, 47.20,  0.00,
279,2026-02-26 08:51:21,  5.80,  0.84, 22.53,331.92, 52.17,  0.00, 10.00,2,0,0,0,0,20400,2026-02-26 08:52:52,  9.81,  1.03, 30.98,350.29, 47.39,  0.00, 10.00,2,0,0,0,0,20400,2026-02-26 08:53:23,  0.00,  0.00, 30.09,350.64, 47.89,  0.00, 10.00,2,0,0,0,0,20400, 31.98,  1.10, 31.04, 52.60,  8.10, 22.53, 47.35,  0.00,
280,2026-02-26 08:58:00,  2.89,  0.31, 30.27,350.64, 47.81,  0.00, 10.00,2,0,0,0,0,20400,2026-02-26 08:58:03,  2.92,  0.31, 30.27,350.64, 47.89,  0.00, 10.00,2,0,0,0,0,20400,2026-02-26 08:59:36,  0.00,  0.00, 24.36,332.72, 51.26,  1.05, 10.00,2,0,0,0,0,20400,  9.53,  0.31, 30.33, 52.12,  8.10, 23.71, 47.77,  0.00,
281,2026-02-26 13:26:16,  6.04,  0.50, 36.37,338.01, 42.81,  3.75,  8.35,2,0,0,0,0,20400,2026-02-26 13:26:21,  6.86,  0.57, 36.37,337.92, 42.86,  4.05,  8.35,2,0,0,0,0,20400,2026-02-26 13:28:41,  0.00,  0.00, 27.22,349.76, 49.63,  1.35, 10.00,2,0,0,0,0,20400, 20.84,  0.57, 36.37, 52.81,  8.10, 22.20, 42.81,  0.00,
282,2026-02-26 13:46:10,  3.13,  1.09,  9.35,323.62, 55.96,  1.65, 10.00,2,C0,2000,2000,0,20400,2026-02-26 13:47:57, 34.45,  2.41, 40.27,318.50, 38.72,  0.00,  7.01,2,0,0,0,0,20400,2026-02-26 13:48:18,  0.00,  0.00, 40.36,318.50, 38.54,  1.05,  6.97,2,0,0,0,0,20400, 97.19,  2.41, 40.36, 56.28,  8.10,  9.28, 38.54,  0.00,
283,2026-02-26 13:50:37,  8.77,  1.12, 25.45,318.68, 50.63,  0.00, 10.00,2,0,0,0,0,20400,2026-02-26 13:51:36, 17.64,  1.15, 41.66,318.59, 36.96,  1.20,  6.52,2,0,0,0,0,20400,2026-02-26 13:51:48,  0.00,  0.00, 41.66,318.59, 36.91,  1.50,  6.52,2,0,0,0,0,20400, 47.90,  1.21, 41.83, 50.67,  8.10, 25.45, 36.74,  0.00,
284,2026-02-26 13:54:53,  6.23,  0.77, 26.21,318.68, 50.26,  1.65, 10.00,2,0,0,0,0,20400,2026-02-26 13:56:02, 14.63,  0.88, 43.33,319.12, 34.66,  1.35,  6.04,2,0,0,0,0,20400,2026-02-26 13:56:13,  0.00,  0.00, 43.33,319.12, 34.60,  1.20,  6.04,2,0,0,0,0,20400, 38.32,  0.88, 43.37, 50.33,  8.10, 26.21, 34.60,  0.00,
285,2026-02-26 15:00:04,  4.89,  1.07, 14.96,329.01, 54.75,  0.00, 10.00,2,0,0,0,0,20400,2026-02-26 15:00:13,  6.72,  1.46, 14.96,329.01, 54.78,  0.00, 10.00,2,0,0,0,0,20400,2026-02-26 15:01:43,  0.00,  0.00,  9.85,356.56, 55.86,  0.00, 10.00,2,C0,2000,2000,0,20400, 21.92,  1.46, 14.96, 56.56,  8.10,  8.63, 54.74,  0.00,
286,2026-02-27 07:44:43, 10.87,  3.26, 10.86,357.26, 55.73,  0.00, 10.00,2,40,2000,0,0,20400,2026-02-27 07:46:32, 13.50,  3.32, 13.27,334.92, 55.37,  0.00, 10.00,2,40,2000,0,0,20400,2026-02-27 07:46:57,  0.00,  0.00, 12.92,334.92, 55.27,  0.00, 10.00,2,40,2000,0,0,20400, 44.02,  3.35, 13.63, 56.71,  8.10,  6.61, 55.25,  0.00,
287,2026-02-27 07:49:35,  3.16,  1.00, 10.28,356.73, 55.82,  0.00, 10.00,2,40,2000,0,0,20400,2026-02-27 07:51:24, 11.51,  1.09, 33.84,333.16, 45.04,  0.00,  9.43,2,0,0,0,0,20400,2026-02-27 07:51:42,  0.00,  0.00, 33.73,333.16, 45.09,  0.00,  9.48,2,0,0,0,0,20400, 36.73,  1.11, 33.84, 56.27,  8.10, 10.28, 45.04,  0.00,
288,2026-02-27 07:57:25,  1.46,  0.68,  7.04,343.75, 56.27,  0.00, 10.00,2,C0,2000,2000,0,20400,2026-02-27 07:58:43,  4.04,  0.67, 19.58,351.52, 53.27,  0.00, 10.00,2,0,0,0,0,20400,2026-02-27 07:59:03,  0.00,  0.00, 19.65,351.52, 53.19,  0.00, 10.00,2,0,0,0,0,20400, 13.15,  0.70, 19.65, 56.68,  8.10,  7.04, 53.19,  0.00,
289,2026-02-27 08:03:35,  2.78,  1.01,  8.99,347.73, 55.92,  0.00, 10.00,2,C0,2000,2000,0,20400,2026-02-27 08:04:42,  8.22,  0.99, 27.16,349.67, 49.64,  0.00, 10.00,2,0,0,0,0,20400,2026-02-27 08:04:58,  0.00,  0.00, 27.47,349.67, 49.33,  0.00, 10.00,2,0,0,0,0,20400, 26.79,  1.11, 27.47, 56.32,  8.10,  8.99, 49.33,  0.00,
290,2026-02-27 08:11:28,  2.29,  0.54, 13.77,335.36, 55.07,  1.50, 10.00,2,40,2000,0,0,20400,2026-02-27 08:13:42,  5.19,  0.86, 19.72,359.91, 53.29,  0.00, 10.00,2,0,0,0,0,20400,2026-02-27 08:14:06,  0.00,  0.00, 18.97,359.91, 53.47,  0.00, 10.00,2,0,0,0,0,20400, 16.91,  0.86, 19.79, 55.56,  8.10, 13.77, 53.27,  0.00,
291,2026-02-27 08:18:50,  2.83,  0.63, 14.75,335.81, 54.82,  0.00, 10.00,2,0,0,0,0,20400,2026-02-27 08:20:37,  5.45,  0.77, 23.18,356.38, 51.82,  1.20, 10.00,2,0,0,0,0,20400,2026-02-27 08:21:01,  0.00,  0.00, 24.10,356.38, 51.32,  0.00, 10.00,2,0,0,0,0,20400, 17.77,  0.80, 24.16, 55.19,  8.10, 14.68, 51.30,  0.00,
292,2026-02-27 08:39:37,  1.58,  0.37, 13.84,335.01, 55.13,  2.40, 10.00,2,40,2000,0,0,20400,2026-02-27 08:40:54,  2.06,  0.38, 17.88,357.35, 53.98,  1.80, 10.00,2,0,0,0,0,20400,2026-02-27 08:41:22,  0.00,  0.00, 16.43,357.35, 54.33,  1.80, 10.00,2,0,0,0,0,20400,  6.72,  0.38, 17.88, 55.49,  8.10, 13.84, 53.98,  0.00,
293,2026-02-27 08:46:41,  1.03,  0.25, 13.41,335.10, 55.20,  1.65, 10.00,2,40,2000,0,0,20400,2026-02-27 08:48:03,  2.43,  0.33, 23.71,356.82, 51.66,  2.85, 10.00,2,0,0,0,0,20400,2026-02-27 08:48:37,  0.00,  0.00, 23.71,356.82, 51.51,  1.80, 10.00,2,0,0,0,0,20400,  7.92,  0.34, 23.71, 55.60,  8.10, 13.41, 51.51,  0.00,
294,2026-02-27 09:24:24,  2.89,  0.53, 17.74,336.87, 53.91,  2.55, 10.00,2,0,0,0,0,20400,2026-02-27 09:25:34,  6.28,  0.61, 33.34,333.95, 45.46,  2.25,  9.66,2,0,0,0,0,20400,2026-02-27 09:25:51,  0.00,  0.00, 33.78,333.95, 45.06,  2.40,  9.46,2,0,0,0,0,20400, 20.24,  0.61, 33.78, 54.30,  8.10, 17.67, 45.06,  0.00,
295,2026-02-27 09:27:07,  4.09,  0.39, 33.78,333.95, 45.13,  2.40,  9.46,2,0,0,0,0,20400,2026-02-27 09:27:08,  4.37,  0.41, 33.78,333.95, 45.15,  2.40,  9.46,2,0,0,0,0,20400,2026-02-27 09:29:16,  0.00,  0.00, 18.29,355.50, 53.74,  0.00, 10.00,2,0,0,0,0,20400, 13.97,  0.41, 33.78, 53.86,  8.10, 18.29, 45.13,  0.00,
296,2026-02-27 10:19:18,  1.48,  0.20, 24.49,332.72, 51.28,  1.65, 10.00,2,0,0,0,0,20400,2026-02-27 10:20:12,  2.80,  0.28, 32.54,335.10, 46.19,  1.50, 10.00,2,0,0,0,0,20400,2026-02-27 10:20:28,  0.00,  0.00, 32.71,335.10, 45.96,  0.00,  9.95,2,0,0,0,0,20400,  9.14,  0.30, 32.77, 51.48,  8.10, 24.49, 45.96,  0.00,
297,2026-02-27 13:17:04,  1.00,  0.52,  6.25,329.98, 56.34,  3.15, 10.00,2,C0,2000,2000,0,20400,2026-02-27 13:18:47,  8.50,  0.58, 40.63,315.06, 38.23,  1.80,  6.88,2,0,0,0,0,20400,2026-02-27 13:18:59,  0.00,  0.00, 40.63,315.06, 38.19,  1.65,  6.88,2,0,0,0,0,20400, 23.75,  0.64, 40.63, 56.66,  8.10,  6.17, 38.19,  0.00,
298,2026-02-27 13:22:48,  1.09,  0.64,  5.60,328.21, 56.45,  2.55, 10.00,2,C0,2000,2000,0,20400,2026-02-27 13:24:22,  8.07,  0.56, 40.54,314.97, 38.36,  1.50,  6.91,2,0,0,0,0,20400,2026-02-27 13:24:33,  0.00,  0.00, 40.54,314.97, 38.31,  1.35,  6.91,2,0,0,0,0,20400, 22.62,  0.64, 40.54, 56.75,  8.10,  5.52, 38.31,  0.00,
299,2026-02-27 13:59:29,  5.32,  0.91, 19.11,357.09, 53.44,  1.05, 10.00,2,0,0,0,0,20400,2026-02-27 14:00:19,  8.25,  1.08, 24.87,358.85, 50.98,  0.00, 10.00,2,0,0,0,0,20400,2026-02-27 14:00:35,  0.00,  0.00, 24.87,358.94, 50.92,  1.65, 10.00,2,0,0,0,0,20400, 26.90,  1.20, 24.87, 53.52,  8.10, 19.11, 50.92,  0.00,
300,2026-02-27 14:41:16,  6.73,  0.58, 35.53,313.91, 43.61,  1.80,  8.69,2,0,0,0,0,20400,2026-02-27 14:42:32,  9.99,  0.61, 43.21,319.12, 34.87,  2.10,  6.08,2,0,0,0,0,20400,2026-02-27 14:42:43,  0.00,  0.00, 43.21,319.12, 34.80,  1.65,  6.08,2,0,0,0,0,20400, 26.24,  0.69, 43.21, 43.95,  8.10, 35.37, 34.80,  0.00,
301,2026-02-28 07:43:13,  8.54,  0.84, 32.88,335.28, 45.90,  0.00,  9.87,2,0,0,0,0,20400,2026-02-28 07:43:16, 12.50,  1.23, 32.88,335.28, 45.92,  0.00,  9.87,2,0,0,0,0,20400,2026-02-28 07:45:11,  0.00,  0.00, 28.58,349.67, 48.90,  0.00, 10.00,2,0,0,0,0,20400, 40.56,  1.23, 32.88, 53.60,  8.10, 20.53, 45.90,  0.00,
302,2026-02-28 07:47:20,  2.61,  0.29, 29.49,349.67, 48.41,  0.00, 10.00,2,0,0,0,0,20400,2026-02-28 07:47:20,  2.68,  0.30, 29.49,349.67, 48.41,  0.00, 10.00,2,0,0,0,0,20400,2026-02-28 07:49:13,  0.00,  0.00, 29.67,332.54, 48.18,  0.00, 10.00,2,0,0,0,0,20400,  8.73,  0.30, 29.67, 48.87,  8.10, 29.43, 48.18,  0.00,
303,2026-02-28 07:52:22,  3.90,  0.51, 25.00,333.86, 50.93,  0.00, 10.00,2,0,0,0,0,20400,2026-02-28 07:54:05,  4.35,  0.49, 28.94,349.67, 48.65,  0.00, 10.00,2,0,0,0,0,20400,2026-02-28 07:54:24,  0.00,  0.00, 28.39,349.58, 48.94,  0.00, 10.00,2,0,0,0,0,20400, 14.17,  0.54, 29.37, 51.30,  8.10, 25.00, 48.55,  0.00,
304,2026-02-28 09:22:31,  1.80,  0.34, 17.39,340.93, 54.05,  0.00, 10.00,2,0,0,0,0,20400,2026-02-28 09:23:38,  1.89,  0.27, 22.53,348.34, 52.21,  0.00, 10.00,2,0,0,0,0,20400,2026-02-28 09:23:56,  0.00,  0.00, 22.53,348.70, 52.00,  0.00, 10.00,2,0,0,0,0,20400,  6.16,  0.34, 22.59, 54.48,  8.10, 17.39, 52.00,  0.00,
305,2026-02-28 10:24:17,  0.43,  0.23,  6.10,318.68, 56.60,  0.00, 10.00,2,C0,2000,2000,0,20400,2026-02-28 10:26:31,  5.06,  0.24, 49.56,310.91, 21.91,  0.00,  4.80,2,10,1000,0,0,20400,2026-02-28 10:27:01,  0.00,  0.00, 49.89,310.91, 20.70,  0.00,  4.73,2,10,1000,0,0,20400, 12.04,  0.24, 49.89, 56.67,  8.10,  6.10, 20.70,  0.00,
306,2026-02-28 10:43:48, 31.16,  1.47, 49.94,310.73, 20.55,  1.65,  4.71,2,10,1000,0,0,20400,2026-02-28 10:43:48, 34.41,  1.62, 49.96,310.73, 20.48,  1.50,  4.71,2,10,1000,0,0,20400,2026-02-28 10:46:07,  0.00,  0.00,  9.57,300.75, 55.99,  1.95, 10.00,2,C0,2000,2000,0,20400, 80.96,  1.62, 49.96, 56.53,  8.10,  8.34, 20.48,  0.00,
307,2026-02-28 13:13:32,  5.81,  0.57, 33.17,252.01, 45.57,  2.40,  9.74,2,0,0,0,0,20400,2026-02-28 13:13:33,  6.23,  0.61, 33.17,252.01, 45.60,  2.25,  9.74,2,0,0,0,0,20400,2026-02-28 13:15:22,  0.00,  0.00, 24.03,236.03, 51.35,  0.00, 10.00,2,0,0,0,0,20400, 20.14,  0.61, 33.17, 53.90,  8.10, 19.31, 45.57,  0.00,
308,2026-02-28 13:18:27,  9.85,  0.99, 32.43,250.51, 46.17,  1.20, 10.00,2,0,0,0,0,20400,2026-02-28 13:18:27,  9.85,  0.99, 32.43,250.51, 46.17,  1.20, 10.00,2,0,0,0,0,20400,2026-02-28 13:19:53,  0.00,  0.00, 10.21,248.30, 55.84,  1.65, 10.00,2,40,2000,0,0,20400, 32.12,  1.01, 32.43, 56.30,  8.10,  9.21, 46.17,  0.00,
309,2026-02-28 13:22:02,  6.71,  0.60, 35.04,251.83, 43.97,  1.35,  8.88,2,0,0,0,0,20400,2026-02-28 13:22:10,  8.03,  0.71, 35.04,251.83, 44.03,  1.05,  8.88,2,0,0,0,0,20400,2026-02-28 13:23:34,  0.00,  0.00, 11.14,248.21, 55.65,  1.80, 10.00,2,40,2000,0,0,20400, 25.00,  0.71, 35.04, 55.92,  8.10, 11.07, 43.97,  0.00,
310,2026-02-28 13:25:37,  9.62,  0.79, 36.84,252.01, 42.33,  3.75,  8.16,2,0,0,0,0,20400,2026-02-28 13:25:47, 16.50,  1.35, 36.84,251.92, 42.36,  4.20,  8.16,2,0,0,0,0,20400,2026-02-28 13:27:12,  0.00,  0.00, 11.28,248.48, 55.63,  2.55, 10.00,2,40,2000,0,0,20400, 49.63,  1.35, 36.84, 55.88,  8.10, 11.21, 42.33,  0.00,
311,2026-02-28 13:34:07,  4.43,  0.43, 33.50,252.80, 45.30,  2.85,  9.59,2,0,0,0,0,20400,2026-02-28 13:34:08,  5.38,  0.52, 33.50,252.80, 45.31,  2.85,  9.59,2,0,0,0,0,20400,2026-02-28 13:35:35,  0.00,  0.00, 20.86,237.88, 52.74,  2.70, 10.00,2,0,0,0,0,20400, 17.29,  0.52, 33.50, 53.10,  8.10, 20.80, 45.30,  0.00,
312,2026-02-28 13:38:34, 17.41,  1.65, 33.78,252.54, 45.06,  1.35,  9.46,2,0,0,0,0,20400,2026-02-28 13:38:43, 18.14,  1.72, 33.78,252.63, 45.15,  1.35,  9.46,2,0,0,0,0,20400,2026-02-28 13:40:44,  0.00,  0.00, 21.67,233.20, 52.36,  1.80, 10.00,2,0,0,0,0,20400, 57.95,  1.72, 33.78, 52.95,  8.10, 21.40, 45.06,  0.00,
313,2026-03-03 07:43:57,  3.74,  0.81, 15.03,235.85, 54.86,  1.65, 10.00,2,0,0,0,0,20400,2026-03-03 07:45:56, 10.46,  1.59, 21.40,213.95, 52.73,  0.00, 10.00,2,0,0,0,0,20400,2026-03-03 07:46:13,  0.00,  0.00, 21.47,213.95, 52.57,  1.05, 10.00,2,0,0,0,0,20400, 34.11,  1.67, 21.47, 55.32,  8.10, 14.96, 52.57,  0.00,
314,2026-03-03 07:50:01,  6.52,  0.96, 22.06,213.95, 52.37,  0.00, 10.00,2,0,0,0,0,20400,2026-03-03 07:50:03,  8.06,  1.19, 22.13,213.95, 52.35,  0.00, 10.00,2,0,0,0,0,20400,2026-03-03 07:51:54,  0.00,  0.00, 12.99,219.78, 55.30,  0.00, 10.00,2,40,2000,0,0,20400, 26.29,  1.19, 22.13, 55.77,  8.10, 12.71, 52.34,  0.00,
315,2026-03-03 07:54:48,  3.66,  0.88, 13.55,220.22, 55.30,  1.35, 10.00,2,40,2000,0,0,20400,2026-03-03 07:56:03,  7.70,  0.83, 30.33,224.55, 47.88,  0.00, 10.00,2,0,0,0,0,20400,2026-03-03 07:56:23,  0.00,  0.00, 30.33,224.55, 47.74,  0.00, 10.00,2,0,0,0,0,20400, 25.09,  0.88, 30.33, 55.61,  8.10, 13.48, 47.74,  0.00,
316,2026-03-03 08:04:39,  2.88,  0.30, 30.98,224.72, 47.39,  0.00, 10.00,2,0,0,0,0,20400,2026-03-03 08:06:26,  3.77,  0.20, 47.29,202.21, 27.75,  1.80,  5.33,2,0,0,0,0,20400,2026-03-03 08:06:32,  0.00,  0.00, 47.29,202.21, 27.66,  1.65,  5.33,2,0,0,0,0,20400,  9.51,  0.30, 47.32, 47.88,  8.10, 30.98, 27.59,  0.00,
317,2026-03-03 15:15:50,  1.45,  0.45, 10.57,231.35, 55.76,  0.00, 10.00,2,40,2000,0,0,20400,2026-03-03 15:17:08,  3.52,  0.54, 21.27,231.52, 52.69,  1.65, 10.00,2,0,0,0,0,20400,2026-03-03 15:17:40,  0.00,  0.00, 22.59,231.52, 52.04,  1.80, 10.00,2,0,0,0,0,20400, 11.46,  0.58, 22.66, 56.05,  8.10, 10.50, 52.04,  0.00,
318,2026-03-04 10:49:23,  5.18,  2.13,  7.91,191.96, 56.11,  1.35, 10.00,2,C0,2000,2000,0,20400,2026-03-04 10:51:06,  7.15,  2.27, 10.28,208.48, 55.84,  2.10, 10.00,2,40,2000,0,0,20400,2026-03-04 10:51:41,  0.00,  0.00, 10.21,209.18, 55.74,  2.10, 10.00,2,40,2000,0,0,20400, 23.30,  2.31, 10.43, 56.66,  8.10,  7.91, 55.73,  0.00,
319,2026-03-04 13:23:24,  2.10,  0.77,  8.85,206.80, 55.96,  1.65, 10.00,2,C0,2000,2000,0,20400,2026-03-04 13:24:29,  4.15,  0.90, 15.03,216.87, 54.63,  2.85, 10.00,2,0,0,0,0,20400,2026-03-04 13:24:43,  0.00,  0.00, 15.03,216.95, 54.57,  2.85, 10.00,2,0,0,0,0,20400, 13.52,  0.90, 15.03, 56.26,  8.10,  8.85, 54.57,  0.00,
320,2026-03-04 13:28:02,  2.09,  0.77,  8.85,206.80, 55.88,  2.85, 10.00,2,C0,2000,2000,0,20400,2026-03-04 13:29:07,  3.79,  0.89, 13.84,220.04, 54.95,  3.00, 10.00,2,40,2000,0,0,20400,2026-03-04 13:29:23,  0.00,  0.00, 13.84,219.96, 54.88,  2.55, 10.00,2,40,2000,0,0,20400, 12.34,  0.89, 13.84, 56.25,  8.10,  8.85, 54.88,  0.00,
321,2026-03-04 13:34:14,  2.58,  0.79, 10.64,206.98, 55.70,  1.65, 10.00,2,40,2000,0,0,20400,2026-03-04 13:35:32,  5.66,  0.90, 20.53,227.37, 52.77,  1.95, 10.00,2,0,0,0,0,20400,2026-03-04 13:35:46,  0.00,  0.00, 20.53,227.37, 52.72,  2.10, 10.00,2,0,0,0,0,20400, 18.46,  0.90, 20.53, 56.02,  8.10, 10.64, 52.72,  0.00,
322,2026-03-04 13:39:42,  2.86,  0.90, 10.43,207.51, 55.69,  5.85, 10.00,2,40,2000,0,0,20400,2026-03-04 13:40:52,  3.44,  0.89, 12.56,227.11, 55.24,  3.90, 10.00,2,40,2000,0,0,20400,2026-03-04 13:41:03,  0.00,  0.00, 12.49,227.28, 55.19,  3.60, 10.00,2,40,2000,0,0,20400, 11.20,  0.91, 12.63, 56.04,  8.10, 10.43, 55.17,  0.00,
323,2026-03-04 13:45:29,  2.76,  0.79, 11.35,207.24, 55.51,  1.65, 10.00,2,40,2000,0,0,20400,2026-03-04 13:47:13,  8.62,  0.85, 33.00,225.17, 45.59,  1.65,  9.82,2,0,0,0,0,20400,2026-03-04 13:47:25,  0.00,  0.00, 33.11,225.17, 45.44,  1.80,  9.77,2,0,0,0,0,20400, 27.93,  0.88, 33.11, 55.89,  8.10, 11.35, 45.44,  0.00,
324,2026-03-04 13:50:40,  3.08,  0.87, 11.50,207.68, 55.44,  4.35, 10.00,2,40,2000,0,0,20400,2026-03-04 13:51:54,  6.49,  0.89, 23.71,225.96, 51.37,  1.50, 10.00,2,0,0,0,0,20400,2026-03-04 13:52:21,  0.00,  0.00, 24.81,226.31, 50.77,  0.00, 10.00,2,0,0,0,0,20400, 21.14,  0.89, 24.81, 55.82,  8.10, 11.50, 50.77,  0.00,
325,2026-03-04 13:56:41,  3.25,  0.85, 12.42,207.06, 55.33,  1.65, 10.00,2,40,2000,0,0,20400,2026-03-04 13:58:09,  6.41,  0.88, 23.84,225.52, 51.30,  1.20, 10.00,2,0,0,0,0,20400,2026-03-04 13:58:26,  0.00,  0.00, 23.84,225.61, 51.25,  1.20, 10.00,2,0,0,0,0,20400, 20.90,  0.88, 24.10, 55.66,  8.10, 12.42, 51.24,  0.00,
326,2026-03-04 14:01:06,  3.49,  0.90, 12.71,207.51, 55.17,  4.20, 10.00,2,40,2000,0,0,20400,2026-03-04 14:02:38,  6.01,  0.86, 22.86,223.84, 51.77,  2.10, 10.00,2,0,0,0,0,20400,2026-03-04 14:02:56,  0.00,  0.00, 22.86,223.84, 51.72,  2.25, 10.00,2,0,0,0,0,20400, 19.60,  0.90, 22.92, 55.60,  8.10, 12.71, 51.69,  0.00,
327,2026-03-04 14:08:33,  3.82,  0.86, 14.47,206.98, 54.81,  2.70, 10.00,2,0,0,0,0,20400,2026-03-04 14:09:45,  4.27,  0.88, 15.80,223.40, 54.53,  3.15, 10.00,2,0,0,0,0,20400,2026-03-04 14:10:32,  0.00,  0.00, 15.87,223.40, 54.33,  2.25, 10.00,2,0,0,0,0,20400, 13.91,  0.88, 16.15, 55.16,  8.10, 14.40, 54.33,  0.00,
328,2026-03-04 14:13:29,  3.79,  0.86, 14.33,207.51, 54.81,  1.65, 10.00,2,0,0,0,0,20400,2026-03-04 14:13:30,  3.82,  0.87, 14.33,207.51, 54.84,  1.65, 10.00,2,0,0,0,0,20400,2026-03-04 14:14:59,  0.00,  0.00, 11.85,223.40, 55.34,  1.95, 10.00,2,40,2000,0,0,20400, 12.45,  0.87, 14.40, 55.83,  8.10, 11.64, 54.81,  0.00,
329,2026-03-04 14:20:44,  3.69,  0.77, 15.52,207.15, 54.51,  3.60, 10.00,2,0,0,0,0,20400,2026-03-04 14:20:46,  4.19,  0.88, 15.52,207.15, 54.52,  3.45, 10.00,2,0,0,0,0,20400,2026-03-04 14:22:04,  0.00,  0.00, 10.21,218.81, 55.65,  3.30, 10.00,2,40,2000,0,0,20400, 13.66,  0.88, 15.52, 56.16,  8.10,  9.85, 54.51,  0.00,
330,2026-03-04 14:43:35,  6.72,  1.07, 20.46,208.39, 52.81,  2.25, 10.00,2,0,0,0,0,20400,2026-03-04 14:45:13, 10.05,  1.00, 32.66,224.64, 45.86,  1.50,  9.97,2,0,0,0,0,20400,2026-03-04 14:45:29,  0.00,  0.00, 32.71,224.64, 45.75,  1.05,  9.95,2,0,0,0,0,20400, 32.72,  1.10, 32.71, 53.18,  8.10, 20.46, 45.75,  0.00,
331,2026-03-04 14:49:30,  6.80,  2.02, 11.00,193.02, 55.61,  1.80, 10.00,2,40,2000,0,0,20400,2026-03-04 14:49:30,  6.81,  2.02, 11.00,193.02, 55.62,  1.80, 10.00,2,40,2000,0,0,20400,2026-03-04 14:50:49,  0.00,  0.00, 10.71,206.18, 55.64,  1.65, 10.00,2,40,2000,0,0,20400, 22.20,  2.02, 11.00, 55.96,  8.10, 10.71, 55.61,  0.00,
332,2026-03-05 08:08:12,  1.45,  0.65,  7.33,198.59, 56.28,  0.00, 10.00,2,C0,2000,2000,0,20400,2026-03-05 08:09:49,  5.39,  0.63, 28.09,224.90, 49.10,  0.00, 10.00,2,0,0,0,0,20400,2026-03-05 08:10:04,  0.00,  0.00, 28.15,224.90, 49.01,  0.00, 10.00,2,0,0,0,0,20400, 17.59,  0.65, 28.15, 56.80,  8.10,  7.33, 49.01,  0.00,
333,2026-03-05 08:23:07,  1.77,  0.90,  6.39,254.13, 56.33,  0.00, 10.00,2,C0,2000,2000,0,20400,2026-03-05 08:25:05,  2.94,  0.86, 11.14,292.72, 55.59,  0.00, 10.00,2,40,2000,0,0,20400,2026-03-05 08:25:17,  0.00,  0.00, 11.14,292.72, 55.54,  0.00, 10.00,2,40,2000,0,0,20400,  9.60,  0.90, 11.14, 56.66,  8.10,  6.39, 55.54,  0.00,
334,2026-03-05 08:30:17,  1.15,  0.55,  6.83,297.04, 56.29,  0.00, 10.00,2,C0,2000,2000,0,20400,2026-03-05 08:31:39,  4.80,  0.49, 32.20,288.48, 46.29,  0.00, 10.00,2,0,0,0,0,20400,2026-03-05 08:31:53,  0.00,  0.00, 31.85,288.48, 46.51,  0.00, 10.00,2,0,0,0,0,20400, 15.64,  0.55, 32.60, 56.66,  8.10,  6.83, 45.99,  0.00,
335,2026-03-05 09:28:14,  1.08,  0.50,  6.97,310.29, 56.25,  1.05, 10.00,2,C0,2000,2000,0,20400,2026-03-05 09:29:12,  1.32,  0.47,  9.21,292.98, 55.96,  0.00, 10.00,2,C0,2000,2000,0,20400,2026-03-05 09:29:22,  0.00,  0.00,  9.21,292.98, 55.92,  0.00, 10.00,2,C0,2000,2000,0,20400,  4.30,  0.52,  9.21, 56.66,  8.10,  6.97, 55.92,  0.00,
336,2026-03-05 09:55:12,  0.41,  0.27,  4.94,301.28, 56.48,  0.00, 10.00,2,C0,2000,2000,0,20400,2026-03-05 09:56:11,  1.26,  0.33, 12.63,295.01, 55.39,  1.65, 10.00,2,40,2000,0,0,20400,2026-03-05 09:56:32,  0.00,  0.00, 12.49,295.01, 55.29,  1.65, 10.00,2,40,2000,0,0,20400,  4.12,  0.33, 13.77, 56.76,  8.10,  4.87, 55.24,  0.00,
337,2026-03-05 10:34:06,  4.04,  1.22, 10.78,314.97, 55.58,  2.25, 10.00,2,40,2000,0,0,20400,2026-03-05 10:35:18,  4.73,  1.32, 11.71,298.45, 55.47,  2.25, 10.00,2,40,2000,0,0,20400,2026-03-05 10:35:34,  0.00,  0.00, 11.71,298.19, 55.42,  2.10, 10.00,2,40,2000,0,0,20400, 15.42,  1.33, 11.71, 56.07,  8.10, 10.78, 55.42,  0.00,
338,2026-03-05 10:39:16,  1.05,  0.38,  8.99,313.91, 55.99,  0.00, 10.00,2,C0,2000,2000,0,20400,2026-03-05 10:39:16,  1.05,  0.38,  8.99,313.91, 55.99,  0.00, 10.00,2,C0,2000,2000,0,20400,2026-03-05 10:40:34,  0.00,  0.00,  7.69,294.83, 56.11,  2.25, 10.00,2,C0,2000,2000,0,20400,  3.41,  0.38,  9.71, 56.32,  8.10,  7.62, 55.99,  0.00,
339,2026-03-05 10:48:51,  1.62,  0.63,  8.41,317.62, 56.04,  3.00, 10.00,2,C0,2000,2000,0,20400,2026-03-05 10:50:25,  2.91,  0.58, 16.43,292.27, 54.24,  2.40, 10.00,2,0,0,0,0,20400,2026-03-05 10:50:45,  0.00,  0.00, 16.29,292.27, 54.22,  2.40, 10.00,2,0,0,0,0,20400,  9.47,  0.63, 16.49, 56.34,  8.10,  8.34, 54.22,  0.00,
340,2026-03-05 13:30:12,  6.03,  0.90, 21.93,269.58, 52.20,  3.00, 10.00,2,0,0,0,0,20400,2026-03-05 13:31:11,  7.90,  0.88, 29.13,274.00, 48.40,  4.05, 10.00,2,0,0,0,0,20400,2026-03-05 13:31:30,  0.00,  0.00, 29.13,274.00, 48.26,  4.80, 10.00,2,0,0,0,0,20400, 25.75,  0.90, 29.13, 52.46,  8.10, 21.93, 48.26,  0.00,
341,2026-03-05 13:33:47,  5.94,  0.90, 21.53,269.67, 52.34,  2.25, 10.00,2,0,0,0,0,20400,2026-03-05 13:34:50,  8.02,  0.87, 30.21,273.91, 47.66,  3.45, 10.00,2,0,0,0,0,20400,2026-03-05 13:35:06,  0.00,  0.00, 30.56,273.91, 47.30,  2.70, 10.00,2,0,0,0,0,20400, 26.14,  0.91, 30.62, 52.72,  8.10, 21.53, 47.27,  0.00,
342,2026-03-05 13:37:20,  5.44,  0.77, 23.12,269.67, 51.64,  2.40, 10.00,2,0,0,0,0,20400,2026-03-05 13:38:45, 11.59,  0.83, 39.89,273.47, 38.98,  3.60,  7.14,2,0,0,0,0,20400,2026-03-05 13:39:00,  0.00,  0.00, 39.89,273.47, 38.94,  4.20,  7.14,2,0,0,0,0,20400, 33.00,  0.88, 39.94, 51.99,  8.10, 23.12, 38.90,  0.00,
343,2026-03-05 13:41:26,  5.75,  0.82, 22.86,269.67, 51.74,  1.80, 10.00,2,0,0,0,0,20400,2026-03-05 13:42:39, 11.79,  0.89, 38.70,272.58, 40.32,  2.70,  7.53,2,0,0,0,0,20400,2026-03-05 13:42:53,  0.00,  0.00, 38.70,272.58, 40.27,  2.85,  7.53,2,0,0,0,0,20400, 34.37,  0.92, 38.70, 52.10,  8.10, 22.79, 40.26,  0.00,
344,2026-03-05 13:45:10,  6.49,  0.85, 24.87,269.67, 50.78,  4.05, 10.00,2,0,0,0,0,20400,2026-03-05 13:45:59, 10.34,  0.87, 36.32,271.96, 42.76,  4.35,  8.37,2,0,0,0,0,20400,2026-03-05 13:46:14,  0.00,  0.00, 36.63,271.96, 42.37,  4.65,  8.25,2,0,0,0,0,20400, 31.43,  0.90, 36.63, 51.08,  8.10, 24.87, 42.37,  0.00,
345,2026-03-05 13:48:12,  6.60,  0.87, 24.74,269.67, 50.87,  3.30, 10.00,2,0,0,0,0,20400,2026-03-05 13:49:04,  8.65,  0.93, 30.33,272.58, 47.56,  3.15, 10.00,2,0,0,0,0,20400,2026-03-05 13:49:19,  0.00,  0.00, 30.33,272.58, 47.47,  2.40, 10.00,2,0,0,0,0,20400, 28.20,  0.93, 30.33, 51.26,  8.10, 24.74, 47.47,  0.00,
346,2026-03-05 13:55:38,  3.82,  1.08, 11.57,299.60, 55.54,  1.50, 10.00,2,40,2000,0,0,20400,2026-03-05 13:56:49,  7.05,  1.20, 19.11,289.45, 53.33,  1.80, 10.00,2,0,0,0,0,20400,2026-03-05 13:57:16,  0.00,  0.00, 19.11,289.45, 53.28,  2.40, 10.00,2,0,0,0,0,20400, 22.99,  1.20, 19.18, 55.74,  8.10, 11.57, 53.28,  0.00,
347,2026-03-05 14:08:48,  4.42,  1.36, 10.57,314.26, 55.75,  0.00, 10.00,2,40,2000,0,0,20400,2026-03-05 14:10:21, 16.87,  1.33, 37.61,332.01, 41.65,  1.35,  7.90,2,0,0,0,0,20400,2026-03-05 14:10:46,  0.00,  0.00, 38.21,331.92, 40.92,  1.80,  7.70,2,0,0,0,0,20400, 50.09,  1.38, 38.21, 56.12,  8.10, 10.50, 40.92,  0.00,
348,2026-03-05 14:59:50,  6.23,  1.31, 15.52,330.77, 54.58,  2.25, 10.00,2,0,0,0,0,20400,2026-03-05 15:02:21, 19.87,  1.27, 42.00,  0.00, 36.47,  0.00,  6.40,2,0,0,0,0,20404,2026-03-05 15:02:30,  0.00,  0.00, 42.05,  0.00, 36.37,  1.05,  6.39,2,0,0,0,0,20404, 54.24,  1.37, 42.05, 55.13,  8.10, 15.45, 36.37,  0.00,
349,2026-03-05 15:05:50,  0.84,  0.21, 12.92,329.45, 55.30,  2.55, 10.00,2,40,2000,0,0,20400,2026-03-05 15:07:52,  3.80,  0.24, 42.00,307.90, 36.50,  1.35,  6.40,2,0,0,0,0,20400,2026-03-05 15:08:09,  0.54,  0.03, 42.13,307.73, 36.28,  1.05,  6.37,2,0,0,0,0,20400, 10.20,  0.26, 42.13, 56.40,  8.10,  9.71, 36.28,  0.00,
350,2026-03-05 15:12:11,  2.05,  0.59, 11.35,329.01, 55.61,  1.35, 10.00,2,40,2000,0,0,20400,2026-03-05 15:14:04,  7.46,  0.56, 38.70,308.34, 40.44,  1.80,  7.53,2,0,0,0,0,20400,2026-03-05 15:14:23,  0.00,  0.00, 38.70,308.26, 40.35,  1.20,  7.53,2,0,0,0,0,20400, 21.74,  0.60, 38.70, 56.08,  8.10, 11.28, 40.35,  0.00,
351,2026-03-05 15:18:16,  0.99,  0.30, 10.93,329.71, 55.70,  1.95, 10.00,2,40,2000,0,0,20400,2026-03-05 15:20:04,  4.95,  0.41, 36.53,309.58, 42.64,  2.40,  8.29,2,0,0,0,0,20400,2026-03-05 15:20:19,  0.00,  0.00, 36.53,309.58, 42.56,  1.95,  8.29,2,0,0,0,0,20400, 14.97,  0.41, 36.53, 56.18,  8.10, 10.93, 42.56,  0.00,
352,2026-03-05 15:23:43,  1.92,  0.57, 10.93,329.27, 55.70,  1.20, 10.00,2,40,2000,0,0,20400,2026-03-05 15:25:21,  8.91,  0.55, 42.68,307.73, 35.57,  3.60,  6.22,2,0,0,0,0,20400,2026-03-05 15:25:43,  0.00,  0.00, 42.68,307.73, 35.51,  4.80,  6.22,2,0,0,0,0,20400, 23.65,  0.58, 42.68, 56.14,  8.10, 10.93, 35.50,  0.00,
353,2026-03-05 15:29:42,  2.68,  0.57, 15.24,328.12, 54.64,  2.10, 10.00,2,0,0,0,0,20400,2026-03-05 15:31:41, 30.42,  2.49, 36.79,309.85, 42.40,  4.20,  8.18,2,0,0,0,0,20400,2026-03-05 15:32:14,  0.00,  0.00, 36.79,309.58, 42.32,  3.45,  8.18,2,0,0,0,0,20400, 91.59,  2.49, 36.79, 55.23,  8.10, 15.17, 42.32,  0.00,
354,2026-03-05 15:37:10,  2.54,  0.68, 12.21,332.89, 55.37,  3.45, 10.00,2,40,2000,0,0,20400,2026-03-05 15:37:11,  2.60,  0.69, 12.21,332.89, 55.38,  3.45, 10.00,2,40,2000,0,0,20400,2026-03-05 15:38:25,  0.00,  0.00,  8.70,343.31, 55.92,  3.00, 10.00,2,C0,2000,2000,0,20400,  8.48,  0.73, 12.21, 56.16,  8.10,  8.70, 55.37,  0.00,
355,2026-03-05 15:41:45,  1.85,  0.79,  7.62, 22.52, 56.20,  0.00, 10.00,2,C0,2000,2000,0,20400,2026-03-05 15:43:19,  6.68,  0.77, 28.39,352.23, 48.89,  3.90, 10.00,2,0,0,0,0,20400,2026-03-05 15:43:35,  0.00,  0.00, 28.76,352.23, 48.61,  3.00, 10.00,2,0,0,0,0,20400, 21.77,  0.79, 28.88, 56.57,  8.10,  7.62, 48.61,  0.00,
356,2026-03-06 08:10:10,  9.70,  2.02, 15.66, 31.35, 54.38,  1.05, 10.00,2,0,0,0,0,20400,2026-03-06 08:12:51, 33.45,  2.10, 42.43,  0.00, 35.94,  0.00,  6.29,2,0,0,0,0,20404,2026-03-06 08:13:51,  0.00,  0.00, 43.13,  0.00, 34.80,  1.65,  6.10,2,0,0,0,0,20404, 89.20,  2.17, 43.13, 56.14,  8.10, 11.35, 34.80,  0.00,
357,2026-03-06 08:17:17,  7.23,  1.45, 16.22, 30.55, 54.24,  1.50, 10.00,2,0,0,0,0,20400,2026-03-06 08:19:00, 34.97,  2.03, 44.27,  0.00, 33.32,  0.00,  5.79,2,0,0,0,0,20404,2026-03-06 08:20:13,  0.00,  0.00, 43.81,  0.00, 33.79,  0.00,  5.92,2,0,0,0,0,20404, 90.09,  2.16, 44.35, 54.85,  8.10, 16.15, 33.19,  0.00,
358,2026-03-06 08:24:20,  8.57,  1.79, 15.59, 30.64, 54.37,  1.20, 10.00,2,0,0,0,0,20400,2026-03-06 08:26:44, 32.85,  2.07, 42.34,  0.00, 36.00,  1.05,  6.31,2,0,0,0,0,20404,2026-03-06 08:27:12,  0.00,  0.00, 42.64,  0.00, 35.52,  0.00,  6.23,2,0,0,0,0,20404, 87.74,  2.07, 42.64, 55.01,  8.10, 15.59, 35.52,  0.00,
359,2026-03-06 08:30:12,  7.03,  1.48, 15.52, 30.64, 54.45,  1.35, 10.00,2,0,0,0,0,20400,2026-03-06 08:31:54, 26.11,  1.73, 41.35,  0.00, 37.33,  1.20,  6.63,2,0,0,0,0,20404,2026-03-06 08:32:14,  0.00,  0.00, 41.35,  0.00, 37.23,  1.20,  6.63,2,0,0,0,0,20404, 71.56,  1.73, 41.35, 55.11,  8.10, 15.45, 37.23,  0.00,
360,2026-03-06 08:35:16,  1.55,  0.28, 17.94, 31.43, 53.71,  2.10, 10.00,2,0,0,0,0,20400,2026-03-06 08:38:27, 24.16,  1.92, 37.51,  0.00, 41.61,  1.95,  7.93,2,0,0,0,0,20404,2026-03-06 08:38:41,  0.00,  0.00, 37.51,  0.00, 41.56,  1.95,  7.93,2,0,0,0,0,20404, 71.88,  1.92, 38.06, 54.36,  8.10, 17.94, 41.05,  0.00,
361,2026-03-06 08:42:33,  3.91,  0.74, 17.32, 31.88, 53.84,  0.00, 10.00,2,0,0,0,0,20400,2026-03-06 08:44:50, 20.27,  1.31, 41.83,  0.00, 36.65,  1.65,  6.46,2,0,0,0,0,20404,2026-03-06 08:45:05,  0.00,  0.00, 41.83,  0.00, 36.60,  1.50,  6.46,2,0,0,0,0,20404, 54.77,  1.32, 41.87, 54.55,  8.10, 17.32, 36.54,  0.00,
362,2026-03-06 08:46:14,  7.81,  0.50, 41.83,  0.00, 36.65,  0.00,  6.46,2,0,0,0,0,20404,2026-03-06 08:46:15,  8.54,  0.55, 41.87,  0.00, 36.59,  0.00,  6.44,2,0,0,0,0,20404,2026-03-06 08:47:07,  0.00,  0.00, 35.26, 22.52, 43.69,  1.20,  8.80,2,0,0,0,0,20400, 23.04,  0.55, 41.87, 43.88,  8.10, 35.26, 36.59,  0.00,
363,2026-03-06 08:49:41,  1.73,  0.46, 12.21, 31.08, 55.22,  1.50, 10.00,2,40,2000,0,0,20400,2026-03-06 08:51:47, 26.14,  2.00, 38.31,  0.00, 40.81,  1.50,  7.66,2,0,0,0,0,20404,2026-03-06 08:52:07,  0.00,  0.00, 38.35,  0.00, 40.66,  0.00,  7.65,2,0,0,0,0,20404, 76.76,  2.00, 38.60, 55.89,  8.10, 12.21, 40.66,  0.00,
364,2026-03-06 08:58:05,  2.70,  0.72, 12.28, 31.08, 55.25,  1.65, 10.00,2,40,2000,0,0,20400,2026-03-06 09:00:29, 48.31,  2.41, 48.76,  0.00, 24.33,  0.00,  4.99,2,10,1000,0,0,20404,2026-03-06 09:01:17,  0.00,  0.00, 48.88,  0.00, 23.65,  0.00,  4.96,2,10,1000,0,0,20404,117.51,  2.50, 48.88, 55.96,  8.10, 12.28, 23.65,  0.00,
365,2026-03-06 09:06:37,  4.67,  0.27, 44.68, 22.52, 32.59,  1.05,  5.68,2,0,0,0,0,20400,2026-03-06 09:06:42,  5.88,  0.33, 44.68, 22.52, 32.69,  0.00,  5.68,2,0,0,0,0,20400,2026-03-06 09:08:42,  0.00,  0.00, 35.47,  0.00, 43.53,  1.20,  8.71,2,0,0,0,0,20404, 14.92,  0.35, 44.68, 43.77,  8.10, 35.47, 32.59,  0.00,
366,2026-03-06 09:17:57,  5.65,  1.33, 13.84, 32.14, 54.92,  1.65, 10.00,2,40,2000,0,0,20400,2026-03-06 09:21:46, 62.05,  4.40, 40.03, 62.69, 38.94,  0.00,  7.09,2,80000,2000000,0,0,20400,2026-03-06 09:22:07,  0.00,  0.00, 40.03, 62.69, 38.84,  1.05,  7.09,2,0,0,0,0,20400,176.09,  4.40, 40.03, 55.41,  8.10, 13.84, 38.84,  0.00,
367,2026-03-06 09:25:01, 10.97,  0.60, 46.36, 76.38, 29.53,  0.00,  5.46,2,0,0,0,0,20400,2026-03-06 09:26:10, 13.98,  0.77, 46.16, 76.38, 30.13,  1.20,  5.48,2,0,0,0,0,20400,2026-03-06 09:28:16,  0.00,  0.00, 36.94, 66.40, 42.16,  0.00,  8.12,2,0,0,0,0,20400, 35.39,  0.83, 46.36, 42.75,  8.10, 36.89, 29.53,  0.00,
368,2026-03-06 09:35:13,  5.86,  0.35, 43.41, 76.91, 34.55,  0.00,  6.02,2,0,0,0,0,20400,2026-03-06 09:35:15,  6.17,  0.37, 43.41, 76.91, 34.62,  0.00,  6.02,2,0,0,0,0,20400,2026-03-06 09:36:57,  0.00,  0.00, 41.61, 66.31, 36.97,  1.05,  6.54,2,0,0,0,0,20400, 16.42,  0.39, 43.41, 37.36,  8.10, 41.61, 34.55,  0.00,
369,2026-03-06 09:39:15,  5.84,  0.32, 46.39, 76.11, 29.47,  2.40,  5.46,2,0,0,0,0,20400,2026-03-06 09:39:23, 13.62,  0.74, 46.39, 76.11, 29.51,  2.55,  5.46,2,0,0,0,0,20400,2026-03-06 09:42:06,  0.00,  0.00, 16.91, 74.88, 54.06,  0.00, 10.00,2,0,0,0,0,20400, 34.51,  0.74, 46.42, 54.17,  8.10, 16.84, 29.47,  0.00,
370,2026-03-06 15:01:06, 22.93,  1.27, 45.55, 22.78, 30.74,  3.15,  5.55,2,0,0,0,0,20400,2026-03-06 15:01:10, 38.67,  2.14, 45.55, 22.78, 30.78,  2.85,  5.55,2,0,0,0,0,20400,2026-03-06 15:03:32,  0.00,  0.00, 10.07, 39.29, 55.53,  3.75, 10.00,2,40,2000,0,0,20400, 97.66,  2.17, 45.55, 56.27,  8.10,  8.49, 30.74,  0.00,
371,2026-03-06 15:08:33, 16.51,  0.85, 47.98, 24.55, 25.76,  1.50,  5.17,2,0,0,0,0,20400,2026-03-06 15:08:34, 18.28,  0.94, 47.98, 24.55, 25.78,  1.50,  5.17,2,0,0,0,0,20400,2026-03-06 15:11:36,  0.00,  0.00, 18.90, 57.66, 53.20,  5.25, 10.00,2,0,0,0,0,20400, 45.34,  0.94, 47.98, 54.68,  8.10, 16.91, 25.76,  0.00,
372,2026-03-06 15:19:15, 10.83,  0.61, 44.72, 22.69, 32.24,  1.80,  5.67,2,0,0,0,0,20400,2026-03-06 15:19:17, 11.17,  0.63, 44.72, 22.69, 32.28,  2.40,  5.67,2,0,0,0,0,20400,2026-03-06 15:22:26,  0.00,  0.00, 16.15, 59.60, 54.15,  1.80, 10.00,2,0,0,0,0,20400, 28.34,  0.63, 44.72, 54.77,  8.10, 16.08, 32.24,  0.00,
373,2026-03-06 15:28:33,  9.62,  0.76, 37.76, 24.11, 41.14,  1.35,  7.85,2,0,0,0,0,20400,2026-03-06 15:28:35, 11.61,  0.91, 37.76, 24.11, 41.14,  1.35,  7.85,2,0,0,0,0,20400,2026-03-06 15:30:52,  0.00,  0.00, 13.98, 55.63, 54.70,  2.85, 10.00,2,40,2000,0,0,20400, 34.39,  0.91, 37.81, 55.81,  8.10, 12.28, 41.12,  0.00,
374,2026-03-07 07:29:58,  2.79,  0.54, 16.98, 61.99, 54.19,  0.00, 10.00,2,0,0,0,0,20400,2026-03-07 07:31:21,  4.56,  0.54, 27.40, 68.34, 49.49,  0.00, 10.00,2,0,0,0,0,20400,2026-03-07 07:31:39,  0.00,  0.00, 27.40, 68.34, 49.37,  0.00, 10.00,2,0,0,0,0,20400, 14.87,  0.63, 27.40, 54.49,  8.10, 16.98, 49.37,  0.00,
375,2026-03-07 07:35:01,  4.62,  0.28, 43.21, 81.50, 34.87,  0.00,  6.08,2,0,0,0,0,20400,2026-03-07 07:40:32,  8.43,  0.51, 43.21, 81.50, 34.92,  0.00,  6.08,2,0,0,0,0,20400,2026-03-07 07:49:17,  0.00,  0.00, 29.06,102.43, 48.58,  1.50, 10.00,2,0,0,0,0,20400, 22.14,  0.65, 43.25, 48.88,  8.10, 29.06, 34.83,  0.00,
376,2026-03-07 07:54:31,  4.87,  0.31, 42.34, 82.30, 36.07,  1.80,  6.31,2,0,0,0,0,20400,2026-03-07 07:56:02, 10.63,  0.69, 41.61, 82.30, 37.21,  2.10,  6.54,2,0,0,0,0,20400,2026-03-07 08:02:30,  1.50,  0.11, 39.23, 98.10, 39.98,  2.40,  7.36,2,0,0,0,0,20400, 28.90,  0.69, 42.34, 40.28,  8.10, 39.18, 36.07,  0.00,
377,2026-03-07 08:18:07,  2.22,  0.17, 37.66, 83.18, 41.59,  1.20,  7.88,2,0,0,0,0,20400,2026-03-07 08:21:21,  6.40,  0.41, 42.22, 99.78, 36.60,  2.85,  6.34,2,0,0,0,0,20400,2026-03-07 08:22:40,  0.00,  0.00, 42.68,100.04, 35.69,  4.05,  6.22,2,0,0,0,0,20400, 19.17,  0.54, 42.68, 44.39,  8.10, 35.53, 35.69,  0.00,
378,2026-03-07 08:52:31, 12.14,  0.82, 41.08, 88.83, 37.66,  1.80,  6.72,2,0,0,0,0,20400,2026-03-07 08:52:41, 19.26,  1.33, 40.59, 88.83, 38.36,  1.50,  6.89,2,0,0,0,0,20400,2026-03-07 08:55:05,  0.00,  0.00, 38.75, 73.29, 40.30,  2.85,  7.52,2,0,0,0,0,20400, 53.91,  1.33, 41.08, 40.93,  8.10, 38.70, 37.66,  0.00,
379,2026-03-07 08:58:45,  7.38,  0.46, 42.47, 88.21, 35.80,  1.50,  6.27,2,0,0,0,0,20400,2026-03-07 08:58:56, 12.28,  0.77, 42.47, 88.21, 35.84,  1.35,  6.27,2,0,0,0,0,20400,2026-03-07 09:01:50,  0.00,  0.00, 32.60, 75.50, 45.92,  0.00, 10.00,2,0,0,0,0,20400, 32.72,  0.77, 42.47, 46.22,  8.10, 32.60, 35.80,  0.00,
380,2026-03-07 09:04:57,  8.65,  0.53, 42.97, 88.04, 35.10,  1.50,  6.14,2,0,0,0,0,20400,2026-03-07 09:06:57, 14.71,  0.90, 42.97, 88.04, 35.18,  0.00,  6.14,2,0,0,0,0,20400,2026-03-07 09:08:50,  0.00,  0.00, 30.98, 75.94, 47.14,  1.65, 10.00,2,0,0,0,0,20400, 38.81,  0.90, 42.97, 47.58,  8.10, 30.92, 35.10,  0.00,
381,2026-03-07 09:12:05,  2.64,  0.26, 33.05, 80.97, 45.70,  0.00,  9.79,2,0,0,0,0,20400,2026-03-07 09:23:47,  5.94,  0.60, 32.08, 80.97, 46.54,  2.40, 10.00,2,0,0,0,0,20400,2026-03-07 09:26:53,  0.00,  0.00, 23.38,102.69, 51.79,  3.45, 10.00,2,0,0,0,0,20400, 19.36,  0.60, 33.05, 52.18,  8.10, 23.38, 45.70,  0.00,
382,2026-03-07 09:38:12,  2.78,  0.28, 32.71, 81.50, 45.95,  1.80,  9.95,2,0,0,0,0,20400,2026-03-07 09:43:34,  6.61,  0.68, 31.74, 81.50, 46.88,  1.05, 10.00,2,0,0,0,0,20400,2026-03-07 09:47:17,  0.00,  0.00, 19.72, 44.33, 53.37,  2.70, 10.00,2,0,0,0,0,20400, 21.56,  0.68, 32.77, 55.23,  8.10, 16.63, 45.90,  0.00,
383,2026-03-07 09:56:05,  3.17,  0.36, 28.64, 24.37, 48.86,  3.00, 10.00,2,0,0,0,0,20400,2026-03-07 09:57:25,  3.32,  0.34, 31.68, 41.41, 47.09,  2.25, 10.00,2,0,0,0,0,20400,2026-03-07 09:59:22,  0.00,  0.00, 32.83, 41.68, 45.92,  2.85,  9.90,2,0,0,0,0,20400, 10.82,  0.36, 32.83, 49.60,  8.10, 28.64, 45.92,  0.00,
384,2026-03-07 10:25:27,  9.98,  0.83, 36.43, 24.19, 42.63,  1.80,  8.33,2,0,0,0,0,20400,2026-03-07 10:25:29, 11.59,  0.97, 36.37, 24.19, 42.71,  1.80,  8.35,2,0,0,0,0,20400,2026-03-07 10:27:46,  0.00,  0.00, 19.99, 58.81, 52.97,  1.35, 10.00,2,0,0,0,0,20400, 35.20,  0.97, 36.43, 55.55,  8.10, 14.61, 42.63,  0.00,
385,2026-03-07 10:33:00, 11.74,  0.88, 38.70, 83.36, 40.35,  3.90,  7.53,2,0,0,0,0,20400,2026-03-07 10:33:03, 13.00,  0.98, 38.70, 83.36, 40.43,  3.15,  7.53,2,0,0,0,0,20400,2026-03-07 10:35:16,  0.00,  0.00, 12.85, 55.45, 55.14,  3.45, 10.00,2,40,2000,0,0,20400, 37.89,  0.98, 38.70, 56.01,  8.10, 12.56, 40.35,  0.00,
386,2026-03-07 10:42:36, 14.79,  0.83, 45.05, 24.99, 31.87,  1.80,  5.59,2,0,0,0,0,20400,2026-03-07 10:42:44, 18.59,  1.04, 45.05, 24.99, 31.97,  1.65,  5.59,2,0,0,0,0,20400,2026-03-07 10:45:23,  0.00,  0.00, 35.58, 39.21, 43.43,  3.30,  8.67,2,0,0,0,0,20400, 46.85,  1.04, 45.05, 43.97,  8.10, 35.58, 31.87,  0.00,
387,2026-03-07 10:49:26, 35.83,  2.41, 41.04, 22.60, 37.70,  1.35,  6.74,2,0,0,0,0,20400,2026-03-07 10:49:31, 37.82,  2.55, 40.99, 22.60, 37.82,  1.50,  6.75,2,0,0,0,0,20400,2026-03-07 10:52:35,  0.00,  0.00, 25.32, 34.17, 50.58,  5.10, 10.00,2,0,0,0,0,20400,104.70,  2.55, 41.04, 51.00,  8.10, 24.74, 37.70,  0.00,
388,2026-03-07 12:14:37,  9.06,  0.63, 40.54, 22.69, 38.26,  3.45,  6.91,2,0,0,0,0,20400,2026-03-07 12:14:50, 38.32,  2.68, 40.31, 22.60, 38.61,  2.10,  6.99,2,0,0,0,0,20400,2026-03-07 12:17:20,  0.00,  0.00,  7.77,  0.00, 56.12,  1.20, 10.00,2,C0,2000,2000,0,20404,108.01,  2.68, 40.54, 56.49,  8.10,  7.77, 38.26,  0.00,
389,2026-03-07 12:21:52, 19.43,  0.96, 48.88, 22.78, 23.67,  1.95,  4.96,2,10,1000,0,0,20400,2026-03-07 12:21:53, 21.52,  1.07, 48.91, 22.78, 23.61,  1.95,  4.95,2,10,1000,0,0,20400,2026-03-07 12:24:39,  0.00,  0.00,  6.68,359.91, 56.23,  3.00, 10.00,2,C0,2000,2000,0,20400, 52.16,  1.07, 48.91, 56.64,  8.10,  6.68, 23.61,  0.00,
390,2026-03-07 12:25:51,  3.96,  1.89,  6.83,  0.00, 56.25,  3.75, 10.00,2,C0,2000,2000,0,20404,2026-03-07 12:25:52,  5.21,  2.49,  6.83,  0.00, 56.25,  3.75, 10.00,2,C0,2000,2000,0,20404,2026-03-07 12:26:59,  0.00,  0.00,  6.83,359.91, 56.24,  1.05, 10.00,2,C0,2000,2000,0,20400, 16.97,  2.49,  6.90, 56.25,  8.10,  6.83, 56.24,  0.00,
391,2026-03-07 12:31:17, 16.01,  0.91, 44.57, 23.40, 32.62,  2.40,  5.71,2,0,0,0,0,20400,2026-03-07 12:31:18, 17.00,  0.97, 44.57, 23.31, 32.63,  2.40,  5.71,2,0,0,0,0,20400,2026-03-07 12:33:51,  0.00,  0.00, 12.99,353.55, 55.15,  1.35, 10.00,2,40,2000,0,0,20400, 43.30,  0.97, 44.61, 55.42,  8.10, 12.99, 32.62,  0.00,
392,2026-03-07 12:38:03, 16.65,  0.93, 44.98, 23.31, 31.92,  4.20,  5.61,2,0,0,0,0,20400,2026-03-07 12:38:05, 16.99,  0.95, 44.98, 23.31, 31.95,  4.20,  5.61,2,0,0,0,0,20400,2026-03-07 12:40:41,  0.00,  0.00, 19.92,356.82, 53.00,  2.55, 10.00,2,0,0,0,0,20400, 42.84,  0.95, 44.98, 55.25,  8.10, 15.24, 31.92,  0.00,
393,2026-03-07 12:45:03,  7.03,  1.22, 18.77,351.96, 53.45,  0.00, 10.00,2,0,0,0,0,20400,2026-03-07 12:45:04,  7.10,  1.24, 18.70,351.96, 53.49,  0.00, 10.00,2,0,0,0,0,20400,2026-03-07 12:47:53,  0.00,  0.00,  5.67,359.91, 56.29,  0.00, 10.00,2,C0,2000,2000,0,20400, 23.13,  1.24, 18.77, 56.84,  8.10,  5.60, 53.45,  0.00,
394,2026-03-07 12:52:39, 12.90,  0.97, 38.80, 22.69, 40.22,  0.00,  7.50,2,0,0,0,0,20400,2026-03-07 12:52:40, 13.20,  0.99, 38.80, 22.60, 40.24,  0.00,  7.50,2,0,0,0,0,20400,2026-03-07 12:54:56,  0.00,  0.00, 21.27,358.59, 52.45,  0.00, 10.00,2,0,0,0,0,20400, 38.43,  0.99, 38.80, 55.94,  8.10, 12.78, 40.22,  0.00,
395,2026-03-07 13:30:50,  3.80,  0.30, 37.30,318.76, 41.43,  4.65,  8.00,2,0,0,0,0,20400,2026-03-07 13:31:32,  7.55,  0.63, 36.27,318.76, 42.56,  2.40,  8.39,2,0,0,0,0,20400,2026-03-07 13:34:57,  0.00,  0.00, 38.06,336.60, 40.75,  4.05,  7.75,2,0,0,0,0,20400, 22.99,  0.63, 38.11, 46.41,  8.10, 32.71, 40.75,  0.00,
396,2026-03-07 13:42:15, 11.91,  1.25, 31.10,317.97, 46.59,  2.40, 10.00,2,0,0,0,0,20400,2026-03-07 13:42:17, 13.18,  1.38, 31.10,317.88, 46.64,  2.40, 10.00,2,0,0,0,0,20400,2026-03-07 13:44:43,  0.00,  0.00, 13.41,331.21, 54.68,  3.75, 10.00,2,40,2000,0,0,20400, 42.96,  1.38, 31.10, 55.33,  8.10, 12.07, 46.59,  0.00,
397,2026-03-07 13:47:38,  5.03,  0.49, 33.34,317.79, 44.95,  4.65,  9.66,2,0,0,0,0,20400,2026-03-07 13:47:38,  5.03,  0.49, 33.34,317.79, 44.95,  4.65,  9.66,2,0,0,0,0,20400,2026-03-07 13:49:56,  0.00,  0.00, 27.53,331.13, 48.92,  6.15, 10.00,2,0,0,0,0,20400, 16.19,  0.49, 33.34, 51.85,  8.10, 23.12, 44.95,  0.00,
398,2026-03-07 13:53:30, 15.70,  1.14, 39.47,320.62, 39.01,  0.00,  7.28,2,0,0,0,0,20400,2026-03-07 13:53:30, 15.70,  1.14, 39.47,320.62, 39.01,  0.00,  7.28,2,0,0,0,0,20400,2026-03-07 13:55:22,  0.00,  0.00, 30.39,333.25, 47.01,  2.10, 10.00,2,0,0,0,0,20400, 45.09,  1.14, 39.47, 47.11,  8.10, 30.33, 39.01,  0.00,
399,2026-03-07 13:58:39, 12.43,  1.09, 35.26,322.03, 43.29,  3.00,  8.80,2,0,0,0,0,20400,2026-03-07 13:58:41, 13.54,  1.19, 35.31,322.03, 43.29,  3.15,  8.77,2,0,0,0,0,20400,2026-03-07 14:00:43,  0.00,  0.00, 18.83,332.10, 53.02,  2.40, 10.00,2,0,0,0,0,20400, 41.95,  1.19, 35.31, 53.36,  8.10, 18.77, 43.24,  0.00,
400,2026-03-09 13:14:35,  3.57,  2.03,  5.74,322.12, 56.33,  3.30, 10.00,2,C0,2000,2000,0,20400,2026-03-09 13:15:57, 13.87,  2.05, 22.06,333.69, 52.26,  4.95, 10.00,2,0,0,0,0,20400,2026-03-09 13:16:31,  0.00,  0.00, 22.00,333.69, 52.18,  4.95, 10.00,2,0,0,0,0,20400, 45.22,  2.12, 22.06, 56.65,  8.10,  5.74, 52.15,  0.00,
401,2026-03-09 13:44:32,  3.18,  0.64, 16.15,314.26, 54.39,  3.75, 10.00,2,0,0,0,0,20400,2026-03-09 13:46:34, 17.30,  1.39, 37.15,300.40, 42.03,  0.00,  8.05,2,0,0,0,0,20400,2026-03-09 13:46:42,  0.00,  0.00, 37.35,300.40, 41.77,  0.00,  7.98,2,0,0,0,0,20400, 51.74,  1.40, 37.35, 54.82,  8.10, 16.08, 41.77,  0.00,
402,2026-03-09 13:49:24,  2.23,  0.83,  8.70,313.91, 56.04,  1.80, 10.00,2,C0,2000,2000,0,20400,2026-03-09 13:50:49, 41.19,  3.31, 37.20,300.49, 42.12,  1.05,  8.03,2,0,0,0,0,20400,2026-03-09 13:51:33,  0.00,  0.00, 37.51,300.49, 41.64,  0.00,  7.93,2,0,0,0,0,20400,123.11,  3.31, 37.51, 56.43,  8.10,  8.70, 41.64,  0.00,
403,2026-03-09 13:53:54,  2.57,  1.01,  8.27,314.79, 56.11,  1.05, 10.00,2,C0,2000,2000,0,20400,2026-03-09 13:55:52, 31.11,  2.19, 40.17,298.72, 38.79,  0.00,  7.04,2,0,0,0,0,20400,2026-03-09 13:56:20,  0.00,  0.00, 40.72,298.63, 38.09,  1.95,  6.85,2,0,0,0,0,20400, 88.21,  2.22, 40.72, 56.45,  8.10,  8.27, 38.09,  0.00,
404,2026-03-09 13:59:03,  2.65,  0.80, 10.78,311.17, 55.72,  1.50, 10.00,2,40,2000,0,0,20400,2026-03-09 14:00:31, 19.51,  1.62, 36.53,303.93, 42.70,  0.00,  8.29,2,0,0,0,0,20400,2026-03-09 14:00:52,  0.00,  0.00, 36.53,303.93, 42.59,  1.20,  8.29,2,0,0,0,0,20400, 59.06,  1.62, 36.53, 56.07,  8.10, 10.78, 42.59,  0.00,
405,2026-03-09 14:03:19,  3.51,  0.69, 16.56,312.76, 54.27,  2.85, 10.00,2,0,0,0,0,20400,2026-03-09 14:04:43, 15.02,  1.05, 40.36,300.22, 38.72,  2.85,  6.97,2,0,0,0,0,20400,2026-03-09 14:05:08,  0.49,  0.03, 40.40,300.13, 38.44,  2.25,  6.96,2,0,0,0,0,20400, 42.27,  1.05, 40.40, 54.72,  8.10, 16.49, 38.44,  0.00,
406,2026-03-09 14:07:58,  4.43,  1.76,  8.20,313.91, 56.13,  2.85, 10.00,2,C0,2000,2000,0,20400,2026-03-09 14:09:16, 25.65,  2.03, 37.51,300.31, 41.79,  0.00,  7.93,2,0,0,0,0,20400,2026-03-09 14:09:48,  0.00,  0.00, 36.94,300.31, 42.18,  1.05,  8.12,2,0,0,0,0,20400, 76.29,  2.20, 37.51, 56.44,  8.10,  8.20, 41.74,  0.00,
407,2026-03-09 14:43:39,  2.24,  1.27,  5.74,330.51, 56.39,  2.10, 10.00,2,C0,2000,2000,0,20400,2026-03-09 14:45:00,  6.42,  1.25, 16.77,336.78, 54.22,  1.65, 10.00,2,0,0,0,0,20400,2026-03-09 14:45:11,  0.00,  0.00, 16.77,336.78, 54.16,  1.35, 10.00,2,0,0,0,0,20400, 20.94,  1.29, 16.84, 56.93,  8.10,  5.74, 54.16,  0.00,
408,2026-03-09 14:54:45,  3.66,  1.52,  7.84,313.64, 56.19,  3.30, 10.00,2,C0,2000,2000,0,20400,2026-03-09 14:57:07, 13.73,  1.78, 25.19,298.98, 51.05,  1.50, 10.00,2,0,0,0,0,20400,2026-03-09 14:58:05,  0.00,  0.00, 24.42,298.90, 51.14,  1.20, 10.00,2,0,0,0,0,20400, 44.75,  1.83, 25.19, 56.73,  8.10,  7.84, 51.05,  0.00,
409,2026-03-09 15:01:15,  6.90,  0.68, 32.94,287.95, 45.67,  2.10,  9.84,2,0,0,0,0,20400,2026-03-09 15:01:15,  6.90,  0.68, 32.94,287.95, 45.67,  2.10,  9.84,2,0,0,0,0,20400,2026-03-09 15:02:05,  0.00,  0.00, 25.45,288.04, 50.46,  2.25, 10.00,2,0,0,0,0,20400, 22.38,  0.68, 32.94, 50.73,  8.10, 25.45, 45.67,  0.00,
410,2026-03-09 15:47:26, 10.18,  0.75, 39.28,272.67, 39.67,  4.35,  7.34,2,0,0,0,0,20400,2026-03-09 15:49:02, 13.15,  0.95, 39.56,260.04, 39.43,  2.55,  7.25,2,0,0,0,0,20400,2026-03-09 15:49:18,  0.00,  0.00, 39.61,260.04, 39.26,  2.55,  7.23,2,0,0,0,0,20400, 37.69,  0.95, 39.61, 49.64,  8.10, 28.02, 39.26,  0.00,
411,2026-03-09 16:00:55,  4.38,  0.66, 21.60,268.96, 52.34,  2.25, 10.00,2,0,0,0,0,20400,2026-03-09 16:02:24,  7.71,  0.58, 38.84,272.76, 40.15,  3.60,  7.49,2,0,0,0,0,20400,2026-03-09 16:02:31,  0.00,  0.00, 39.04,272.76, 39.92,  3.60,  7.42,2,0,0,0,0,20400, 22.41,  0.68, 39.04, 52.91,  8.10, 21.60, 39.92,  0.00,
412,2026-03-09 16:20:15, 12.24,  0.96, 37.86,269.58, 41.31,  3.00,  7.81,2,0,0,0,0,20400,2026-03-09 16:20:20, 14.23,  1.11, 37.86,269.67, 41.39,  2.70,  7.81,2,0,0,0,0,20400,2026-03-09 16:22:00,  0.00,  0.00,  9.92,272.41, 55.85,  3.15, 10.00,2,C0,2000,2000,0,20400, 42.10,  1.11, 37.91, 56.37,  8.10,  8.85, 41.28,  0.00,
413,2026-03-10 09:54:53, 12.63,  0.77, 43.01,262.43, 34.92,  1.20,  6.13,2,0,0,0,0,20400,2026-03-10 09:55:34, 16.22,  0.99, 43.01,262.43, 34.94,  0.00,  6.13,2,0,0,0,0,20400,2026-03-10 09:58:29,  0.00,  0.00, 25.90,288.21, 50.15,  1.35, 10.00,2,0,0,0,0,20400, 42.76,  0.99, 43.01, 51.08,  8.10, 25.58, 34.92,  0.00,
414,2026-03-10 10:49:08,  0.82,  0.44,  6.10,244.59, 56.32,  0.00, 10.00,2,C0,2000,2000,0,20400,2026-03-10 10:50:31,  3.38,  0.46, 23.97,234.44, 51.31,  0.00, 10.00,2,0,0,0,0,20400,2026-03-10 10:50:48,  0.00,  0.00, 23.97,234.44, 51.25,  0.00, 10.00,2,0,0,0,0,20400, 11.01,  0.46, 23.97, 56.93,  8.10,  6.10, 51.24,  0.00,
415,2026-03-10 13:17:53,  3.64,  1.15, 10.35,192.94, 55.77,  0.00, 10.00,2,40,2000,0,0,20400,2026-03-10 13:19:47, 22.99,  1.26, 46.36,171.92, 29.57,  0.00,  5.46,2,0,0,0,0,20400,2026-03-10 13:20:22,  0.00,  0.00, 45.41,171.83, 31.24,  2.10,  5.56,2,0,0,0,0,20400, 58.23,  1.30, 46.36, 56.50,  8.10, 10.35, 29.57,  0.00,
416,2026-03-10 13:45:04,  8.56,  0.68, 37.35,130.86, 41.85,  0.00,  7.98,2,0,0,0,0,20400,2026-03-10 13:46:16, 11.92,  0.66, 45.27,137.75, 31.59,  1.95,  5.57,2,0,0,0,0,20400,2026-03-10 13:46:46,  0.00,  0.00, 45.27,137.75, 31.54,  1.65,  5.57,2,0,0,0,0,20400, 30.06,  0.79, 45.30, 42.51,  8.10, 37.30, 31.48,  0.00,
417,2026-03-10 13:48:50, 10.63,  0.87, 36.89,130.15, 42.33,  0.00,  8.14,2,0,0,0,0,20400,2026-03-10 13:49:56, 14.11,  0.78, 45.86,137.13, 30.55,  1.95,  5.51,2,0,0,0,0,20400,2026-03-10 13:50:19,  0.00,  0.00, 46.09,137.13, 30.05,  3.30,  5.49,2,0,0,0,0,20400, 35.69,  0.87, 46.13, 42.81,  8.10, 36.89, 30.01,  0.00,
418,2026-03-10 13:55:15,  1.16,  0.62,  6.10,178.90, 56.35,  2.55, 10.00,2,C0,2000,2000,0,20400,2026-03-10 13:57:37,  2.58,  0.56, 14.96,153.29, 54.76,  1.50, 10.00,2,0,0,0,0,20400,2026-03-10 13:57:45,  0.00,  0.00, 15.03,153.29, 54.67,  1.35, 10.00,2,0,0,0,0,20400,  8.40,  0.63, 15.80, 56.69,  8.10,  6.10, 54.67,  0.00,
419,2026-03-10 14:03:07,  1.40,  0.80,  5.74,177.31, 56.29,  1.05, 10.00,2,C0,2000,2000,0,20400,2026-03-10 14:04:52,  5.53,  0.93, 19.38,170.07, 53.31,  3.60, 10.00,2,0,0,0,0,20400,2026-03-10 14:05:11,  0.00,  0.00, 20.19,169.98, 52.89,  4.65, 10.00,2,0,0,0,0,20400, 18.02,  0.96, 20.26, 56.96,  8.10,  5.74, 52.89,  0.00,
420,2026-03-10 14:09:11,  0.64,  0.33,  6.39,174.92, 56.37,  2.70, 10.00,2,C0,2000,2000,0,20400,2026-03-10 14:10:13,  1.78,  0.32, 17.94,169.27, 53.93,  4.05, 10.00,2,0,0,0,0,20400,2026-03-10 14:10:29,  0.02,  0.00, 18.01,169.27, 53.75,  2.25, 10.00,2,0,0,0,0,20400,  5.79,  0.33, 18.97, 56.82,  8.10,  6.39, 53.75,  0.00,
421,2026-03-10 14:13:35,  1.01,  0.54,  6.17,174.75, 56.32,  2.85, 10.00,2,C0,2000,2000,0,20400,2026-03-10 14:14:48,  2.87,  0.54, 17.46,169.36, 54.12,  3.75, 10.00,2,0,0,0,0,20400,2026-03-10 14:15:43,  0.00,  0.00, 17.53,169.45, 53.91,  3.00, 10.00,2,0,0,0,0,20400,  9.34,  0.54, 18.83, 56.88,  8.10,  6.17, 53.91,  0.00,
422,2026-03-10 14:18:32,  6.23,  2.59,  7.84,176.07, 56.14,  0.00, 10.00,2,C0,2000,2000,0,20400,2026-03-10 14:19:33, 16.93,  2.60, 21.20,169.80, 52.76,  5.55, 10.00,2,0,0,0,0,20400,2026-03-10 14:20:56,  0.00,  0.00, 21.27,169.80, 52.49,  2.70, 10.00,2,0,0,0,0,20400, 55.19,  2.60, 21.93, 56.36,  8.10,  7.84, 52.49,  0.00,
423,2026-03-10 14:24:55,  0.50,  0.24,  6.97,173.95, 56.23,  2.25, 10.00,2,C0,2000,2000,0,20400,2026-03-10 14:25:31,  0.68,  0.13, 16.70,170.60, 54.78,  2.40, 10.00,2,0,0,0,0,20400,2026-03-10 14:25:49,  0.40,  0.07, 18.22,169.45, 54.26,  3.60, 10.00,2,0,0,0,0,20400,  2.22,  0.31, 18.29, 56.69,  8.10,  6.97, 54.24,  0.00,
424,2026-03-10 14:30:49,  3.00,  1.06,  9.28,131.39, 55.94,  1.50, 10.00,2,C0,2000,2000,0,20400,2026-03-10 14:32:06,  6.29,  1.07, 19.11,109.58, 53.39,  2.25, 10.00,2,0,0,0,0,20400,2026-03-10 14:32:32,  0.20,  0.03, 19.11,109.05, 53.33,  1.50, 10.00,2,0,0,0,0,20400, 20.52,  1.07, 19.11, 56.52,  8.10,  9.28, 53.33,  0.00,
425,2026-03-10 15:05:33,  9.21,  0.96, 31.27, 74.00, 46.87,  0.00, 10.00,2,0,0,0,0,20400,2026-03-10 15:05:37, 10.05,  1.05, 31.27, 74.00, 46.90,  0.00, 10.00,2,0,0,0,0,20400,2026-03-10 15:08:32,  0.00,  0.00, 28.76, 56.60, 48.45,  2.10, 10.00,2,0,0,0,0,20400, 32.75,  1.05, 31.27, 51.86,  8.10, 24.03, 46.87,  0.00,
426,2026-03-10 15:11:19,  6.74,  0.58, 35.58, 73.55, 43.46,  1.20,  8.67,2,0,0,0,0,20400,2026-03-10 15:11:21,  7.09,  0.61, 35.58, 73.55, 43.50,  1.20,  8.67,2,0,0,0,0,20400,2026-03-10 15:13:22,  0.21,  0.02, 30.09, 56.34, 47.75,  1.80, 10.00,2,0,0,0,0,20400, 21.88,  0.61, 35.58, 49.34,  8.10, 28.27, 43.46,  0.00,
427,2026-03-10 15:16:45,  6.82,  0.79, 28.15, 71.17, 49.04,  0.00, 10.00,2,0,0,0,0,20400,2026-03-10 15:16:45,  6.82,  0.79, 28.15, 71.17, 49.04,  0.00, 10.00,2,0,0,0,0,20400,2026-03-10 15:19:04,  0.00,  0.00, 29.06, 54.39, 48.44,  1.05, 10.00,2,0,0,0,0,20400, 22.22,  0.79, 29.06, 49.49,  8.10, 28.09, 48.44,  0.00,
428,2026-03-10 15:23:24,  2.29,  1.33,  5.60, 78.68, 56.39,  0.00, 10.00,2,C0,2000,2000,0,20400,2026-03-10 15:24:49, 12.74,  1.31, 31.62, 84.33, 46.76,  0.00, 10.00,2,0,0,0,0,20400,2026-03-10 15:25:11,  0.00,  0.00, 31.10, 84.33, 47.05,  1.80, 10.00,2,0,0,0,0,20400, 41.52,  1.35, 31.62, 57.00,  8.10,  5.52, 46.75,  0.00,
429,2026-03-10 15:28:07,  1.40,  0.72,  6.32, 77.17, 56.30,  2.25, 10.00,2,C0,2000,2000,0,20400,2026-03-10 15:29:41, 12.47,  1.31, 31.04, 84.33, 47.18,  2.40, 10.00,2,0,0,0,0,20400,2026-03-10 15:30:00,  0.00,  0.00, 31.04, 84.33, 47.10,  1.50, 10.00,2,0,0,0,0,20400, 40.64,  1.34, 32.08, 56.89,  8.10,  6.25, 46.82,  0.00,
430,2026-03-10 15:33:19,  5.87,  2.72,  7.04, 74.88, 56.16,  2.25, 10.00,2,C0,2000,2000,0,20400,2026-03-10 15:34:32, 11.14,  2.81, 12.92, 86.18, 55.21,  1.95, 10.00,2,40,2000,0,0,20400,2026-03-10 15:35:14,  0.00,  0.00, 12.85, 86.09, 55.14,  2.55, 10.00,2,40,2000,0,0,20400, 36.33,  2.91, 13.13, 56.99,  8.10,  7.04, 55.14,  0.00,
431,2026-03-10 15:41:31, 16.68,  0.93, 45.48, 74.61, 31.03,  1.05,  5.55,2,0,0,0,0,20400,2026-03-10 15:41:34, 21.09,  1.17, 45.41, 74.61, 31.16,  0.00,  5.56,2,0,0,0,0,20400,2026-03-10 15:44:01,  0.00,  0.00, 21.40, 85.21, 52.38,  2.85, 10.00,2,0,0,0,0,20400, 53.25,  1.17, 45.48, 52.67,  8.10, 21.33, 31.03,  0.00,
432,2026-03-11 07:34:26,  1.49,  0.33, 14.54, 63.31, 54.82,  0.00, 10.00,2,0,0,0,0,20400,2026-03-11 07:36:49,  6.57,  0.36, 46.13, 77.88, 29.93,  0.00,  5.49,2,0,0,0,0,20400,2026-03-11 07:36:55,  0.00,  0.00, 46.58, 77.88, 29.00,  0.00,  5.44,2,0,0,0,0,20400, 16.63,  0.39, 46.62, 55.24,  8.10, 14.54, 28.93,  0.00,
433,2026-03-11 07:57:22,  3.67,  0.59, 20.33,109.05, 52.95,  0.00, 10.00,2,0,0,0,0,20400,2026-03-11 07:57:23,  4.00,  0.64, 20.33,109.05, 52.96,  0.00, 10.00,2,0,0,0,0,20400,2026-03-11 07:59:00,  0.00,  0.00, 12.85, 91.30, 55.23,  0.00, 10.00,2,40,2000,0,0,20400, 13.04,  0.64, 20.39, 55.82,  8.10, 12.78, 52.95,  0.00,
434,2026-03-11 08:06:35,  2.29,  0.59, 12.63, 63.22, 55.31,  0.00, 10.00,2,40,2000,0,0,20400,2026-03-11 08:08:30, 11.31,  0.62, 46.33, 78.15, 29.62,  0.00,  5.47,2,0,0,0,0,20400,2026-03-11 08:08:43,  0.00,  0.00, 46.39, 78.06, 29.43,  0.00,  5.46,2,0,0,0,0,20400, 28.66,  0.70, 46.39, 55.78,  8.10, 12.56, 29.43,  0.00,
435,2026-03-11 08:10:19, 11.04,  0.72, 41.53, 78.23, 37.09,  0.00,  6.57,2,0,0,0,0,20400,2026-03-11 08:10:24, 16.07,  1.06, 41.53, 78.23, 37.10,  0.00,  6.57,2,0,0,0,0,20400,2026-03-11 08:11:41,  0.00,  0.00, 31.33, 75.67, 46.94,  0.00, 10.00,2,0,0,0,0,20400, 43.81,  1.08, 41.53, 48.56,  8.10, 29.61, 37.09,  0.00,
436,2026-03-11 08:14:53,  1.54,  0.62,  8.05, 70.11, 56.11,  0.00, 10.00,2,C0,2000,2000,0,20400,2026-03-11 08:17:03, 10.80,  0.63, 44.00, 52.45, 33.56,  0.00,  5.87,2,0,0,0,0,20400,2026-03-11 08:17:09,  0.00,  0.00, 44.00, 52.45, 33.52,  0.00,  5.87,2,0,0,0,0,20400, 27.89,  0.64, 44.08, 56.45,  8.10,  7.98, 33.46,  0.00,
437,2026-03-11 08:21:32,  0.78,  0.36,  7.12, 70.38, 56.30,  0.00, 10.00,2,C0,2000,2000,0,20400,2026-03-11 08:22:46,  3.42,  0.35, 31.62, 56.16, 46.79,  0.00, 10.00,2,0,0,0,0,20400,2026-03-11 08:23:12,  0.00,  0.00, 31.62, 56.16, 46.69,  0.00, 10.00,2,0,0,0,0,20400, 11.16,  0.36, 31.68, 56.56,  8.10,  7.12, 46.69,  0.00,
438,2026-03-11 08:27:46,  1.02,  0.53,  6.25, 71.26, 56.34,  0.00, 10.00,2,C0,2000,2000,0,20400,2026-03-11 08:29:40,  6.14,  0.61, 32.83, 55.72, 45.85,  0.00,  9.90,2,0,0,0,0,20400,2026-03-11 08:30:01,  0.00,  0.00, 32.77, 55.63, 45.83,  0.00,  9.92,2,0,0,0,0,20400, 19.93,  0.66, 32.83, 56.68,  8.10,  6.25, 45.78,  0.00,
439,2026-03-11 08:33:38,  5.28,  0.53, 32.60, 73.73, 45.92,  0.00, 10.00,2,0,0,0,0,20400,2026-03-11 08:33:45,  6.53,  0.65, 32.60, 73.73, 46.00,  0.00, 10.00,2,0,0,0,0,20400,2026-03-11 08:35:38,  0.00,  0.00, 25.70,100.84, 50.30,  0.00, 10.00,2,0,0,0,0,20400, 21.28,  0.65, 32.60, 51.24,  8.10, 25.39, 45.92,  0.00,
440,2026-03-11 08:39:30,  7.41,  0.79, 30.45, 73.29, 47.50,  0.00, 10.00,2,0,0,0,0,20400,2026-03-11 08:39:32,  7.62,  0.82, 30.45, 73.29, 47.55,  0.00, 10.00,2,0,0,0,0,20400,2026-03-11 08:41:45,  0.00,  0.00, 24.23,100.57, 51.08,  0.00, 10.00,2,0,0,0,0,20400, 24.84,  0.82, 30.45, 51.27,  8.10, 24.16, 47.50,  0.00,
441,2026-03-11 08:45:50,  3.00,  1.02,  9.57, 68.34, 55.86,  0.00, 10.00,2,C0,2000,2000,0,20400,2026-03-11 08:47:22,  6.71,  1.20, 18.29, 49.98, 53.68,  0.00, 10.00,2,0,0,0,0,20400,2026-03-11 08:47:34,  0.00,  0.00, 18.29, 49.98, 53.62,  0.00, 10.00,2,0,0,0,0,20400, 21.86,  1.21, 19.11, 56.54,  8.10,  9.35, 53.62,  0.00,
442,2026-03-11 09:22:03,  2.02,  0.93,  7.04,  0.00, 56.24,  0.00, 10.00,2,C0,2000,2000,0,20404,2026-03-11 09:23:35,  3.28,  1.08,  9.92, 37.97, 56.05,  0.00, 10.00,2,C0,2000,2000,0,20400,2026-03-11 09:24:16,  0.00,  0.00, 10.35, 38.32, 55.75,  0.00, 10.00,2,40,2000,0,0,20400, 10.70,  1.11, 10.35, 57.04,  8.10,  7.04, 55.75,  0.00,
443,2026-03-11 09:27:17,  1.59,  0.81,  6.39,360.00, 56.36,  0.00, 10.00,2,C0,2000,2000,0,20400,2026-03-11 09:28:47,  2.37,  0.79,  9.85,345.52, 55.88,  0.00, 10.00,2,C0,2000,2000,0,20400,2026-03-11 09:29:03,  0.00,  0.00,  9.85,345.43, 55.83,  0.00, 10.00,2,C0,2000,2000,0,20400,  7.74,  0.81,  9.92, 57.11,  8.10,  6.32, 55.83,  0.00,
444,2026-03-11 09:38:06,  0.69,  0.25,  8.92,357.97, 56.08,  0.00, 10.00,2,C0,2000,2000,0,20400,2026-03-11 09:40:31,  4.48,  0.33, 39.47, 22.52, 39.60,  0.00,  7.28,2,0,0,0,0,20400,2026-03-11 09:40:44,  0.00,  0.00, 39.47, 22.52, 39.53,  0.00,  7.28,2,0,0,0,0,20400, 12.88,  0.37, 39.47, 56.30,  8.10,  8.92, 39.53,  0.00,
445,2026-03-11 09:57:38, 11.60,  0.66, 44.54, 22.52, 32.47,  0.00,  5.72,2,0,0,0,0,20400,2026-03-11 09:57:40, 12.75,  0.74, 44.35, 22.52, 32.85,  0.00,  5.77,2,0,0,0,0,20400,2026-03-11 10:00:00,  0.00,  0.00, 18.15, 40.79, 53.36,  0.00, 10.00,2,0,0,0,0,20400, 32.65,  0.74, 44.54, 54.16,  8.10, 17.81, 32.47,  0.00,
446,2026-03-11 10:34:31,  2.33,  0.23, 32.71, 39.47, 45.92,  0.00,  9.95,2,0,0,0,0,20400,2026-03-11 10:36:16,  4.48,  0.43, 33.73, 39.38, 45.20,  0.00,  9.48,2,0,0,0,0,20400,2026-03-11 10:38:38,  0.00,  0.00, 25.70, 41.85, 50.56,  0.00, 10.00,2,0,0,0,0,20400, 14.34,  0.43, 33.73, 51.38,  8.10, 24.74, 45.15,  0.00,
447,2026-03-11 13:14:17,  2.38,  0.57, 13.70, 33.82, 54.99,  0.00, 10.00,2,40,2000,0,0,20400,2026-03-11 13:15:26,  3.95,  0.52, 24.62, 40.09, 50.94,  2.10, 10.00,2,0,0,0,0,20400,2026-03-11 13:15:36,  0.00,  0.00, 24.62, 40.18, 50.90,  1.80, 10.00,2,0,0,0,0,20400, 12.89,  0.57, 24.74, 55.38,  8.10, 13.70, 50.90,  0.00,
448,2026-03-11 13:27:30,  8.84,  0.54, 42.97, 22.52, 35.08,  3.00,  6.14,2,0,0,0,0,20400,2026-03-11 13:27:32,  9.41,  0.58, 42.72, 22.52, 35.49,  3.00,  6.21,2,0,0,0,0,20400,2026-03-11 13:29:00,  0.00,  0.00, 31.04, 25.25, 47.04,  3.15, 10.00,2,0,0,0,0,20400, 24.97,  0.58, 42.97, 47.56,  8.10, 31.04, 35.08,  0.00,
449,2026-03-11 15:11:29,  3.07,  0.36, 27.78,  0.00, 49.22,  3.00, 10.00,2,0,0,0,0,20404,2026-03-11 15:13:12,  3.67,  0.37, 32.20, 24.99, 46.27,  3.60, 10.00,2,0,0,0,0,20400,2026-03-11 15:13:28,  0.00,  0.00, 32.49, 24.99, 46.01,  2.55, 10.00,2,0,0,0,0,20400, 11.98,  0.43, 32.49, 49.95,  8.10, 27.78, 46.01,  0.00,
450,2026-03-11 15:16:37,  2.29,  0.41, 18.01, 49.27, 53.90,  0.00, 10.00,2,0,0,0,0,20400,2026-03-11 15:18:12,  6.24,  0.44, 40.13, 27.20, 38.93,  2.55,  7.06,2,0,0,0,0,20400,2026-03-11 15:18:38,  0.00,  0.00, 41.04, 27.28, 37.66,  1.80,  6.74,2,0,0,0,0,20400, 17.66,  0.49, 41.08, 54.60,  8.10, 17.94, 37.60,  0.00,
451,2026-03-12 07:55:56,  8.59,  0.49, 44.80, 50.07, 32.14,  0.00,  5.65,2,0,0,0,0,20400,2026-03-12 07:55:56,  9.58,  0.54, 44.76, 50.07, 32.21,  0.00,  5.66,2,0,0,0,0,20400,2026-03-12 07:58:11,  0.00,  0.00, 14.68, 25.52, 54.62,  0.00, 10.00,2,0,0,0,0,20400, 24.29,  0.54, 44.80, 55.48,  8.10, 14.40, 32.14,  0.00,
452,2026-03-12 08:49:59,  2.37,  0.24, 32.77, 39.47, 45.66,  0.00,  9.92,2,0,0,0,0,20400,2026-03-12 08:51:32,  4.12,  0.42, 31.85, 39.47, 46.48,  0.00, 10.00,2,0,0,0,0,20400,2026-03-12 08:53:54,  0.00,  0.00, 21.27, 42.74, 52.48,  0.00, 10.00,2,0,0,0,0,20400, 13.42,  0.42, 32.77, 53.06,  8.10, 20.93, 45.66,  0.00,
453,2026-03-12 09:37:32,  4.92,  0.56, 28.58, 69.49, 48.61,  0.00, 10.00,2,0,0,0,0,20400,2026-03-12 09:37:35,  5.28,  0.60, 28.52, 69.49, 48.72,  0.00, 10.00,2,0,0,0,0,20400,2026-03-12 09:39:24,  0.00,  0.00, 31.33, 83.97, 46.71,  0.00, 10.00,2,0,0,0,0,20400, 17.21,  0.60, 32.08, 49.42,  8.10, 28.52, 46.67,  0.00,
454,2026-03-12 09:41:38,  1.60,  0.88,  5.96, 70.46, 56.24,  0.00, 10.00,2,C0,2000,2000,0,20400,2026-03-12 09:43:06,  7.80,  0.85, 29.91, 86.45, 47.79,  0.00, 10.00,2,0,0,0,0,20400,2026-03-12 09:43:31,  0.00,  0.00, 28.70, 86.62, 48.49,  0.00, 10.00,2,0,0,0,0,20400, 25.43,  0.88, 29.91, 56.87,  8.10,  5.96, 47.79,  0.00,
455,2026-03-12 09:54:55,  9.42,  1.06, 29.00, 69.32, 48.34,  1.50, 10.00,2,0,0,0,0,20400,2026-03-12 09:57:05, 11.46,  1.15, 32.60, 40.53, 45.97,  0.00, 10.00,2,0,0,0,0,20400,2026-03-12 09:57:32,  0.00,  0.00, 32.49, 40.44, 45.86,  1.50, 10.00,2,0,0,0,0,20400, 37.36,  1.20, 32.60, 49.77,  8.10, 27.90, 45.81,  0.00,
456,2026-03-12 10:01:18,  9.41,  1.07, 28.58, 67.55, 48.60,  1.80, 10.00,2,0,0,0,0,20400,2026-03-12 10:01:22, 10.62,  1.21, 28.52, 67.55, 48.68,  1.95, 10.00,2,0,0,0,0,20400,2026-03-12 10:03:25,  0.00,  0.00, 10.57, 45.30, 55.57,  0.00, 10.00,2,40,2000,0,0,20400, 34.63,  1.21, 28.58, 56.14,  8.10, 10.57, 48.60,  0.00,
457,2026-03-12 10:06:22,  5.53,  0.63, 28.45, 69.49, 48.71,  1.95, 10.00,2,0,0,0,0,20400,2026-03-12 10:06:24,  5.60,  0.64, 28.45, 69.49, 48.84,  2.10, 10.00,2,0,0,0,0,20400,2026-03-12 10:09:01,  0.00,  0.00,  7.40, 47.33, 56.05,  1.05, 10.00,2,C0,2000,2000,0,20400, 18.25,  0.64, 28.45, 56.54,  8.10,  7.33, 48.71,  0.00,
458,2026-03-12 10:13:41,  1.63,  0.43, 12.49, 26.84, 55.19,  0.00, 10.00,2,40,2000,0,0,20400,2026-03-12 10:14:49,  3.95,  0.38, 33.22, 27.37, 45.49,  0.00,  9.71,2,0,0,0,0,20400,2026-03-12 10:15:07,  0.00,  0.00, 33.22, 27.37, 45.41,  0.00,  9.71,2,0,0,0,0,20400, 12.73,  0.43, 33.34, 55.54,  8.10, 12.49, 45.41,  0.00,
459,2026-03-12 10:31:50, 10.17,  1.16, 28.64,360.00, 48.64,  2.10, 10.00,2,0,0,0,0,20400,2026-03-12 10:31:53, 10.50,  1.20, 28.64,360.00, 48.76,  2.10, 10.00,2,0,0,0,0,20400,2026-03-12 10:34:15,  0.00,  0.00,  6.90,325.12, 56.17,  0.00, 10.00,2,C0,2000,2000,0,20400, 34.24,  1.20, 28.64, 56.57,  8.10,  6.90, 48.64,  0.00,
460,2026-03-12 10:36:56,  2.58,  1.04,  8.05,300.04, 56.12,  1.95, 10.00,2,C0,2000,2000,0,20400,2026-03-12 10:38:09, 10.76,  1.09, 32.31,310.38, 46.22,  2.25, 10.00,2,0,0,0,0,20400,2026-03-12 10:39:05,  0.00,  0.00, 32.37,310.55, 46.08,  2.10, 10.00,2,0,0,0,0,20400, 35.07,  1.12, 32.37, 56.33,  8.10,  7.98, 46.08,  0.00,
461,2026-03-12 13:25:47,  6.17,  0.34, 45.69,307.90, 30.81,  1.65,  5.53,2,0,0,0,0,20400,2026-03-12 13:25:47,  6.72,  0.37, 45.69,307.90, 30.83,  1.65,  5.53,2,0,0,0,0,20400,2026-03-12 13:27:10,  0.51,  0.11, 15.80,313.02, 55.30,  0.00, 10.00,2,0,0,0,0,20400, 16.99,  0.37, 45.69, 55.30,  8.10, 15.80, 30.81,  0.00,
462,2026-03-12 13:38:15,  6.67,  0.66, 32.94,311.52, 45.75,  1.95,  9.84,2,0,0,0,0,20400,2026-03-12 13:38:17,  7.75,  0.76, 32.94,311.52, 45.76,  1.95,  9.84,2,0,0,0,0,20400,2026-03-12 13:39:49,  0.00,  0.00,  8.49,299.78, 56.10,  1.80, 10.00,2,C0,2000,2000,0,20400, 25.13,  0.76, 32.94, 56.40,  8.10,  8.49, 45.75,  0.00,
463,2026-03-12 13:43:18,  1.32,  0.30, 14.40,320.00, 54.93,  2.70, 10.00,2,0,0,0,0,20400,2026-03-12 13:44:54,  3.94,  0.40, 32.20,323.62, 46.51,  2.70, 10.00,2,0,0,0,0,20400,2026-03-12 13:45:09,  0.00,  0.00, 32.20,323.71, 46.42,  3.45, 10.00,2,0,0,0,0,20400, 12.83,  0.43, 32.20, 55.24,  8.10, 14.40, 46.42,  0.00,
464,2026-03-12 13:47:28,  1.66,  0.55,  9.85,323.27, 55.89,  0.00, 10.00,2,C0,2000,2000,0,20400,2026-03-12 13:48:46,  5.63,  0.57, 32.26,323.71, 46.42,  0.00, 10.00,2,0,0,0,0,20400,2026-03-12 13:48:57,  0.00,  0.00, 32.26,323.71, 46.32,  0.00, 10.00,2,0,0,0,0,20400, 18.36,  0.63, 32.77, 56.21,  8.10,  9.85, 46.19,  0.00,
465,2026-03-12 13:52:37,  3.85,  1.28,  9.78,302.96, 55.87,  1.35, 10.00,2,C0,2000,2000,0,20400,2026-03-12 13:54:24, 12.89,  1.23, 33.67,335.81, 45.13,  0.00,  9.51,2,0,0,0,0,20400,2026-03-12 13:54:38,  0.00,  0.00, 33.56,335.81, 45.17,  0.00,  9.56,2,0,0,0,0,20400, 41.27,  1.29, 33.89, 56.64,  8.10,  9.78, 45.10,  0.00,
466,2026-03-12 13:59:01,  1.18,  0.47,  8.20,360.00, 56.09,  2.55, 10.00,2,C0,2000,2000,0,20400,2026-03-12 14:00:38,  3.84,  1.23, 10.21,342.69, 55.86,  0.00, 10.00,2,40,2000,0,0,20400,2026-03-12 14:01:07,  0.00,  0.00, 10.21,342.69, 55.76,  1.05, 10.00,2,40,2000,0,0,20400, 12.52,  1.29, 10.21, 56.72,  8.10,  8.20, 55.75,  0.00,
467,2026-03-12 14:05:39,  1.38,  0.61,  7.40,360.00, 56.23,  1.05, 10.00,2,C0,2000,2000,0,20400,2026-03-12 14:05:41,  1.48,  0.65,  7.40,360.00, 56.27,  1.20, 10.00,2,C0,2000,2000,0,20400,2026-03-12 14:07:39,  0.00,  0.00,  4.94, 36.56, 56.45,  0.00, 10.00,2,C0,2000,2000,0,20400,  4.83,  0.65,  7.40, 56.98,  8.10,  4.94, 56.23,  0.00,
468,2026-03-12 14:11:35,  1.30,  0.56,  7.55,353.82, 56.19,  2.40, 10.00,2,C0,2000,2000,0,20400,2026-03-12 14:13:04,  4.12,  0.64, 20.93,344.28, 52.72,  1.35, 10.00,2,0,0,0,0,20400,2026-03-12 14:13:19,  0.00,  0.00, 20.86,344.28, 52.69,  1.35, 10.00,2,0,0,0,0,20400, 13.42,  0.65, 20.93, 56.81,  8.10,  7.48, 52.69,  0.00,
469,2026-03-12 14:17:02,  3.24,  0.87, 12.14,358.68, 55.50,  2.55, 10.00,2,40,2000,0,0,20400,2026-03-12 14:18:16,  8.65,  0.93, 30.21,  0.00, 47.80,  3.15, 10.00,2,0,0,0,0,20404,2026-03-12 14:18:43,  0.25,  0.03, 30.21,  0.00, 47.74,  2.40, 10.00,2,0,0,0,0,20404, 28.20,  0.93, 30.21, 55.88,  8.10, 12.14, 47.74,  0.00,
470,2026-03-12 14:55:07,  4.87,  0.50, 31.91, 22.52, 46.44,  0.00, 10.00,2,0,0,0,0,20400,2026-03-12 14:55:10,  5.76,  0.59, 31.91, 22.52, 46.50,  0.00, 10.00,2,0,0,0,0,20400,2026-03-12 14:56:42,  0.00,  0.00, 27.22,  0.00, 49.48,  0.00, 10.00,2,0,0,0,0,20404, 18.77,  0.67, 31.97, 49.59,  8.10, 27.22, 46.44,  0.00,
471,2026-03-12 15:31:44,  0.50,  0.19,  8.63, 25.61, 56.16,  0.00, 10.00,2,C0,2000,2000,0,20400,2026-03-12 15:32:27,  0.80,  0.19, 14.05, 30.91, 55.07,  0.00, 10.00,2,40,2000,0,0,20400,2026-03-12 15:32:37,  0.00,  0.00, 14.05, 30.91, 55.02,  0.00, 10.00,2,40,2000,0,0,20400,  2.61,  0.19, 14.12, 56.33,  8.10,  8.63, 55.02,  0.00,
472,2026-03-13 07:28:36,  5.20,  1.23, 13.84,299.07, 55.09,  2.10, 10.00,2,40,2000,0,0,20400,2026-03-13 07:32:19, 10.38,  1.14, 29.61,322.65, 48.30,  0.00, 10.00,2,0,0,0,0,20400,2026-03-13 07:32:38,  0.00,  0.00, 29.61,322.56, 48.22,  0.00, 10.00,2,0,0,0,0,20400, 33.82,  1.23, 29.67, 55.84,  8.10, 13.84, 48.20,  0.00,
473,2026-03-13 07:37:51,  2.60,  0.27, 31.85,321.59, 46.51,  0.00, 10.00,2,0,0,0,0,20400,2026-03-13 07:38:10,  3.86,  0.39, 31.85,321.59, 46.55,  1.20, 10.00,2,0,0,0,0,20400,2026-03-13 07:40:33,  0.00,  0.00, 16.22,319.91, 54.34,  1.05, 10.00,2,0,0,0,0,20400, 12.57,  0.40, 31.91, 54.92,  8.10, 16.15, 46.47,  0.00,
474,2026-03-13 07:42:21,  2.78,  0.66, 13.63,320.62, 55.08,  0.00, 10.00,2,40,2000,0,0,20400,2026-03-13 07:43:28,  7.01,  0.88, 25.96,323.18, 50.47,  1.20, 10.00,2,0,0,0,0,20400,2026-03-13 07:43:43,  0.00,  0.00, 26.02,323.18, 50.36,  0.00, 10.00,2,0,0,0,0,20400, 22.86,  0.94, 26.09, 55.49,  8.10, 13.63, 50.36,  0.00,
475,2026-03-13 07:57:17, 20.67,  1.21, 44.04,309.32, 33.52,  2.10,  5.86,2,0,0,0,0,20400,2026-03-13 07:57:17, 21.00,  1.23, 44.04,309.32, 33.53,  2.10,  5.86,2,0,0,0,0,20400,2026-03-13 07:59:41,  0.00,  0.00, 11.28,320.18, 55.56,  0.00, 10.00,2,40,2000,0,0,20400, 54.15,  1.23, 44.04, 55.82,  8.10, 10.64, 33.52,  0.00,
476,2026-03-13 08:25:00,  2.39,  0.27, 29.37,341.63, 48.40,  2.10, 10.00,2,0,0,0,0,20400,2026-03-13 08:25:01,  3.01,  0.33, 29.37,341.72, 48.42,  2.10, 10.00,2,0,0,0,0,20400,2026-03-13 08:26:59,  0.00,  0.00, 22.53,334.66, 52.07,  1.95, 10.00,2,0,0,0,0,20400,  9.81,  0.33, 29.37, 52.67,  8.10, 22.26, 48.40,  0.00,
477,2026-03-13 08:55:55,  0.96,  0.26, 12.14,295.28, 55.48,  2.10, 10.00,2,40,2000,0,0,20400,2026-03-13 08:57:19,  3.69,  0.29, 37.86,295.10, 41.41,  1.95,  7.81,2,0,0,0,0,20400,2026-03-13 08:57:39,  0.00,  0.00, 39.18,295.10, 39.90,  1.80,  7.37,2,0,0,0,0,20400, 10.92,  0.34, 39.18, 55.65,  8.10, 12.14, 39.90,  0.00,
478,2026-03-13 09:30:21,  2.50,  0.39, 20.66,344.19, 52.95,  3.15, 10.00,2,0,0,0,0,20400,2026-03-13 09:30:21,  2.50,  0.39, 20.66,344.19, 52.95,  3.15, 10.00,2,0,0,0,0,20400,2026-03-13 09:31:57,  0.00,  0.00, 11.21,328.92, 55.69,  1.50, 10.00,2,40,2000,0,0,20400,  8.16,  0.41, 20.66, 55.99,  8.10, 11.21, 52.95,  0.00,
479,2026-03-13 09:35:28,  2.71,  0.90,  9.85,334.30, 55.87,  2.85, 10.00,2,C0,2000,2000,0,20400,2026-03-13 09:36:51,  6.94,  1.05, 21.53,344.55, 52.55,  3.15, 10.00,2,0,0,0,0,20400,2026-03-13 09:37:05,  0.00,  0.00, 21.60,344.46, 52.39,  1.35, 10.00,2,0,0,0,0,20400, 22.64,  1.05, 21.67, 56.26,  8.10,  9.85, 52.39,  0.00,
480,2026-03-13 10:13:12,  4.26,  1.50,  9.28,308.34, 55.96,  3.60, 10.00,2,C0,2000,2000,0,20400,2026-03-13 10:15:09, 19.48,  1.45, 39.04,321.24, 40.13,  1.20,  7.42,2,0,0,0,0,20400,2026-03-13 10:15:32,  0.00,  0.00, 38.99,321.24, 40.06,  1.05,  7.44,2,0,0,0,0,20400, 56.45,  1.51, 39.47, 56.54,  8.10,  9.28, 39.76,  0.00,
481,2026-03-13 10:19:03,  1.52,  0.57,  8.70,310.02, 56.08,  3.75, 10.00,2,C0,2000,2000,0,20400,2026-03-13 10:20:41,  5.10,  0.52, 31.97,318.68, 46.52,  2.70, 10.00,2,0,0,0,0,20400,2026-03-13 10:20:57,  0.00,  0.00, 31.91,318.59, 46.46,  3.60, 10.00,2,0,0,0,0,20400, 16.62,  0.57, 32.26, 56.72,  8.10,  8.63, 46.42,  0.00,
482,2026-03-13 10:25:51,  3.85,  0.85, 14.82,299.25, 54.80,  3.00, 10.00,2,0,0,0,0,20400,2026-03-13 10:27:30,  7.47,  0.86, 28.27,320.71, 49.08,  1.50, 10.00,2,0,0,0,0,20400,2026-03-13 10:27:47,  0.00,  0.00, 28.27,320.88, 48.95,  1.20, 10.00,2,0,0,0,0,20400, 24.35,  0.86, 28.33, 55.53,  8.10, 14.82, 48.91,  0.00,
483,2026-03-13 10:35:01,  3.24,  0.34, 31.27,307.81, 47.02,  4.65, 10.00,2,0,0,0,0,20400,2026-03-13 10:36:46,  4.10,  0.41, 32.83,286.80, 45.88,  4.20,  9.90,2,0,0,0,0,20400,2026-03-13 10:36:58,  0.00,  0.00, 32.83,286.71, 45.84,  3.00,  9.90,2,0,0,0,0,20400, 13.33,  0.43, 32.83, 48.28,  8.10, 30.15, 45.84,  0.00,
484,2026-03-13 10:43:11,  2.84,  1.20,  7.69,246.36, 56.17,  1.20, 10.00,2,C0,2000,2000,0,20400,2026-03-13 10:44:38, 11.86,  1.29, 29.97,255.54, 47.93,  1.35, 10.00,2,0,0,0,0,20400,2026-03-13 10:45:09,  0.00,  0.00, 29.61,255.54, 48.09,  1.95, 10.00,2,0,0,0,0,20400, 38.67,  1.33, 29.97, 56.83,  8.10,  7.69, 47.92,  0.00,
485,2026-03-13 10:48:45,  1.24,  0.50,  7.98,247.42, 56.16,  3.00, 10.00,2,C0,2000,2000,0,20400,2026-03-13 10:50:28,  3.58,  0.59, 19.85,255.89, 53.24,  1.05, 10.00,2,0,0,0,0,20400,2026-03-13 10:50:58,  0.00,  0.00, 17.94,255.89, 53.82,  2.55, 10.00,2,0,0,0,0,20400, 11.68,  0.60, 20.39, 56.94,  8.10,  7.98, 53.23,  0.00,
486,2026-03-13 13:26:49, 13.10,  1.23, 34.00,255.10, 44.79,  3.15,  9.36,2,0,0,0,0,20400,2026-03-13 13:27:44, 26.97,  1.95, 39.56,255.01, 39.56,  1.50,  7.25,2,0,0,0,0,20400,2026-03-13 13:29:17,  0.00,  0.00, 14.68,254.13, 54.75,  1.80, 10.00,2,0,0,0,0,20400, 77.33,  2.01, 39.75, 54.81,  8.10, 14.61, 39.34,  0.00,
487,2026-03-13 14:01:21,  2.02,  0.71,  9.28,245.03, 55.98,  2.70, 10.00,2,C0,2000,2000,0,20400,2026-03-13 14:02:34,  5.63,  0.74, 24.94,258.72, 51.00,  0.00, 10.00,2,0,0,0,0,20400,2026-03-13 14:02:56,  0.00,  0.00, 24.87,258.72, 50.97,  0.00, 10.00,2,0,0,0,0,20400, 18.36,  0.75, 24.94, 56.55,  8.10,  9.21, 50.94,  0.00,
488,2026-03-13 15:13:12,  2.55,  0.37, 22.33,217.66, 52.16,  0.00, 10.00,2,0,0,0,0,20400,2026-03-13 15:15:28,  5.20,  0.54, 31.21,198.94, 47.21,  0.00, 10.00,2,0,0,0,0,20400,2026-03-13 15:15:45,  0.00,  0.00, 31.50,198.85, 46.92,  0.00, 10.00,2,0,0,0,0,20400, 16.94,  0.57, 31.50, 52.70,  8.10, 22.33, 46.92,  0.00,
489,2026-03-14 08:36:42,  2.50,  0.78, 10.43,179.69, 55.81,  0.00, 10.00,2,40,2000,0,0,20400,2026-03-14 08:38:00,  7.03,  0.78, 29.31,196.47, 48.63,  0.00, 10.00,2,0,0,0,0,20400,2026-03-14 08:38:27,  0.00,  0.00, 29.31,196.56, 48.44,  0.00, 10.00,2,0,0,0,0,20400, 22.91,  0.87, 29.31, 56.57,  8.10, 10.43, 48.44,  0.00,
490,2026-03-14 08:50:13, 10.35,  1.09, 30.98,176.34, 47.18,  0.00, 10.00,2,0,0,0,0,20400,2026-03-14 08:50:17, 11.58,  1.22, 30.98,176.34, 47.26,  0.00, 10.00,2,0,0,0,0,20400,2026-03-14 08:52:23,  0.00,  0.00, 10.43,196.47, 55.76,  0.00, 10.00,2,40,2000,0,0,20400, 37.74,  1.22, 31.04, 56.75,  8.10,  9.06, 47.16,  0.00,
491,2026-03-14 09:00:59, 29.95,  2.35, 37.81,182.08, 41.37,  0.00,  7.83,2,0,0,0,0,20400,2026-03-14 09:01:03, 31.89,  2.50, 37.81,182.08, 41.38,  0.00,  7.83,2,0,0,0,0,20400,2026-03-14 09:03:16,  0.00,  0.00, 14.54,160.88, 54.83,  0.00, 10.00,2,0,0,0,0,20400, 94.41,  2.50, 37.86, 55.48,  8.10, 14.47, 41.32,  0.00,
492,2026-03-14 09:10:47,  4.45,  0.55, 26.34,155.23, 50.02,  0.00, 10.00,2,0,0,0,0,20400,2026-03-14 09:14:13, 21.04,  1.24, 43.89,119.29, 33.76,  0.00,  5.90,2,0,0,0,0,20400,2026-03-14 09:14:26,  0.00,  0.00, 44.08,119.29, 33.38,  0.00,  5.85,2,0,0,0,0,20400, 54.46,  1.33, 44.12, 56.71,  8.10,  8.34, 33.32,  0.00,
493,2026-03-14 09:16:52, 13.94,  0.85, 43.13,118.32, 34.91,  0.00,  6.10,2,0,0,0,0,20400,2026-03-14 09:17:00, 48.17,  2.94, 43.13,118.32, 34.96,  0.00,  6.10,2,0,0,0,0,20400,2026-03-14 09:18:57,  0.00,  0.00, 14.40,132.98, 54.85,  0.00, 10.00,2,0,0,0,0,20400,126.69,  2.94, 43.13, 55.27,  8.10, 14.40, 34.91,  0.00,
494,2026-03-14 09:21:57, 17.52,  1.83, 31.15,118.06, 47.00,  0.00, 10.00,2,0,0,0,0,20400,2026-03-14 09:22:02, 27.16,  2.84, 31.15,118.06, 47.02,  0.00, 10.00,2,0,0,0,0,20400,2026-03-14 09:23:43,  0.00,  0.00, 22.33,133.42, 52.17,  0.00, 10.00,2,0,0,0,0,20400, 88.56,  2.84, 31.21, 54.16,  8.10, 19.18, 46.96,  0.00,
495,2026-03-14 09:26:14,  2.96,  0.43, 22.33,131.83, 52.19,  0.00, 10.00,2,0,0,0,0,20400,2026-03-14 09:27:26,  4.81,  0.50, 31.04,118.50, 47.23,  0.00, 10.00,2,0,0,0,0,20400,2026-03-14 09:27:44,  0.00,  0.00, 31.04,118.41, 47.13,  0.00, 10.00,2,0,0,0,0,20400, 15.67,  0.55, 31.04, 52.82,  8.10, 22.33, 47.13,  0.00,
496,2026-03-14 09:31:59, 20.24,  0.99, 49.17,120.71, 22.94,  0.00,  4.89,2,10,1000,0,0,20400,2026-03-14 09:32:02, 22.49,  1.10, 49.17,120.71, 23.01,  0.00,  4.89,2,10,1000,0,0,20400,2026-03-14 09:34:04,  0.00,  0.00, 21.13,132.01, 52.56,  0.00, 10.00,2,0,0,0,0,20400, 54.11,  1.10, 49.17, 53.06,  8.10, 20.73, 22.94,  0.00,
497,2026-03-14 09:41:36, 20.80,  1.02, 49.19,121.24, 22.85,  0.00,  4.89,2,10,1000,0,0,20400,2026-03-14 09:41:38, 21.86,  1.07, 49.17,121.24, 22.95,  0.00,  4.89,2,10,1000,0,0,20400,2026-03-14 09:44:20,  0.00,  0.00, 17.60,159.74, 53.88,  0.00, 10.00,2,0,0,0,0,20400, 52.62,  1.08, 49.19, 54.46,  8.10, 17.53, 22.85,  0.00,
498,2026-03-14 10:02:23, 25.52,  1.89, 39.04,121.59, 40.07,  0.00,  7.42,2,0,0,0,0,20400,2026-03-14 10:02:33, 32.58,  2.47, 38.55,121.50, 40.67,  0.00,  7.58,2,0,0,0,0,20400,2026-03-14 10:05:05,  0.00,  0.00, 14.05,132.54, 55.02,  0.00, 10.00,2,40,2000,0,0,20400, 95.24,  2.47, 39.04, 55.30,  8.10, 14.05, 40.07,  0.00,
499,2026-03-14 10:10:01, 20.27,  1.49, 39.28,121.59, 39.86,  0.00,  7.34,2,0,0,0,0,20400,2026-03-14 10:12:21, 35.55,  2.43, 40.77, 97.40, 38.15,  0.00,  6.83,2,0,0,0,0,20400,2026-03-14 10:13:03,  0.00,  0.00, 41.48, 97.40, 37.19,  1.05,  6.58,2,0,0,0,0,20400, 99.02,  2.43, 41.48, 50.80,  8.10, 26.40, 37.19,  0.00,
500,2026-03-14 10:16:20, 15.42,  0.95, 42.93,118.06, 35.23,  0.00,  6.15,2,0,0,0,0,20400,2026-03-14 10:16:26, 35.34,  2.17, 42.93,118.06, 35.30,  0.00,  6.15,2,0,0,0,0,20400,2026-03-14 10:18:30,  0.00,  0.00, 39.94, 97.40, 39.05,  0.00,  7.12,2,0,0,0,0,20400, 93.35,  2.20, 42.93, 41.65,  8.10, 38.01, 35.23,  0.00,
501,2026-03-14 10:21:55, 10.65,  1.17, 29.61,114.44, 48.22,  0.00, 10.00,2,0,0,0,0,20400,2026-03-14 10:23:53, 18.97,  1.17, 42.97, 97.48, 35.22,  0.00,  6.14,2,0,0,0,0,20400,2026-03-14 10:24:08,  0.00,  0.00, 42.97, 97.48, 35.17,  1.50,  6.14,2,0,0,0,0,20400, 50.06,  1.17, 43.01, 48.57,  8.10, 29.55, 35.12,  0.00,
502,2026-03-14 13:18:32,  8.70,  0.50, 44.57,118.59, 32.70,  0.00,  5.71,2,0,0,0,0,20400,2026-03-14 13:18:32,  8.70,  0.50, 44.57,118.59, 32.70,  0.00,  5.71,2,0,0,0,0,20400,2026-03-14 13:20:46,  0.00,  0.00, 27.28,135.28, 49.65,  2.25, 10.00,2,0,0,0,0,20400, 22.16,  0.50, 44.61, 49.70,  8.10, 27.28, 32.66,  0.00,
503,2026-03-14 13:25:02,  9.99,  0.97, 33.28,119.91, 45.48,  1.05,  9.69,2,0,0,0,0,20400,2026-03-14 13:26:46, 25.92,  2.06, 37.40, 97.31, 41.82,  0.00,  7.97,2,0,0,0,0,20400,2026-03-14 13:27:06,  0.00,  0.00, 37.66, 97.31, 41.51,  1.20,  7.88,2,0,0,0,0,20400, 77.22,  2.11, 37.71, 45.99,  8.10, 33.28, 41.46,  0.00,
504,2026-03-14 13:29:48, 23.44,  2.50, 30.51,116.03, 47.47,  3.75, 10.00,2,0,0,0,0,20400,2026-03-14 13:29:55, 27.17,  2.90, 30.51,116.03, 47.56,  2.10, 10.00,2,0,0,0,0,20400,2026-03-14 13:32:19,  0.00,  0.00, 14.75,145.61, 54.83,  3.60, 10.00,2,0,0,0,0,20400, 88.56,  2.90, 30.56, 55.57,  8.10, 14.40, 47.45,  0.00,
505,2026-03-14 13:36:18, 20.91,  2.10, 32.49,120.00, 46.10,  2.85, 10.00,2,0,0,0,0,20400,2026-03-14 13:36:27, 22.58,  2.27, 32.49,119.91, 46.15,  1.95, 10.00,2,0,0,0,0,20400,2026-03-14 13:39:43,  0.00,  0.00,  4.94,145.70, 56.49,  2.40, 10.00,2,C0,2000,2000,0,20400, 73.60,  2.27, 32.49, 56.82,  8.10,  4.87, 46.10,  0.00,
506,2026-03-14 13:43:47, 12.76,  1.31, 31.85,118.32, 46.64,  2.70, 10.00,2,0,0,0,0,20400,2026-03-14 13:43:48, 12.90,  1.32, 31.85,118.32, 46.70,  2.70, 10.00,2,0,0,0,0,20400,2026-03-14 13:46:36,  0.00,  0.00, 23.58, 88.74, 51.58,  0.00, 10.00,2,0,0,0,0,20400, 42.07,  1.32, 31.91, 52.01,  8.10, 23.58, 46.64,  0.00,
507,2026-03-14 13:48:58,  2.15,  0.27, 25.64, 87.68, 50.52,  1.35, 10.00,2,0,0,0,0,20400,2026-03-14 13:51:29,  3.20,  0.33, 31.62,117.35, 46.77,  1.20, 10.00,2,0,0,0,0,20400,2026-03-14 13:51:40,  0.00,  0.00, 31.62,117.35, 46.72,  1.35, 10.00,2,0,0,0,0,20400, 10.44,  0.40, 31.68, 51.00,  8.10, 25.64, 46.66,  0.00,
508,2026-03-14 13:53:04, 12.86,  1.29, 32.49,118.23, 46.15,  1.05, 10.00,2,0,0,0,0,20400,2026-03-14 13:53:06, 13.20,  1.32, 32.49,118.23, 46.22,  1.05, 10.00,2,0,0,0,0,20400,2026-03-14 13:56:21,  0.00,  0.00, 33.39, 87.15, 45.41,  3.30,  9.64,2,0,0,0,0,20400, 43.03,  1.32, 33.45, 49.60,  8.10, 28.39, 45.41,  0.00,
509,2026-03-14 14:02:16, 12.45,  1.31, 31.10,118.23, 47.14,  0.00, 10.00,2,0,0,0,0,20400,2026-03-14 14:02:17, 12.49,  1.31, 31.10,118.23, 47.16,  0.00, 10.00,2,0,0,0,0,20400,2026-03-14 14:04:23,  0.00,  0.00, 12.42, 88.74, 55.38,  3.75, 10.00,2,40,2000,0,0,20400, 40.71,  1.32, 31.10, 55.78,  8.10, 12.28, 47.14,  0.00,
510,2026-03-16 08:40:40,  5.34,  0.59, 29.43, 74.53, 48.37,  0.00, 10.00,2,0,0,0,0,20400,2026-03-16 08:42:46,  6.91,  0.57, 36.53, 96.25, 42.67,  0.00,  8.29,2,0,0,0,0,20400,2026-03-16 08:42:58,  0.00,  0.00, 37.00, 96.25, 42.14,  0.00,  8.10,2,0,0,0,0,20400, 20.93,  0.59, 37.00, 48.62,  8.10, 29.43, 42.14,  0.00,
511,2026-03-16 09:09:41,  3.61,  0.36, 32.66, 71.17, 45.92,  0.00,  9.97,2,0,0,0,0,20400,2026-03-16 09:11:09,  3.98,  0.35, 35.58, 96.25, 43.50,  0.00,  8.67,2,0,0,0,0,20400,2026-03-16 09:11:18,  0.00,  0.00, 35.58, 96.25, 43.43,  0.00,  8.67,2,0,0,0,0,20400, 12.29,  0.36, 35.58, 46.34,  8.10, 32.66, 43.43,  0.00,
512,2026-03-16 09:14:19,  3.37,  0.52, 21.27, 72.14, 52.49,  0.00, 10.00,2,0,0,0,0,20400,2026-03-16 09:15:38,  5.05,  0.49, 33.11, 96.25, 45.58,  0.00,  9.77,2,0,0,0,0,20400,2026-03-16 09:15:55,  0.00,  0.00, 33.89, 96.25, 44.81,  0.00,  9.41,2,0,0,0,0,20400, 16.34,  0.52, 33.89, 52.91,  8.10, 21.27, 44.81,  0.00,
513,2026-03-16 09:18:53, 13.15,  1.32, 32.54,119.12, 45.99,  0.00, 10.00,2,0,0,0,0,20400,2026-03-16 09:18:55, 13.22,  1.32, 32.54,119.12, 46.02,  0.00, 10.00,2,0,0,0,0,20400,2026-03-16 09:20:35,  0.00,  0.00, 32.49,130.77, 46.00,  1.35, 10.00,2,0,0,0,0,20400, 43.10,  1.32, 33.45, 46.62,  8.10, 32.43, 45.67,  0.00,
514,2026-03-16 09:29:05,  1.42,  0.27, 17.39,132.01, 54.02,  0.00, 10.00,2,0,0,0,0,20400,2026-03-16 09:30:38,  3.10,  0.26, 36.11,156.64, 42.98,  1.05,  8.46,2,0,0,0,0,20400,2026-03-16 09:30:44,  0.00,  0.00, 36.11,156.64, 42.94,  1.20,  8.46,2,0,0,0,0,20400,  9.46,  0.27, 36.11, 54.33,  8.10, 17.39, 42.94,  0.00,
515,2026-03-16 09:34:13, 13.69,  1.31, 33.62,178.72, 45.17,  1.05,  9.53,2,0,0,0,0,20400,2026-03-16 09:34:13, 13.69,  1.31, 33.62,178.72, 45.17,  1.05,  9.53,2,0,0,0,0,20400,2026-03-16 09:35:45,  0.00,  0.00, 20.46,193.38, 52.80,  0.00, 10.00,2,0,0,0,0,20400, 43.89,  1.31, 33.62, 53.80,  8.10, 20.06, 45.17,  0.00,
516,2026-03-16 09:38:43, 12.50,  1.26, 32.43,180.04, 46.05,  1.05, 10.00,2,0,0,0,0,20400,2026-03-16 09:38:44, 12.95,  1.30, 32.43,180.04, 46.06,  1.05, 10.00,2,0,0,0,0,20400,2026-03-16 09:40:00,  0.00,  0.00, 14.96,194.44, 54.65,  0.00, 10.00,2,0,0,0,0,20400, 42.21,  1.30, 32.43, 55.23,  8.10, 14.96, 46.05,  0.00,
517,2026-03-16 09:42:03,  2.38,  0.35, 22.20,193.73, 52.12,  0.00, 10.00,2,0,0,0,0,20400,2026-03-16 09:42:05,  2.45,  0.36, 22.20,193.73, 52.22,  0.00, 10.00,2,0,0,0,0,20400,2026-03-16 09:43:10,  0.00,  0.00, 10.14,190.99, 55.70,  1.35, 10.00,2,40,2000,0,0,20400,  8.00,  0.36, 22.20, 55.95,  8.10,  9.85, 52.12,  0.00,
518,2026-03-16 09:57:31,  2.74,  0.89, 10.07,180.04, 55.82,  0.00, 10.00,2,40,2000,0,0,20400,2026-03-16 10:02:25,  7.01,  0.88, 25.83,211.21, 50.50,  0.00, 10.00,2,0,0,0,0,20400,2026-03-16 10:03:02,  0.00,  0.00, 25.26,211.30, 50.63,  0.00, 10.00,2,0,0,0,0,20400, 22.84,  0.91, 26.59, 56.49,  8.10, 10.00, 50.26,  0.00,
519,2026-03-16 10:05:44,  9.10,  0.93, 32.03,210.68, 46.41,  0.00, 10.00,2,0,0,0,0,20400,2026-03-16 10:05:44,  9.81,  1.00, 32.03,210.68, 46.41,  0.00, 10.00,2,0,0,0,0,20400,2026-03-16 10:08:28,  0.00,  0.00, 19.31,216.69, 53.43,  0.00, 10.00,2,0,0,0,0,20400, 31.97,  1.00, 32.03, 53.67,  8.10, 19.24, 46.41,  0.00,
520,2026-03-16 10:16:54,  4.88,  1.22, 13.06,235.06, 55.13,  2.10, 10.00,2,40,2000,0,0,20400,2026-03-16 10:18:35, 11.23,  1.13, 32.26,256.16, 46.25,  1.20, 10.00,2,0,0,0,0,20400,2026-03-16 10:18:44,  0.00,  0.00, 32.08,256.16, 46.33,  1.50, 10.00,2,0,0,0,0,20400, 36.60,  1.24, 32.43, 55.75,  8.10, 13.06, 46.20,  0.00,
521,2026-03-16 10:52:10,  0.76,  0.16, 15.59,253.86, 54.57,  1.80, 10.00,2,0,0,0,0,20400,2026-03-16 10:53:42,  3.23,  0.34, 31.21,255.54, 47.21,  1.80, 10.00,2,0,0,0,0,20400,2026-03-16 10:54:24,  0.00,  0.00, 31.68,255.54, 46.75,  0.00, 10.00,2,0,0,0,0,20400, 10.54,  0.38, 31.68, 55.10,  8.10, 15.59, 46.75,  0.00,
522,2026-03-16 13:13:53,  1.12,  0.16, 23.45,254.22, 51.62,  4.35, 10.00,2,0,0,0,0,20400,2026-03-16 13:15:35,  1.99,  0.28, 23.45,254.22, 51.64,  3.30, 10.00,2,0,0,0,0,20400,2026-03-16 13:18:02,  0.00,  0.00, 18.15,256.42, 53.86,  4.50, 10.00,2,0,0,0,0,20400,  6.50,  0.28, 23.45, 54.54,  8.10, 17.46, 51.62,  0.00,
523,2026-03-16 13:23:45,  1.10,  0.16, 23.05,254.22, 51.90,  1.65, 10.00,2,0,0,0,0,20400,2026-03-16 13:23:46,  1.26,  0.18, 23.05,254.22, 51.93,  1.80, 10.00,2,0,0,0,0,20400,2026-03-16 13:25:45,  0.00,  0.00, 11.64,257.40, 55.57,  1.50, 10.00,2,40,2000,0,0,20400,  4.11,  0.25, 23.05, 55.93,  8.10, 11.57, 51.90,  0.00,
524,2026-03-16 13:29:58,  2.51,  0.27, 30.86,254.48, 47.20,  3.15, 10.00,2,0,0,0,0,20400,2026-03-16 13:30:27,  3.02,  0.32, 30.86,254.48, 47.23,  2.70, 10.00,2,0,0,0,0,20400,2026-03-16 13:32:34,  0.00,  0.00, 21.87,256.16, 52.29,  1.95, 10.00,2,0,0,0,0,20400,  9.84,  0.32, 30.86, 52.37,  8.10, 21.87, 47.20,  0.00,
525,2026-03-16 13:36:05,  2.25,  0.23, 31.62,254.30, 46.61,  3.00, 10.00,2,0,0,0,0,20400,2026-03-16 13:36:32,  3.01,  0.31, 31.56,254.30, 46.69,  2.25, 10.00,2,0,0,0,0,20400,2026-03-16 13:38:36,  0.00,  0.00, 15.24,256.95, 54.57,  1.95, 10.00,2,0,0,0,0,20400,  9.82,  0.31, 31.62, 54.80,  8.10, 15.24, 46.61,  0.00,
526,2026-03-16 13:44:38, 12.63,  1.58, 26.02,241.50, 49.88,  1.95, 10.00,2,0,0,0,0,20400,2026-03-16 13:45:59, 25.84,  1.58, 43.09,223.22, 34.59,  0.00,  6.11,2,0,0,0,0,20400,2026-03-16 13:46:08,  0.00,  0.00, 42.93,223.22, 34.76,  0.00,  6.15,2,0,0,0,0,20400, 68.03,  1.62, 43.13, 50.27,  8.10, 26.02, 34.53,  0.00,
527,2026-03-16 13:50:10,  5.77,  0.71, 26.53,239.47, 49.81,  2.55, 10.00,2,0,0,0,0,20400,2026-03-16 13:51:22,  8.92,  0.67, 38.84,223.22, 40.14,  0.00,  7.49,2,0,0,0,0,20400,2026-03-16 13:51:38,  0.00,  0.00, 38.84,222.96, 40.07,  0.00,  7.49,2,0,0,0,0,20400, 25.95,  0.71, 38.89, 50.20,  8.10, 26.53, 40.07,  0.00,
528,2026-03-16 13:55:49,  7.59,  0.98, 25.26,238.06, 50.61,  2.55, 10.00,2,0,0,0,0,20400,2026-03-16 13:57:16, 14.77,  0.98, 41.35,220.13, 37.28,  0.00,  6.63,2,0,0,0,0,20400,2026-03-16 13:57:30,  0.00,  0.00, 41.48,220.22, 37.05,  0.00,  6.58,2,0,0,0,0,20400, 40.49,  0.99, 41.48, 51.00,  8.10, 25.26, 37.05,  0.00,
529,2026-03-16 14:05:17,  1.12,  0.20, 17.81,220.66, 53.82,  1.50, 10.00,2,0,0,0,0,20400,2026-03-16 14:08:15,  2.52,  0.25, 33.05,210.86, 45.74,  0.00,  9.79,2,0,0,0,0,20400,2026-03-16 14:09:11,  0.00,  0.00, 33.05,210.86, 45.65,  1.35,  9.79,2,0,0,0,0,20400,  8.15,  0.30, 33.05, 54.27,  8.10, 17.74, 45.65,  0.00,
530,2026-03-16 14:48:21,  1.31,  0.24, 18.22,220.49, 53.73,  0.00, 10.00,2,0,0,0,0,20400,2026-03-16 14:49:08,  1.55,  0.20, 24.68,212.10, 51.22,  0.00, 10.00,2,0,0,0,0,20400,2026-03-16 14:49:23,  0.82,  0.11, 23.58,211.74, 51.71,  0.00, 10.00,2,0,0,0,0,20400,  5.06,  0.24, 24.74, 54.06,  8.10, 18.22, 51.19,  0.00,
531,2026-03-16 14:57:57,  1.05,  0.33, 10.21,197.70, 55.26,  2.40, 10.00,2,40,2000,0,0,20400,2026-03-16 14:58:53,  3.97,  0.43, 30.45,196.29, 47.20,  1.50, 10.00,2,0,0,0,0,20400,2026-03-16 14:59:18,  0.00,  0.00, 32.03,196.20, 45.94,  1.80, 10.00,2,0,0,0,0,20400, 12.94,  0.44, 32.03, 55.61,  8.10,  9.85, 45.94,  0.00,
532,2026-03-16 16:25:33,  1.09,  0.41,  8.63,171.92, 55.92,  2.40, 10.00,2,C0,2000,2000,0,20400,2026-03-16 16:25:36,  1.35,  0.51,  8.63,171.92, 55.95,  1.95, 10.00,2,C0,2000,2000,0,20400,2026-03-16 16:26:57,  0.00,  0.00,  8.63,209.18, 56.00,  1.50, 10.00,2,C0,2000,2000,0,20400,  4.39,  0.51,  8.63, 56.48,  8.10,  8.56, 55.92,  0.00,
533,2026-03-16 16:31:01,  2.04,  0.52, 12.71,234.79, 55.21,  0.00, 10.00,2,40,2000,0,0,20400,2026-03-16 16:31:01,  2.04,  0.52, 12.71,234.79, 55.21,  0.00, 10.00,2,40,2000,0,0,20400,2026-03-16 16:32:28,  0.00,  0.00,  8.78,207.51, 55.98,  0.00, 10.00,2,C0,2000,2000,0,20400,  6.65,  0.52, 12.71, 56.15,  8.10,  8.70, 55.21,  0.00,
534,2026-03-16 16:36:31,  1.00,  0.53,  6.17,243.62, 56.28,  1.95, 10.00,2,C0,2000,2000,0,20400,2026-03-16 16:37:48,  1.69,  0.47, 11.71,269.76, 55.58,  3.15, 10.00,2,40,2000,0,0,20400,2026-03-16 16:37:58,  0.00,  0.00, 11.71,269.76, 55.52,  3.15, 10.00,2,40,2000,0,0,20400,  5.51,  0.53, 11.71, 56.87,  8.10,  6.10, 55.52,  0.00,
535,2026-03-17 07:49:11,  1.39,  0.26, 17.26,284.42, 54.03,  0.00, 10.00,2,0,0,0,0,20400,2026-03-17 07:50:17,  3.65,  0.34, 34.00,282.74, 44.86,  0.00,  9.36,2,0,0,0,0,20400,2026-03-17 07:50:30,  0.00,  0.00, 34.23,282.74, 44.58,  0.00,  9.25,2,0,0,0,0,20400, 11.61,  0.34, 34.23, 54.38,  8.10, 17.19, 44.58,  0.00,
536,2026-03-17 07:52:35, 10.23,  2.33, 14.33,284.42, 54.89,  0.00, 10.00,2,40,2000,0,0,20400,2026-03-17 07:53:57, 24.73,  2.36, 33.56,282.03, 45.24,  0.00,  9.56,2,0,0,0,0,20400,2026-03-17 07:54:19,  0.00,  0.00, 33.56,282.03, 45.16,  0.00,  9.56,2,0,0,0,0,20400, 79.35,  2.36, 33.56, 55.25,  8.10, 14.33, 45.16,  0.00,
537,2026-03-17 07:58:05,  3.56,  0.89, 13.06,275.32, 55.20,  0.00, 10.00,2,40,2000,0,0,20400,2026-03-17 07:59:14,  8.31,  0.85, 31.85,281.68, 46.53,  0.00, 10.00,2,0,0,0,0,20400,2026-03-17 07:59:36,  0.00,  0.00, 31.85,281.68, 46.43,  0.00, 10.00,2,0,0,0,0,20400, 27.08,  0.89, 31.85, 55.57,  8.10, 13.06, 46.43,  0.00,
538,2026-03-17 08:04:19,  2.93,  0.58, 16.36,277.09, 54.33,  0.00, 10.00,2,0,0,0,0,20400,2026-03-17 08:05:23,  5.51,  0.60, 29.79,281.68, 47.95,  0.00, 10.00,2,0,0,0,0,20400,2026-03-17 08:05:32,  0.00,  0.00, 30.09,281.68, 47.71,  0.00, 10.00,2,0,0,0,0,20400, 17.98,  0.61, 30.09, 54.64,  8.10, 16.36, 47.71,  0.00,
539,2026-03-17 08:06:47,  3.03,  0.27, 35.31,281.77, 43.75,  0.00,  8.77,2,0,0,0,0,20400,2026-03-17 08:06:49,  4.19,  0.37, 35.26,281.85, 43.85,  0.00,  8.80,2,0,0,0,0,20400,2026-03-17 08:08:51,  0.00,  0.00, 41.17,301.55, 37.43,  0.00,  6.69,2,0,0,0,0,20400, 12.98,  0.37, 41.17, 44.26,  8.10, 35.26, 37.43,  0.00,
540,2026-03-17 08:15:00,  2.90,  0.66, 14.40,276.47, 54.86,  0.00, 10.00,2,0,0,0,0,20400,2026-03-17 08:16:38,  6.11,  0.62, 32.20,283.36, 46.26,  0.00, 10.00,2,0,0,0,0,20400,2026-03-17 08:16:51,  0.00,  0.00, 33.17,283.36, 45.45,  0.00,  9.74,2,0,0,0,0,20400, 19.92,  0.66, 33.17, 55.26,  8.10, 14.33, 45.45,  0.00,
541,2026-03-17 08:20:06,  2.14,  0.54, 12.85,275.06, 55.25,  0.00, 10.00,2,40,2000,0,0,20400,2026-03-17 08:21:14,  5.10,  0.53, 31.50,283.09, 46.78,  0.00, 10.00,2,0,0,0,0,20400,2026-03-17 08:21:29,  0.00,  0.00, 31.50,283.09, 46.70,  0.00, 10.00,2,0,0,0,0,20400, 16.62,  0.54, 31.50, 55.55,  8.10, 12.85, 46.70,  0.00,
542,2026-03-17 08:26:33,  2.47,  0.43, 18.77,274.08, 53.47,  0.00, 10.00,2,0,0,0,0,20400,2026-03-17 08:27:41,  3.96,  0.43, 29.85,283.27, 48.07,  0.00, 10.00,2,0,0,0,0,20400,2026-03-17 08:28:07,  0.00,  0.00, 29.85,283.18, 47.82,  0.00, 10.00,2,0,0,0,0,20400, 12.91,  0.44, 29.91, 53.90,  8.10, 18.77, 47.79,  0.00,
543,2026-03-17 08:33:57, 19.54,  1.14, 44.08,309.40, 33.43,  0.00,  5.85,2,0,0,0,0,20400,2026-03-17 08:34:05, 22.27,  1.39, 42.68,309.40, 35.60,  0.00,  6.22,2,0,0,0,0,20400,2026-03-17 08:36:14,  0.00,  0.00, 14.47,276.11, 54.81,  0.00, 10.00,2,0,0,0,0,20400, 59.12,  1.39, 44.08, 55.74,  8.10, 14.33, 33.43,  0.00,
544,2026-03-17 08:48:08,  1.84,  0.18, 32.83,282.56, 45.94,  0.00,  9.90,2,0,0,0,0,20400,2026-03-17 08:48:08,  1.84,  0.18, 32.83,282.56, 45.94,  0.00,  9.90,2,0,0,0,0,20400,2026-03-17 08:48:35,  0.27,  0.04, 20.80,279.29, 53.27,  0.00, 10.00,2,0,0,0,0,20400,  5.98,  0.18, 32.83, 53.27,  8.10, 20.80, 45.94,  0.00,
545,2026-03-17 08:56:43,  9.74,  0.94, 33.34,247.95, 45.38,  0.00,  9.66,2,0,0,0,0,20400,2026-03-17 08:57:06, 13.56,  1.32, 33.11,247.95, 45.63,  0.00,  9.77,2,0,0,0,0,20400,2026-03-17 08:59:45,  0.00,  0.00, 27.22,280.09, 49.51,  0.00, 10.00,2,0,0,0,0,20400, 43.85,  1.32, 33.34, 53.45,  8.10, 20.93, 45.38,  0.00,
546,2026-03-17 09:16:17, 12.91,  1.15, 34.99,310.46, 44.03,  0.00,  8.90,2,0,0,0,0,20400,2026-03-17 09:16:18, 13.81,  1.23, 34.99,310.55, 44.08,  0.00,  8.90,2,0,0,0,0,20400,2026-03-17 09:18:39,  0.00,  0.00, 17.67,282.47, 53.87,  0.00, 10.00,2,0,0,0,0,20400, 43.02,  1.23, 34.99, 55.75,  8.10, 14.26, 44.03,  0.00,
547,2026-03-17 13:41:20,  4.85,  0.44, 34.61,242.83, 44.25,  1.65,  9.08,2,0,0,0,0,20400,2026-03-17 13:43:35, 37.14,  2.05, 45.82,220.66, 30.69,  0.00,  5.52,2,0,0,0,0,20400,2026-03-17 13:44:21,  0.00,  0.00, 46.42,220.66, 29.31,  1.20,  5.46,2,0,0,0,0,20400, 93.91,  2.08, 46.42, 46.43,  8.10, 32.94, 29.31,  0.00,
548,2026-03-17 13:48:41, 11.36,  1.00, 35.21,242.38, 43.74,  0.00,  8.82,2,0,0,0,0,20400,2026-03-17 13:51:18, 74.18,  4.03, 46.62,221.19, 29.07,  1.35,  5.44,2,80000,2000000,0,0,20400,2026-03-17 13:52:19,  0.00,  0.00, 46.52,221.02, 29.14,  0.00,  5.45,2,0,0,0,0,20400,188.06,  4.18, 46.62, 46.43,  8.10, 33.00, 29.05,  0.00,
549,2026-03-17 13:58:16,  2.98,  0.27, 34.94,242.83, 44.01,  2.70,  8.93,2,0,0,0,0,20400,2026-03-17 13:58:16,  2.98,  0.27, 34.94,242.83, 44.01,  2.70,  8.93,2,0,0,0,0,20400,2026-03-17 13:58:53,  0.77,  0.07, 34.94,232.32, 44.58,  1.65,  8.93,2,0,0,0,0,20400,  9.28,  0.27, 34.99, 44.58,  8.10, 34.94, 44.01,  0.00,
550,2026-03-17 14:15:45, 12.47,  1.09, 35.42,242.30, 43.24,  2.55,  8.73,2,0,0,0,0,20400,2026-03-17 14:18:22, 37.50,  2.09, 45.34,220.49, 31.07,  0.00,  5.57,2,0,0,0,0,20400,2026-03-17 14:18:35,  0.00,  0.00, 45.72,220.40, 30.34,  0.00,  5.53,2,0,0,0,0,20400, 94.63,  2.19, 45.72, 44.90,  8.10, 34.72, 30.34,  0.00,
551,2026-03-17 14:21:54, 11.46,  1.07, 34.12,242.30, 44.42,  3.60,  9.31,2,0,0,0,0,20400,2026-03-17 14:23:52, 33.01,  1.82, 45.93,220.57, 30.06,  1.05,  5.51,2,0,0,0,0,20400,2026-03-17 14:24:08,  0.00,  0.00, 46.23,220.31, 29.42,  1.50,  5.48,2,0,0,0,0,20400, 83.49,  1.82, 46.23, 45.90,  8.10, 33.50, 29.42,  0.00,
552,2026-03-17 14:32:43, 11.82,  0.65, 46.09,220.49, 29.76,  0.00,  5.49,2,0,0,0,0,20400,2026-03-17 14:32:45, 12.37,  0.68, 46.09,220.40, 29.78,  0.00,  5.49,2,0,0,0,0,20400,2026-03-17 14:33:59,  0.00,  0.00, 36.06,219.25, 42.68,  1.05,  8.48,2,0,0,0,0,20400, 31.31,  0.68, 46.09, 42.76,  8.10, 36.06, 29.76,  0.00,
553,2026-03-17 14:41:07,  2.35,  0.58, 13.13,203.89, 54.85,  2.70, 10.00,2,40,2000,0,0,20400,2026-03-17 14:42:09,  4.12,  0.60, 22.40,210.51, 51.94,  3.00, 10.00,2,0,0,0,0,20400,2026-03-17 14:42:42,  0.00,  0.00, 22.33,210.60, 51.91,  2.40, 10.00,2,0,0,0,0,20400, 13.43,  0.63, 22.40, 55.14,  8.10, 13.13, 51.90,  0.00,
554,2026-03-17 14:49:13,  9.41,  0.90, 33.56,180.66, 45.24,  0.00,  9.56,2,0,0,0,0,20400,2026-03-17 14:52:04, 14.24,  1.05, 39.23,158.32, 39.89,  0.00,  7.36,2,0,0,0,0,20400,2026-03-17 14:52:18,  0.00,  0.00, 39.18,158.32, 39.87,  0.00,  7.37,2,0,0,0,0,20400, 41.09,  1.06, 39.23, 46.17,  8.10, 33.50, 39.82,  0.00,
555,2026-03-17 14:55:11, 16.20,  0.89, 45.96,157.97, 30.16,  0.00,  5.50,2,0,0,0,0,20400,2026-03-17 14:55:22, 21.72,  1.20, 45.79,157.97, 30.56,  0.00,  5.52,2,0,0,0,0,20400,2026-03-17 14:56:23,  0.00,  0.00, 36.79,158.59, 42.22,  1.35,  8.18,2,0,0,0,0,20400, 54.91,  1.26, 45.96, 42.51,  8.10, 36.63, 30.16,  0.00,
556,2026-03-17 15:16:10,  7.12,  0.54, 38.75,157.09, 40.58,  0.00,  7.52,2,0,0,0,0,20400,2026-03-17 15:16:10,  7.12,  0.54, 38.75,157.09, 40.58,  0.00,  7.52,2,0,0,0,0,20400,2026-03-17 15:17:48,  0.00,  0.00, 36.74,181.90, 42.50,  1.35,  8.21,2,0,0,0,0,20400, 20.73,  0.54, 38.75, 43.08,  8.10, 36.69, 40.58,  0.00,
557,2026-03-17 15:21:10,  9.02,  0.74, 36.63,182.25, 42.68,  4.05,  8.25,2,0,0,0,0,20400,2026-03-17 15:22:38, 11.94,  0.88, 39.28,158.59, 40.03,  1.35,  7.34,2,0,0,0,0,20400,2026-03-17 15:22:55,  0.00,  0.00, 39.28,158.59, 39.89,  0.00,  7.34,2,0,0,0,0,20400, 34.43,  0.94, 39.28, 43.88,  8.10, 36.11, 39.89,  0.00,
558,2026-03-17 15:46:29,  2.89,  0.39, 24.10,134.75, 51.45,  1.95, 10.00,2,0,0,0,0,20400,2026-03-17 15:48:02,  7.41,  0.46, 42.97,158.41, 35.14,  0.00,  6.14,2,0,0,0,0,20400,2026-03-17 15:48:10,  0.00,  0.00, 42.97,158.41, 35.07,  0.00,  6.14,2,0,0,0,0,20400, 19.57,  0.46, 43.01, 51.63,  8.10, 24.10, 35.01,  0.00,
559,2026-03-17 15:51:41, 11.92,  1.79, 21.73,134.75, 52.43,  2.40, 10.00,2,0,0,0,0,20400,2026-03-17 15:53:44, 39.87,  1.92, 49.54,157.44, 21.82,  0.00,  4.81,2,10,1000,0,0,20400,2026-03-17 15:54:03,  0.00,  0.00, 49.94,157.44, 20.34,  0.00,  4.71,2,10,1000,0,0,20400, 94.94,  1.96, 49.94, 52.83,  8.10, 21.67, 20.34,  0.00,
560,2026-03-17 15:59:00, 13.40,  2.24, 19.51,136.51, 53.38,  1.65, 10.00,2,0,0,0,0,20400,2026-03-17 16:00:26, 24.46,  2.21, 34.72,157.26, 44.29,  0.00,  9.03,2,0,0,0,0,20400,2026-03-17 16:00:49,  0.00,  0.00, 34.77,157.26, 44.16,  0.00,  9.00,2,0,0,0,0,20400, 76.68,  2.24, 34.77, 53.68,  8.10, 19.45, 44.16,  0.00,
561,2026-03-17 16:15:04,  1.08,  0.17, 20.66,130.42, 52.95,  1.80, 10.00,2,0,0,0,0,20400,2026-03-17 16:16:28,  2.40,  0.27, 29.49,155.58, 48.25,  0.00, 10.00,2,0,0,0,0,20400,2026-03-17 16:16:37,  0.00,  0.00, 29.49,155.58, 48.18,  0.00, 10.00,2,0,0,0,0,20400,  7.83,  0.27, 29.49, 53.40,  8.10, 20.66, 48.18,  0.00,
562,2026-03-17 16:19:47,  7.24,  0.80, 29.49,130.42, 48.22,  2.70, 10.00,2,0,0,0,0,20400,2026-03-17 16:19:48,  7.40,  0.82, 29.55,130.42, 48.19,  2.70, 10.00,2,0,0,0,0,20400,2026-03-17 16:22:05,  0.00,  0.00, 28.21,154.97, 49.02,  0.00, 10.00,2,0,0,0,0,20400, 24.11,  0.85, 29.55, 49.78,  8.10, 27.78, 48.19,  0.00,
563,2026-03-17 16:34:07,  1.44,  0.34, 13.77,129.98, 55.07,  2.25, 10.00,2,40,2000,0,0,20400,2026-03-17 16:35:50,  4.82,  0.59, 26.72,155.67, 49.97,  0.00, 10.00,2,0,0,0,0,20400,2026-03-17 16:36:01,  0.00,  0.00, 26.72,155.76, 49.93,  0.00, 10.00,2,0,0,0,0,20400, 15.72,  0.59, 27.16, 55.74,  8.10, 13.70, 49.92,  0.00,
564,2026-03-19 07:33:57,  1.54,  0.74,  6.83,114.70, 56.36,  0.00, 10.00,2,C0,2000,2000,0,20400,2026-03-19 07:35:55, 14.02,  0.77, 45.79, 97.04, 30.66,  0.00,  5.52,2,0,0,0,0,20400,2026-03-19 07:36:11,  0.62,  0.03, 45.76, 97.04, 30.67,  0.00,  5.52,2,0,0,0,0,20400, 35.45,  0.77, 45.79, 56.79,  8.10,  6.83, 30.61,  0.00,
565,2026-03-19 07:39:30,  1.34,  0.60,  7.33,106.75, 56.24,  0.00, 10.00,2,C0,2000,2000,0,20400,2026-03-19 07:41:29, 25.45,  1.40, 45.82, 97.13, 30.60,  0.00,  5.52,2,0,0,0,0,20400,2026-03-19 07:41:51,  0.14,  0.01, 45.82, 96.78, 30.53,  0.00,  5.52,2,0,0,0,0,20400, 64.34,  1.40, 45.82, 56.75,  8.10,  7.33, 30.53,  0.00,
566,2026-03-19 07:45:33,  3.31,  0.97, 11.14,110.82, 55.66,  0.00, 10.00,2,40,2000,0,0,20400,2026-03-19 07:47:11, 20.93,  1.12, 47.14, 97.40, 28.01,  0.00,  5.37,2,0,0,0,0,20400,2026-03-19 07:47:35,  2.26,  0.12, 47.14, 97.04, 27.92,  0.00,  5.37,2,0,0,0,0,20400, 52.96,  1.12, 47.14, 56.05,  8.10, 11.07, 27.92,  0.00,
567,2026-03-19 07:53:13,  6.70,  0.80, 27.28,116.20, 49.57,  0.00, 10.00,2,0,0,0,0,20400,2026-03-19 07:53:13,  6.73,  0.80, 27.28,116.20, 49.57,  0.00, 10.00,2,0,0,0,0,20400,2026-03-19 07:55:22,  0.00,  0.00,  9.28, 95.72, 55.94,  1.05, 10.00,2,C0,2000,2000,0,20400, 21.95,  0.80, 27.28, 56.63,  8.10,  9.21, 49.57,  0.00,
568,2026-03-19 07:59:48,  4.59,  0.56, 26.65,115.76, 49.95,  0.00, 10.00,2,0,0,0,0,20400,2026-03-19 07:59:49,  4.84,  0.59, 26.65,115.76, 49.98,  0.00, 10.00,2,0,0,0,0,20400,2026-03-19 08:01:28,  0.00,  0.00, 17.12, 99.16, 54.04,  0.00, 10.00,2,0,0,0,0,20400, 15.78,  0.59, 26.65, 55.13,  8.10, 15.10, 49.95,  0.00,
569,2026-03-19 08:04:08,  7.94,  0.60, 38.65, 97.31, 40.70,  0.00,  7.55,2,0,0,0,0,20400,2026-03-19 08:04:08,  7.94,  0.60, 38.65, 97.31, 40.70,  0.00,  7.55,2,0,0,0,0,20400,2026-03-19 08:07:09,  0.00,  0.00, 30.15,120.79, 47.85,  0.00, 10.00,2,0,0,0,0,20400, 23.17,  0.60, 38.70, 52.35,  8.10, 23.64, 40.70,  0.00,
570,2026-03-19 08:15:11, 12.56,  1.35, 30.39,120.88, 47.76,  0.00, 10.00,2,0,0,0,0,20400,2026-03-19 08:16:51, 17.83,  1.34, 38.70, 97.13, 40.60,  1.35,  7.53,2,0,0,0,0,20400,2026-03-19 08:17:04,  0.00,  0.00, 38.75, 97.13, 40.45,  1.05,  7.52,2,0,0,0,0,20400, 51.99,  1.44, 38.75, 49.18,  8.10, 28.94, 40.45,  0.00,
571,2026-03-19 08:27:09,  6.82,  0.51, 38.94, 96.69, 40.37,  0.00,  7.45,2,0,0,0,0,20400,2026-03-19 08:27:18,  7.49,  0.56, 38.94, 96.69, 40.55,  0.00,  7.45,2,0,0,0,0,20400,2026-03-19 08:29:25,  0.00,  0.00, 33.11, 58.28, 45.66,  0.00,  9.77,2,0,0,0,0,20400, 21.72,  0.56, 38.99, 45.85,  8.10, 33.11, 40.36,  0.00,
572,2026-03-19 08:33:07,  1.03,  0.34,  9.85, 48.04, 55.94,  0.00, 10.00,2,C0,2000,2000,0,20400,2026-03-19 08:35:12,  3.52,  0.35, 32.77, 36.64, 45.89,  0.00,  9.92,2,0,0,0,0,20400,2026-03-19 08:35:30,  0.00,  0.00, 32.71, 36.64, 45.91,  0.00,  9.95,2,0,0,0,0,20400, 11.44,  0.35, 32.77, 56.50,  8.10,  9.85, 45.86,  0.00,
573,2026-03-19 09:10:18,  5.16,  0.54, 31.21, 37.62, 47.03,  0.00, 10.00,2,0,0,0,0,20400,2026-03-19 09:10:20,  5.34,  0.56, 31.21, 37.62, 47.12,  0.00, 10.00,2,0,0,0,0,20400,2026-03-19 09:12:18,  0.00,  0.00, 20.46, 27.64, 52.92,  0.00, 10.00,2,0,0,0,0,20400, 17.41,  0.56, 31.27, 53.62,  8.10, 20.46, 47.03,  0.00,
574,2026-03-19 09:28:32,  1.16,  0.25, 14.82, 34.97, 54.82,  0.00, 10.00,2,0,0,0,0,20400,2026-03-19 09:28:32,  1.16,  0.25, 14.82, 34.97, 54.82,  0.00, 10.00,2,0,0,0,0,20400,2026-03-19 09:29:12,  0.29,  0.05, 20.53, 49.80, 53.57,  0.00, 10.00,2,0,0,0,0,20400,  3.77,  0.25, 20.53, 55.29,  8.10, 14.75, 53.57,  0.00,
575,2026-03-19 09:35:18,  1.33,  0.38, 11.50, 35.06, 55.53,  0.00, 10.00,2,40,2000,0,0,20400,2026-03-19 09:37:00,  4.59,  0.38, 36.37, 57.92, 42.76,  0.00,  8.35,2,0,0,0,0,20400,2026-03-19 09:37:17,  0.00,  0.00, 36.37, 57.92, 42.70,  1.20,  8.35,2,0,0,0,0,20400, 13.94,  0.42, 36.37, 56.15,  8.10, 11.50, 42.70,  0.00,
576,2026-03-19 09:45:29,  1.15,  0.66,  5.67, 31.26, 56.27,  0.00, 10.00,2,C0,2000,2000,0,20400,2026-03-19 09:48:00, 16.13,  0.94, 44.12, 57.40, 33.32,  1.20,  5.84,2,0,0,0,0,20400,2026-03-19 09:48:16,  0.00,  0.00, 44.12, 57.40, 33.28,  1.80,  5.84,2,0,0,0,0,20400, 41.52,  0.94, 44.16, 56.90,  8.10,  5.60, 33.28,  0.00,
577,2026-03-19 09:52:43,  8.18,  0.89, 29.91, 39.38, 47.85,  0.00, 10.00,2,0,0,0,0,20400,2026-03-19 09:53:06,  9.37,  1.02, 29.91, 39.38, 47.91,  0.00, 10.00,2,0,0,0,0,20400,2026-03-19 09:57:08,  0.00,  0.00, 23.51, 58.54, 51.43,  0.00, 10.00,2,0,0,0,0,20400, 30.53,  1.03, 29.97, 52.26,  8.10, 22.59, 47.85,  0.00,
578,2026-03-19 10:07:58,  1.43,  0.38, 12.42, 48.57, 55.47,  2.40, 10.00,2,40,2000,0,0,20400,2026-03-19 10:09:29,  5.93,  0.32, 47.11, 60.66, 28.13,  1.05,  5.37,2,0,0,0,0,20400,2026-03-19 10:09:46,  0.00,  0.00, 47.29, 60.75, 27.69,  0.00,  5.33,2,0,0,0,0,20400, 15.02,  0.38, 47.29, 55.80,  8.10, 12.42, 27.69,  0.00,
579,2026-03-19 10:18:47,  2.18,  0.78,  9.13, 73.02, 56.00,  0.00, 10.00,2,C0,2000,2000,0,20400,2026-03-19 10:21:38, 11.54,  0.88, 38.50, 96.34, 40.69,  0.00,  7.60,2,0,0,0,0,20400,2026-03-19 10:22:00,  0.00,  0.00, 38.31, 96.34, 40.83,  0.00,  7.66,2,0,0,0,0,20400, 33.75,  0.89, 38.50, 56.73,  8.10,  8.70, 40.69,  0.00,
580,2026-03-19 10:27:19,  2.16,  1.45,  4.87, 84.77, 56.44,  0.00, 10.00,2,C0,2000,2000,0,20400,2026-03-19 10:28:41, 16.00,  1.57, 32.94, 96.87, 45.75,  0.00,  9.84,2,0,0,0,0,20400,2026-03-19 10:28:58,  0.00,  0.00, 32.94, 96.95, 45.64,  0.00,  9.84,2,0,0,0,0,20400, 51.88,  1.59, 32.94, 56.85,  8.10,  4.87, 45.64,  0.00,
581,2026-03-19 10:32:39,  0.41,  0.23,  5.81, 85.83, 56.36,  1.05, 10.00,2,C0,2000,2000,0,20400,2026-03-19 10:34:01,  4.07,  0.37, 34.66, 97.75, 44.30,  0.00,  9.05,2,0,0,0,0,20400,2026-03-19 10:34:14,  0.00,  0.00, 34.66, 97.84, 44.24,  0.00,  9.05,2,0,0,0,0,20400, 12.76,  0.37, 34.66, 56.85,  8.10,  5.52, 44.24,  0.00,
582,2026-03-19 13:21:33,  1.16,  0.34, 11.21, 78.23, 55.58,  4.35, 10.00,2,40,2000,0,0,20400,2026-03-19 13:22:44,  2.21,  0.25, 28.70, 87.24, 48.80,  3.00, 10.00,2,0,0,0,0,20400,2026-03-19 13:23:19,  0.00,  0.00, 27.96, 87.24, 49.12,  3.75, 10.00,2,0,0,0,0,20400,  7.19,  0.34, 28.70, 55.89,  8.10, 11.21, 48.79,  0.00,
583,2026-03-19 13:37:36,  0.74,  0.23, 10.64, 95.54, 55.76,  2.10, 10.00,2,40,2000,0,0,20400,2026-03-19 13:38:41,  3.07,  0.33, 30.68, 95.54, 47.48,  0.00, 10.00,2,0,0,0,0,20400,2026-03-19 13:39:04,  0.00,  0.00, 30.68, 95.54, 47.41,  1.20, 10.00,2,0,0,0,0,20400, 10.01,  0.39, 30.68, 56.12,  8.10, 10.64, 47.41,  0.00,
584,2026-03-19 13:42:25, 10.71,  1.27, 27.47, 95.45, 49.46,  1.20, 10.00,2,0,0,0,0,20400,2026-03-19 13:42:31, 11.42,  1.35, 27.47, 95.54, 49.56,  1.05, 10.00,2,0,0,0,0,20400,2026-03-19 13:44:35,  0.00,  0.00,  8.49, 74.79, 56.08,  2.40, 10.00,2,C0,2000,2000,0,20400, 37.21,  1.35, 27.53, 56.66,  8.10,  8.41, 49.44,  0.00,
585,2026-03-19 13:48:39,  7.76,  1.35, 18.77, 95.54, 53.54,  1.65, 10.00,2,0,0,0,0,20400,2026-03-19 13:48:40,  7.84,  1.36, 18.77, 95.54, 53.55,  1.65, 10.00,2,0,0,0,0,20400,2026-03-19 13:50:30,  0.00,  0.00,  4.87, 86.00, 56.43,  2.25, 10.00,2,C0,2000,2000,0,20400, 25.57,  1.36, 18.77, 56.68,  8.10,  4.80, 53.54,  0.00,
586,2026-03-19 14:11:13,  4.10,  0.49, 27.28, 55.72, 49.78,  1.80, 10.00,2,0,0,0,0,20400,2026-03-19 14:11:14,  4.44,  0.53, 27.22, 55.72, 49.84,  1.80, 10.00,2,0,0,0,0,20400,2026-03-19 14:12:21,  0.00,  0.00, 13.06, 45.92, 55.40,  3.75, 10.00,2,40,2000,0,0,20400, 14.46,  0.53, 27.28, 55.76,  8.10, 12.99, 49.78,  0.00,
587,2026-03-19 14:18:14,  4.32,  1.10, 12.85, 45.47, 55.55,  2.40, 10.00,2,40,2000,0,0,20400,2026-03-19 14:20:12, 20.43,  1.01, 49.05, 60.93, 23.58,  2.70,  4.92,2,10,1000,0,0,20400,2026-03-19 14:20:19,  0.00,  0.00, 49.05, 60.93, 23.48,  2.85,  4.92,2,10,1000,0,0,20400, 49.33,  1.10, 49.07, 55.97,  8.10, 12.85, 23.44,  0.00,
588,2026-03-19 14:23:32, 12.95,  0.64, 49.05, 61.10, 23.61,  2.40,  4.92,2,10,1000,0,0,20400,2026-03-19 14:23:32, 12.95,  0.64, 49.05, 61.10, 23.61,  2.40,  4.92,2,10,1000,0,0,20400,2026-03-19 14:24:58,  0.00,  0.00, 25.90, 55.54, 50.46,  3.00, 10.00,2,0,0,0,0,20400, 31.27,  0.68, 49.07, 50.65,  8.10, 25.90, 23.57,  0.00,
589,2026-03-19 15:19:21,  3.47,  0.44, 25.90, 56.60, 50.53,  4.05, 10.00,2,0,0,0,0,20400,2026-03-19 15:21:21,  5.08,  0.55, 29.91, 38.76, 48.11,  2.40, 10.00,2,0,0,0,0,20400,2026-03-19 15:21:34,  0.00,  0.00, 29.97, 38.76, 47.99,  2.70, 10.00,2,0,0,0,0,20400, 16.57,  0.55, 29.97, 50.87,  8.10, 25.90, 47.99,  0.00,
590,2026-03-20 08:09:37,  1.08,  0.30, 11.64,335.54, 55.52,  2.25, 10.00,2,40,2000,0,0,20400,2026-03-20 08:11:32,  1.37,  0.39, 11.57,335.54, 55.59,  1.35, 10.00,2,40,2000,0,0,20400,2026-03-20 08:14:38,  0.00,  0.00,  7.84,307.37, 56.24,  3.90, 10.00,2,C0,2000,2000,0,20400,  4.48,  0.39, 11.64, 56.61,  8.10,  7.84, 55.52,  0.00,
591,2026-03-20 08:25:46,  1.07,  0.17, 20.86,322.12, 52.90,  2.25, 10.00,2,0,0,0,0,20400,2026-03-20 08:25:49,  1.19,  0.19, 20.80,322.12, 53.01,  2.25, 10.00,2,0,0,0,0,20400,2026-03-20 08:27:19,  0.00,  0.00, 10.50,310.46, 55.78,  3.75, 10.00,2,40,2000,0,0,20400,  3.87,  0.26, 20.86, 56.20,  8.10, 10.50, 52.90,  0.00,
592,2026-03-20 10:10:48,  1.00,  0.27, 11.92,335.10, 55.49,  4.05, 10.00,2,40,2000,0,0,20400,2026-03-20 10:11:44,  1.31,  0.36, 11.85,335.01, 55.52,  1.80, 10.00,2,40,2000,0,0,20400,2026-03-20 10:14:27,  0.00,  0.00,  5.16,319.21, 56.52,  2.55, 10.00,2,C0,2000,2000,0,20400,  4.27,  0.36, 11.92, 56.82,  8.10,  5.09, 55.49,  0.00,
593,2026-03-20 10:30:35,  8.29,  1.01, 26.78,290.24, 49.77,  0.00, 10.00,2,0,0,0,0,20400,2026-03-20 10:30:37, 11.69,  1.43, 26.72,290.15, 49.82,  0.00, 10.00,2,0,0,0,0,20400,2026-03-20 10:33:33,  0.00,  0.00, 25.90,330.07, 50.27,  3.45, 10.00,2,0,0,0,0,20400, 38.12,  1.43, 26.84, 55.38,  8.10, 15.38, 49.77,  0.00,
594,2026-03-20 10:36:20,  6.91,  0.78, 28.82,329.27, 48.69,  3.60, 10.00,2,0,0,0,0,20400,2026-03-20 10:36:20,  7.08,  0.80, 28.82,329.27, 48.70,  3.60, 10.00,2,0,0,0,0,20400,2026-03-20 10:38:22,  0.00,  0.00,  8.41,308.52, 56.17,  4.50, 10.00,2,C0,2000,2000,0,20400, 23.08,  0.80, 28.88, 56.66,  8.10,  8.20, 48.69,  0.00,
595,2026-03-20 13:18:41, 13.04,  0.82, 42.43,358.06, 35.82,  2.25,  6.29,2,0,0,0,0,20400,2026-03-20 13:18:43, 13.36,  0.87, 41.70,358.06, 36.83,  2.25,  6.50,2,0,0,0,0,20400,2026-03-20 13:20:49,  0.00,  0.00, 39.37,330.51, 39.56,  1.35,  7.31,2,0,0,0,0,20400, 36.45,  0.88, 42.43, 46.02,  8.10, 33.34, 35.82,  0.00,
596,2026-03-20 13:25:17, 12.69,  0.82, 41.92,357.70, 36.49,  1.65,  6.43,2,0,0,0,0,20400,2026-03-20 13:25:20, 13.11,  0.87, 41.26,357.70, 37.40,  1.65,  6.66,2,0,0,0,0,20400,2026-03-20 13:27:25,  0.00,  0.00, 34.34,333.60, 44.45,  2.40,  9.20,2,0,0,0,0,20400, 36.02,  0.87, 41.92, 44.55,  8.10, 34.28, 36.49,  0.00,
597,2026-03-20 13:30:40,  1.40,  0.33, 13.63,336.25, 54.68,  1.50, 10.00,2,40,2000,0,0,20400,2026-03-20 13:32:13,  1.78,  0.43, 13.63,336.25, 54.84,  1.50, 10.00,2,40,2000,0,0,20400,2026-03-20 13:37:35,  0.07,  0.05,  4.72,319.03, 56.47,  4.50, 10.00,2,C0,2000,2000,0,20400,  5.79,  0.43, 13.70, 56.53,  8.10,  4.72, 54.68,  0.00,
598,2026-03-20 13:44:49,  4.64,  0.66, 23.05,290.95, 51.70,  1.05, 10.00,2,0,0,0,0,20400,2026-03-20 13:44:49,  4.70,  0.66, 23.05,290.95, 51.71,  1.05, 10.00,2,0,0,0,0,20400,2026-03-20 13:46:04,  0.00,  0.00,  8.85,271.43, 55.87,  2.25, 10.00,2,C0,2000,2000,0,20400, 15.31,  0.66, 23.05, 56.52,  8.10,  8.70, 51.70,  0.00,
599,2026-03-20 13:49:34, 21.59,  2.19, 32.20,293.60, 45.95,  1.50, 10.00,2,0,0,0,0,20400,2026-03-20 13:51:47, 47.83,  2.69, 44.91,268.96, 31.87,  2.85,  5.63,2,0,0,0,0,20400,2026-03-20 13:52:11,  0.00,  0.00, 44.87,268.96, 31.84,  2.70,  5.64,2,0,0,0,0,20400,120.83,  2.85, 44.91, 48.19,  8.10, 29.79, 31.84,  0.00,
600,2026-03-20 14:08:34, 21.05,  2.39, 28.70,286.80, 48.68,  1.05, 10.00,2,0,0,0,0,20400,2026-03-20 14:10:14, 45.73,  2.54, 45.48,269.14, 31.27,  4.50,  5.55,2,0,0,0,0,20400,2026-03-20 14:10:41,  0.00,  0.00, 45.55,269.14, 30.96,  4.05,  5.55,2,0,0,0,0,20400,115.46,  2.61, 45.58, 49.07,  8.10, 28.70, 30.95,  0.00,
601,2026-03-20 14:14:34,  0.61,  0.25,  8.05,266.58, 56.15,  3.45, 10.00,2,C0,2000,2000,0,20400,2026-03-20 14:15:42,  2.70,  0.30, 29.79,266.58, 48.10,  4.05, 10.00,2,0,0,0,0,20400,2026-03-20 14:15:50,  0.00,  0.00, 29.79,266.58, 48.00,  3.90, 10.00,2,0,0,0,0,20400,  8.82,  0.30, 29.85, 56.64,  8.10,  8.05, 47.98,  0.00,
602,2026-03-20 14:21:16,  9.19,  1.02, 29.25,287.59, 48.35,  1.50, 10.00,2,0,0,0,0,20400,2026-03-20 14:21:17,  9.40,  1.05, 29.25,287.59, 48.38,  1.50, 10.00,2,0,0,0,0,20400,2026-03-20 14:22:45,  0.00,  0.00, 11.00,271.43, 55.64,  3.45, 10.00,2,40,2000,0,0,20400, 30.63,  1.05, 29.25, 56.09,  8.10, 10.93, 48.35,  0.00,
603,2026-03-20 14:49:08,  5.24,  1.08, 15.80,266.05, 54.51,  5.25, 10.00,2,0,0,0,0,20400,2026-03-20 14:50:22,  8.48,  1.17, 23.58,269.58, 51.61,  3.00, 10.00,2,0,0,0,0,20400,2026-03-20 14:50:36,  0.00,  0.00, 23.58,269.58, 51.50,  2.55, 10.00,2,0,0,0,0,20400, 27.65,  1.20, 23.71, 54.91,  8.10, 15.80, 51.50,  0.00,
604,2026-03-20 15:00:20,  3.18,  0.52, 20.06,264.28, 53.04,  3.45, 10.00,2,0,0,0,0,20400,2026-03-20 15:01:10,  5.24,  0.56, 30.39,266.14, 47.61,  2.70, 10.00,2,0,0,0,0,20400,2026-03-20 15:01:31,  0.00,  0.00, 30.45,266.14, 47.51,  4.20, 10.00,2,0,0,0,0,20400, 17.07,  0.56, 30.45, 53.27,  8.10, 20.06, 47.51,  0.00,
605,2026-03-20 15:05:04,  1.24,  0.71,  5.67,283.18, 56.48,  1.20, 10.00,2,C0,2000,2000,0,20400,2026-03-20 15:06:15,  6.84,  0.72, 31.10,273.64, 47.19,  2.70, 10.00,2,0,0,0,0,20400,2026-03-20 15:06:30,  0.00,  0.00, 31.10,273.64, 47.13,  2.70, 10.00,2,0,0,0,0,20400, 22.30,  0.73, 31.10, 56.74,  8.10,  5.60, 47.13,  0.00,
606,2026-03-20 15:08:15,  8.28,  0.54, 41.70,276.20, 37.13,  3.15,  6.50,2,0,0,0,0,20400,2026-03-20 15:09:41,  9.15,  0.51, 45.44,294.92, 31.47,  2.40,  5.56,2,0,0,0,0,20400,2026-03-20 15:09:53,  0.00,  0.00, 45.69,294.83, 30.92,  2.55,  5.53,2,0,0,0,0,20400, 23.11,  0.54, 45.69, 37.70,  8.10, 41.70, 30.92,  0.00,
607,2026-03-20 15:13:13,  1.93,  0.87,  7.26,283.80, 56.28,  0.00, 10.00,2,C0,2000,2000,0,20400,2026-03-20 15:14:26, 12.00,  1.00, 36.37,276.03, 42.85,  1.65,  8.35,2,0,0,0,0,20400,2026-03-20 15:14:42,  0.00,  0.00, 36.37,276.03, 42.80,  1.50,  8.35,2,0,0,0,0,20400, 36.44,  1.00, 36.37, 56.57,  8.10,  7.19, 42.80,  0.00,
608,2026-03-20 15:19:15,  1.94,  0.30, 20.86,269.49, 52.88,  1.65, 10.00,2,0,0,0,0,20400,2026-03-20 15:19:15,  1.94,  0.30, 20.86,269.49, 52.88,  1.65, 10.00,2,0,0,0,0,20400,2026-03-20 15:20:32,  0.00,  0.00,  5.74,260.49, 56.50,  5.40, 10.00,2,C0,2000,2000,0,20400,  6.33,  0.35, 20.86, 56.62,  8.10,  5.74, 52.88,  0.00,
609,2026-03-20 15:27:36,  1.13,  0.64,  5.74,282.91, 56.49,  1.50, 10.00,2,C0,2000,2000,0,20400,2026-03-20 15:28:46,  4.64,  0.61, 24.62,277.17, 51.13,  1.20, 10.00,2,0,0,0,0,20400,2026-03-20 15:29:06,  0.00,  0.00, 24.62,277.09, 51.07,  1.20, 10.00,2,0,0,0,0,20400, 15.13,  0.64, 24.62, 56.78,  8.10,  5.67, 51.07,  0.00,
610,2026-03-20 15:31:37,  1.64,  0.93,  5.74,283.09, 56.40,  1.20, 10.00,2,C0,2000,2000,0,20400,2026-03-20 15:32:44, 16.07,  2.95, 17.74,277.88, 54.16,  1.05, 10.00,2,0,0,0,0,20400,2026-03-20 15:33:40,  1.89,  0.36, 17.05,277.44, 54.14,  1.65, 10.00,2,0,0,0,0,20400, 52.37,  2.95, 18.29, 56.77,  8.10,  5.74, 54.00,  0.00,
611,2026-03-20 16:12:56,  2.07,  0.39, 17.12,269.32, 54.06,  2.70, 10.00,2,0,0,0,0,20400,2026-03-20 16:13:47,  3.91,  0.44, 28.70,270.20, 48.69,  3.15, 10.00,2,0,0,0,0,20400,2026-03-20 16:14:04,  0.00,  0.00, 29.31,270.11, 48.25,  3.30, 10.00,2,0,0,0,0,20400, 12.74,  0.49, 29.31, 54.47,  8.10, 17.12, 48.25,  0.00,
612,2026-03-20 16:19:24, 11.39,  1.68, 22.13,267.02, 52.19,  3.90, 10.00,2,0,0,0,0,20400,2026-03-20 16:20:29, 28.42,  1.87, 41.44,267.81, 37.27,  1.80,  6.60,2,0,0,0,0,20400,2026-03-20 16:20:52,  0.00,  0.00, 42.60,267.90, 35.64,  2.70,  6.24,2,0,0,0,0,20400, 77.69,  1.97, 42.60, 52.50,  8.10, 22.06, 35.64,  0.00,
613,2026-03-21 07:25:28,  0.68,  0.47,  4.72,220.93, 56.46,  0.00, 10.00,2,C0,2000,2000,0,20400,2026-03-21 07:27:11, 13.58,  0.81, 43.57,231.88, 34.38,  0.00,  5.98,2,0,0,0,0,20400,2026-03-21 07:27:29,  0.00,  0.00, 43.53,231.88, 34.38,  0.00,  5.99,2,0,0,0,0,20400, 35.39,  0.94, 43.57, 56.77,  8.10,  4.72, 34.32,  0.00,
614,2026-03-21 07:51:17, 35.63,  1.98, 45.51,228.70, 31.05,  0.00,  5.55,2,0,0,0,0,20400,2026-03-21 07:51:24, 38.89,  2.16, 45.48,228.70, 31.16,  0.00,  5.55,2,0,0,0,0,20400,2026-03-21 07:53:52,  0.00,  0.00, 32.54,208.57, 45.95,  0.00, 10.00,2,0,0,0,0,20400, 98.20,  2.18, 45.51, 50.67,  8.10, 26.47, 31.05,  0.00,
615,2026-03-21 07:57:56, 11.13,  0.60, 47.20,226.58, 27.84,  0.00,  5.35,2,0,0,0,0,20400,2026-03-21 07:57:56, 11.13,  0.60, 47.20,226.58, 27.84,  0.00,  5.35,2,0,0,0,0,20400,2026-03-21 07:59:46,  0.00,  0.00, 38.65,207.68, 40.43,  0.00,  7.55,2,0,0,0,0,20400, 28.13,  0.60, 47.23, 43.69,  8.10, 36.11, 27.80,  0.00,
616,2026-03-21 08:16:50,  9.68,  1.25, 25.19,228.43, 50.64,  0.00, 10.00,2,0,0,0,0,20400,2026-03-21 08:16:53, 10.26,  1.32, 25.26,228.43, 50.69,  0.00, 10.00,2,0,0,0,0,20400,2026-03-21 08:18:44,  0.00,  0.00, 22.00,204.77, 52.15,  0.00, 10.00,2,0,0,0,0,20400, 33.45,  1.32, 25.26, 53.39,  8.10, 20.66, 50.61,  0.00,
617,2026-03-21 08:20:32,  2.29,  0.33, 22.92,204.94, 51.77,  0.00, 10.00,2,0,0,0,0,20400,2026-03-21 08:22:13,  2.69,  0.34, 25.64,228.70, 50.51,  0.00, 10.00,2,0,0,0,0,20400,2026-03-21 08:22:40,  0.00,  0.00, 25.70,228.70, 50.33,  0.00, 10.00,2,0,0,0,0,20400,  8.76,  0.35, 25.70, 52.36,  8.10, 22.79, 50.33,  0.00,
618,2026-03-21 08:24:33,  6.90,  0.85, 26.59,228.70, 49.85,  0.00, 10.00,2,0,0,0,0,20400,2026-03-21 08:24:37, 10.46,  1.28, 26.59,228.70, 49.93,  0.00, 10.00,2,0,0,0,0,20400,2026-03-21 08:26:02,  0.00,  0.00, 23.38,210.68, 51.51,  0.00, 10.00,2,0,0,0,0,20400, 34.11,  1.28, 26.59, 52.47,  8.10, 22.59, 49.85,  0.00,
619,2026-03-21 08:28:41,  2.86,  0.39, 24.10,205.47, 51.30,  0.00, 10.00,2,0,0,0,0,20400,2026-03-21 08:30:03,  3.95,  0.49, 26.28,228.34, 50.11,  0.00, 10.00,2,0,0,0,0,20400,2026-03-21 08:30:18,  0.00,  0.00, 26.28,228.34, 50.02,  0.00, 10.00,2,0,0,0,0,20400, 12.86,  0.49, 26.28, 51.69,  8.10, 24.10, 50.02,  0.00,
620,2026-03-21 08:31:45, 11.21,  1.30, 28.09,228.26, 48.99,  0.00, 10.00,2,0,0,0,0,20400,2026-03-21 08:31:46, 11.24,  1.30, 28.15,228.34, 49.04,  0.00, 10.00,2,0,0,0,0,20400,2026-03-21 08:34:03,  0.00,  0.00, 20.80,210.68, 52.67,  0.00, 10.00,2,0,0,0,0,20400, 36.64,  1.30, 28.15, 53.06,  8.10, 20.80, 48.99,  0.00,
621,2026-03-21 08:41:47,  1.46,  0.20, 23.64,228.79, 51.39,  0.00, 10.00,2,0,0,0,0,20400,2026-03-21 08:41:49,  1.87,  0.26, 23.64,228.79, 51.43,  0.00, 10.00,2,0,0,0,0,20400,2026-03-21 08:42:08,  0.20,  0.04, 17.12,227.11, 54.62,  0.00, 10.00,2,0,0,0,0,20400,  6.10,  0.26, 23.71, 54.62,  8.10, 17.12, 51.37,  0.00,
622,2026-03-21 09:02:59, 10.20,  1.08, 30.86,226.93, 46.71,  0.00, 10.00,2,0,0,0,0,20400,2026-03-21 09:03:01, 10.22,  1.08, 30.92,226.93, 46.77,  0.00, 10.00,2,0,0,0,0,20400,2026-03-21 09:04:39,  0.00,  0.00, 19.24,210.42, 53.04,  0.00, 10.00,2,0,0,0,0,20400, 33.32,  1.08, 30.92, 53.44,  8.10, 19.18, 46.70,  0.00,
623,2026-03-21 09:08:34,  4.86,  0.81, 19.51,205.83, 53.18,  0.00, 10.00,2,0,0,0,0,20400,2026-03-21 09:09:42, 13.28,  0.83, 42.43,208.30, 35.82,  0.00,  6.29,2,0,0,0,0,20400,2026-03-21 09:09:54,  0.00,  0.00, 42.43,208.30, 35.77,  0.00,  6.29,2,0,0,0,0,20400, 35.42,  0.83, 42.43, 53.40,  8.10, 19.51, 35.77,  0.00,
624,2026-03-21 09:18:18,  5.16,  0.58, 28.76,165.21, 48.63,  0.00, 10.00,2,0,0,0,0,20400,2026-03-21 09:19:52,  9.85,  0.68, 40.59,146.31, 38.23,  0.00,  6.89,2,0,0,0,0,20400,2026-03-21 09:20:07,  0.00,  0.00, 40.68,146.31, 38.05,  0.00,  6.86,2,0,0,0,0,20400, 27.57,  0.69, 40.68, 49.09,  8.10, 28.76, 38.05,  0.00,
625,2026-03-21 09:23:06,  5.07,  1.07, 15.38,157.26, 54.66,  0.00, 10.00,2,0,0,0,0,20400,2026-03-21 09:23:48,  9.32,  1.03, 29.43,158.76, 48.29,  0.00, 10.00,2,0,0,0,0,20400,2026-03-21 09:24:07,  0.00,  0.00, 29.43,158.76, 48.24,  0.00, 10.00,2,0,0,0,0,20400, 30.38,  1.07, 29.49, 54.73,  8.10, 15.38, 48.20,  0.00,
626,2026-03-21 10:17:50,  5.25,  0.68, 25.07,165.47, 50.60,  0.00, 10.00,2,0,0,0,0,20400,2026-03-21 10:17:52,  5.44,  0.71, 25.13,165.47, 50.61,  0.00, 10.00,2,0,0,0,0,20400,2026-03-21 10:19:04,  0.00,  0.00, 16.08,171.30, 54.13,  0.00, 10.00,2,0,0,0,0,20400, 17.74,  0.78, 25.13, 54.70,  8.10, 15.24, 50.57,  0.00,
627,2026-03-21 10:21:05, 10.04,  1.25, 26.21,165.30, 49.95,  0.00, 10.00,2,0,0,0,0,20400,2026-03-21 10:21:05, 10.04,  1.25, 26.21,165.30, 49.95,  0.00, 10.00,2,0,0,0,0,20400,2026-03-21 10:22:17,  0.00,  0.00, 14.61,173.69, 54.56,  0.00, 10.00,2,0,0,0,0,20400, 32.73,  1.25, 26.28, 55.18,  8.10, 13.63, 49.93,  0.00,
628,2026-03-21 10:51:26, 36.77,  2.03, 45.69,228.70, 30.73,  1.20,  5.53,2,0,0,0,0,20400,2026-03-21 10:51:30, 45.28,  2.50, 45.69,228.70, 30.74,  1.05,  5.53,2,0,0,0,0,20400,2026-03-21 10:52:32,  0.00,  0.00, 40.31,228.43, 38.53,  0.00,  6.99,2,0,0,0,0,20400,114.43,  2.50, 45.72, 38.89,  8.10, 40.03, 30.73,  0.00,
629,2026-03-21 10:55:05, 25.38,  1.31, 48.04,228.70, 25.86,  1.65,  5.16,2,0,0,0,0,20400,2026-03-21 10:55:07, 26.86,  1.39, 48.04,228.70, 25.88,  1.50,  5.16,2,0,0,0,0,20400,2026-03-21 10:56:06,  0.00,  0.00, 40.49,228.26, 38.28,  0.00,  6.93,2,0,0,0,0,20400, 66.54,  1.40, 48.04, 38.34,  8.10, 40.49, 25.86,  0.00,
630,2026-03-21 13:11:44, 20.53,  1.35, 41.48,232.85, 37.16,  1.80,  6.58,2,0,0,0,0,20400,2026-03-21 13:11:50, 23.87,  1.57, 41.48,232.85, 37.19,  1.35,  6.58,2,0,0,0,0,20400,2026-03-21 13:13:53,  0.00,  0.00, 12.07,230.11, 55.44,  0.00, 10.00,2,40,2000,0,0,20400, 65.17,  1.57, 41.48, 55.73,  8.10, 11.64, 37.16,  0.00,
631,2026-03-21 13:25:38,  1.11,  0.24, 15.10,211.92, 54.70,  3.75, 10.00,2,0,0,0,0,20400,2026-03-21 13:27:35,  2.22,  0.36, 20.33,207.33, 53.07,  3.15, 10.00,2,0,0,0,0,20400,2026-03-21 13:28:35,  0.00,  0.00, 20.12,207.24, 53.06,  3.30, 10.00,2,0,0,0,0,20400,  7.25,  0.37, 20.33, 54.73,  8.10, 15.03, 53.06,  0.00,
632,2026-03-21 14:30:06,  1.78,  0.43, 13.41,212.54, 55.11,  2.40, 10.00,2,40,2000,0,0,20400,2026-03-21 14:32:21,  4.26,  0.55, 25.07,205.83, 50.94,  1.20, 10.00,2,0,0,0,0,20400,2026-03-21 14:33:32,  0.00,  0.00, 25.07,205.83, 50.83,  1.20, 10.00,2,0,0,0,0,20400, 13.89,  0.55, 25.07, 55.45,  8.10, 13.41, 50.83,  0.00,
633,2026-03-21 15:01:35,  1.32,  0.37, 11.71,213.95, 55.49,  0.00, 10.00,2,40,2000,0,0,20400,2026-03-21 15:03:53,  3.51,  0.49, 23.38,209.71, 51.76,  1.05, 10.00,2,0,0,0,0,20400,2026-03-21 15:05:43,  0.00,  0.00, 23.32,209.62, 51.71,  0.00, 10.00,2,0,0,0,0,20400, 11.45,  0.49, 23.45, 55.58,  8.10, 11.64, 51.68,  0.00,
634,2026-03-21 15:28:57, 26.23,  1.67, 42.13,225.52, 36.26,  1.65,  6.37,2,0,0,0,0,20400,2026-03-21 15:29:01, 30.76,  1.95, 42.17,225.52, 36.24,  1.50,  6.35,2,0,0,0,0,20400,2026-03-21 15:31:35,  0.00,  0.00, 37.30,207.77, 41.80,  0.00,  8.00,2,0,0,0,0,20400, 82.43,  1.95, 42.17, 54.62,  8.10, 17.46, 36.24,  0.00,
635,2026-03-21 15:36:40, 22.00,  2.53, 28.33,225.87, 48.91,  2.25, 10.00,2,0,0,0,0,20400,2026-03-21 15:40:09, 39.87,  2.63, 41.44,206.89, 37.20,  3.00,  6.60,2,0,0,0,0,20400,2026-03-21 15:40:32,  0.00,  0.00, 41.66,206.89, 36.85,  3.15,  6.52,2,0,0,0,0,20400,108.98,  2.63, 41.66, 55.21,  8.10, 15.24, 36.85,  0.00,
636,2026-03-21 15:48:39,  0.68,  0.17, 13.27,212.63, 55.16,  0.00, 10.00,2,40,2000,0,0,20400,2026-03-21 15:49:53,  1.50,  0.22, 22.26,208.21, 52.34,  2.25, 10.00,2,0,0,0,0,20400,2026-03-21 15:52:21,  0.00,  0.00, 22.26,208.21, 52.20,  2.25, 10.00,2,0,0,0,0,20400,  4.90,  0.27, 22.26, 55.45,  8.10, 13.20, 52.20,  0.00,
637,2026-03-23 07:38:40,  6.44,  0.35, 46.16,172.01, 29.86,  0.00,  5.48,2,0,0,0,0,20400,2026-03-23 07:38:41,  6.85,  0.38, 46.16,172.01, 29.90,  0.00,  5.48,2,0,0,0,0,20400,2026-03-23 07:39:38,  1.59,  0.09, 46.16,196.73, 30.81,  0.00,  5.48,2,0,0,0,0,20400, 17.34,  0.38, 46.16, 30.88,  8.10, 46.13, 29.86,  0.00,
638,2026-03-23 07:59:35, 32.14,  1.76, 46.09,172.98, 30.17,  0.00,  5.49,2,0,0,0,0,20400,2026-03-23 07:59:36, 34.01,  1.87, 46.09,172.98, 30.19,  0.00,  5.49,2,0,0,0,0,20400,2026-03-23 08:01:30,  0.00,  0.00, 19.72,183.13, 53.40,  0.00, 10.00,2,0,0,0,0,20400, 86.07,  1.87, 46.09, 53.69,  8.10, 19.72, 30.17,  0.00,
639,2026-03-23 08:08:18,  2.91,  0.53, 18.01,183.13, 54.10,  0.00, 10.00,2,0,0,0,0,20400,2026-03-23 08:09:49,  5.46,  0.59, 30.09,165.39, 47.98,  0.00, 10.00,2,0,0,0,0,20400,2026-03-23 08:09:57,  0.00,  0.00, 30.09,165.30, 47.87,  0.00, 10.00,2,0,0,0,0,20400, 17.81,  0.59, 30.09, 54.68,  8.10, 18.01, 47.87,  0.00,
640,2026-03-23 08:19:17, 18.55,  2.03, 29.73,164.15, 48.19,  0.00, 10.00,2,0,0,0,0,20400,2026-03-23 08:19:22, 21.67,  2.38, 29.73,164.15, 48.29,  0.00, 10.00,2,0,0,0,0,20400,2026-03-23 08:20:58,  0.00,  0.00, 21.00,181.37, 52.90,  0.00, 10.00,2,0,0,0,0,20400, 70.63,  2.38, 29.73, 55.00,  8.10, 17.53, 48.19,  0.00,
641,2026-03-23 08:28:22,  3.36,  0.52, 21.06,181.37, 52.98,  0.00, 10.00,2,0,0,0,0,20400,2026-03-23 08:29:50,  5.53,  0.49, 35.10,171.30, 44.12,  0.00,  8.86,2,0,0,0,0,20400,2026-03-23 08:30:05,  0.00,  0.00, 35.21,171.30, 43.91,  0.00,  8.82,2,0,0,0,0,20400, 17.18,  0.52, 35.26, 53.57,  8.10, 21.00, 43.87,  0.00,
642,2026-03-23 08:33:49, 12.32,  0.92, 38.94,169.36, 40.16,  0.00,  7.45,2,0,0,0,0,20400,2026-03-23 08:33:54, 32.90,  2.46, 38.84,169.36, 40.29,  0.00,  7.49,2,0,0,0,0,20400,2026-03-23 08:36:24,  0.00,  0.00, 18.42,183.49, 53.79,  0.00, 10.00,2,0,0,0,0,20400, 95.67,  2.48, 38.94, 54.48,  8.10, 18.36, 40.16,  0.00,
643,2026-03-23 08:40:30, 11.98,  0.92, 38.21,169.45, 40.95,  0.00,  7.70,2,0,0,0,0,20400,2026-03-23 08:40:39, 15.79,  1.33, 36.22,169.45, 43.01,  0.00,  8.41,2,0,0,0,0,20400,2026-03-23 08:42:49,  0.00,  0.00, 21.40,181.37, 52.63,  0.00, 10.00,2,0,0,0,0,20400, 48.10,  1.33, 38.21, 53.05,  8.10, 21.33, 40.95,  0.00,
644,2026-03-23 08:47:05,  4.15,  0.32, 38.01,169.71, 41.16,  0.00,  7.76,2,0,0,0,0,20400,2026-03-23 08:47:15, 14.02,  1.13, 37.10,169.80, 42.11,  0.00,  8.07,2,0,0,0,0,20400,2026-03-23 08:49:46,  0.00,  0.00, 25.32,179.96, 50.78,  0.00, 10.00,2,0,0,0,0,20400, 41.95,  1.13, 38.06, 53.00,  8.10, 22.06, 41.11,  0.00,
645,2026-03-23 08:52:46, 17.58,  1.32, 38.70,169.71, 40.44,  0.00,  7.53,2,0,0,0,0,20400,2026-03-23 08:52:47, 19.90,  1.50, 38.70,169.71, 40.44,  0.00,  7.53,2,0,0,0,0,20400,2026-03-23 08:54:52,  0.00,  0.00, 30.92,178.98, 47.32,  0.00, 10.00,2,0,0,0,0,20400, 58.01,  1.50, 38.70, 51.16,  8.10, 25.90, 40.44,  0.00,
646,2026-03-23 09:22:09, 10.04,  0.82, 36.84,231.88, 42.31,  2.25,  8.16,2,0,0,0,0,20400,2026-03-23 09:22:23, 24.70,  2.04, 36.58,231.88, 42.59,  2.25,  8.27,2,0,0,0,0,20400,2026-03-23 09:24:01,  0.00,  0.00, 18.22,245.21, 53.85,  1.20, 10.00,2,0,0,0,0,20400, 75.75,  2.20, 36.84, 54.48,  8.10, 18.22, 42.31,  0.00,
647,2026-03-23 09:27:31, 10.59,  0.90, 36.11,231.96, 43.04,  0.00,  8.46,2,0,0,0,0,20400,2026-03-23 09:27:31, 10.59,  0.90, 36.11,231.96, 43.04,  0.00,  8.46,2,0,0,0,0,20400,2026-03-23 09:29:29,  0.00,  0.00, 19.45,245.47, 53.43,  1.35, 10.00,2,0,0,0,0,20400, 32.34,  0.91, 36.11, 54.03,  8.10, 19.45, 43.04,  0.00,
648,2026-03-23 09:41:17,  5.47,  0.50, 34.28,231.52, 44.63,  0.00,  9.23,2,0,0,0,0,20400,2026-03-23 09:41:25,  9.29,  0.88, 33.84,231.52, 45.09,  0.00,  9.43,2,0,0,0,0,20400,2026-03-23 09:43:33,  0.00,  0.00,  8.20,243.97, 56.21,  0.00, 10.00,2,C0,2000,2000,0,20400, 29.66,  0.88, 34.28, 56.86,  8.10,  7.91, 44.63,  0.00,
649,2026-03-23 09:47:32,  7.73,  0.62, 37.30,232.41, 41.88,  1.50,  8.00,2,0,0,0,0,20400,2026-03-23 09:47:39,  8.84,  0.73, 36.63,232.41, 42.59,  1.65,  8.25,2,0,0,0,0,20400,2026-03-23 09:49:10,  0.00,  0.00, 14.12,242.91, 55.06,  1.20, 10.00,2,40,2000,0,0,20400, 26.69,  0.73, 37.30, 55.50,  8.10, 13.98, 41.88,  0.00,
650,2026-03-23 09:52:27,  7.17,  0.59, 36.74,231.88, 42.43,  0.00,  8.21,2,0,0,0,0,20400,2026-03-23 09:52:40, 11.03,  0.92, 36.43,231.88, 42.78,  0.00,  8.33,2,0,0,0,0,20400,2026-03-23 09:54:11,  0.00,  0.00, 16.36,247.15, 54.48,  0.00, 10.00,2,0,0,0,0,20400, 33.45,  0.92, 36.79, 54.80,  8.10, 16.29, 42.38,  0.00,
651,2026-03-23 09:57:34,  7.83,  0.62, 37.61,232.94, 41.58,  1.80,  7.90,2,0,0,0,0,20400,2026-03-23 09:57:40, 13.07,  1.03, 37.61,232.94, 41.64,  1.65,  7.90,2,0,0,0,0,20400,2026-03-23 09:59:23,  0.00,  0.00, 16.36,246.53, 54.48,  0.00, 10.00,2,0,0,0,0,20400, 38.82,  1.03, 37.61, 54.75,  8.10, 16.36, 41.58,  0.00,
652,2026-03-23 10:08:22,  4.93,  0.41, 36.27,232.67, 42.91,  0.00,  8.39,2,0,0,0,0,20400,2026-03-23 10:08:23,  5.05,  0.43, 36.22,232.67, 42.97,  0.00,  8.41,2,0,0,0,0,20400,2026-03-23 10:10:04,  0.00,  0.00, 15.03,246.45, 54.87,  0.00, 10.00,2,0,0,0,0,20400, 15.39,  0.43, 36.27, 55.25,  8.10, 14.96, 42.91,  0.00,
653,2026-03-23 10:13:02,  7.24,  0.57, 37.56,233.02, 41.65,  1.35,  7.91,2,0,0,0,0,20400,2026-03-23 10:13:05,  7.74,  0.61, 37.61,233.02, 41.62,  1.50,  7.90,2,0,0,0,0,20400,2026-03-23 10:15:11,  0.00,  0.00, 16.29,246.00, 54.50,  0.00, 10.00,2,0,0,0,0,20400, 22.98,  0.62, 37.61, 54.99,  8.10, 16.22, 41.60,  0.00,
654,2026-03-23 10:23:04,  9.80,  0.91, 34.06,234.44, 45.00,  1.05,  9.33,2,0,0,0,0,20400,2026-03-23 10:23:06, 10.45,  0.98, 34.06,234.44, 45.03,  1.05,  9.33,2,0,0,0,0,20400,2026-03-23 10:24:31,  0.00,  0.00, 10.57,221.19, 55.81,  1.20, 10.00,2,40,2000,0,0,20400, 33.22,  0.98, 34.06, 56.02,  8.10, 10.50, 45.00,  0.00,
655,2026-03-23 10:28:03,  5.56,  1.84,  9.85,219.69, 56.07,  1.20, 10.00,2,C0,2000,2000,0,20400,2026-03-23 10:29:31, 16.84,  2.08, 26.40,241.68, 50.41,  0.00, 10.00,2,0,0,0,0,20400,2026-03-23 10:29:58,  0.00,  0.00, 26.59,241.68, 50.21,  0.00, 10.00,2,0,0,0,0,20400, 54.91,  2.08, 26.59, 56.79,  8.10,  9.78, 50.21,  0.00,
656,2026-03-23 10:37:03,  3.76,  0.45, 27.40,241.59, 49.86,  1.05, 10.00,2,0,0,0,0,20400,2026-03-23 10:38:23,  4.50,  0.57, 25.77,226.93, 50.61,  2.25, 10.00,2,0,0,0,0,20400,2026-03-23 10:38:34,  0.00,  0.00, 25.77,226.84, 50.50,  2.10, 10.00,2,0,0,0,0,20400, 14.67,  0.57, 27.40, 50.73,  8.10, 25.70, 49.86,  0.00,
657,2026-03-23 10:44:31,  8.17,  1.04, 25.70,225.96, 50.71,  2.25, 10.00,2,0,0,0,0,20400,2026-03-23 10:45:42, 14.94,  1.07, 39.89,217.04, 39.31,  2.70,  7.14,2,0,0,0,0,20400,2026-03-23 10:45:55,  0.00,  0.00, 39.89,217.04, 39.16,  2.40,  7.14,2,0,0,0,0,20400, 42.54,  1.12, 39.89, 51.06,  8.10, 25.70, 39.16,  0.00,
658,2026-03-23 10:51:12,  7.54,  0.56, 38.94,217.04, 40.33,  2.25,  7.45,2,0,0,0,0,20400,2026-03-23 10:52:54,  8.75,  0.51, 44.04,233.64, 33.73,  1.05,  5.86,2,0,0,0,0,20400,2026-03-23 10:53:02,  0.00,  0.00, 44.04,233.64, 33.61,  1.65,  5.86,2,0,0,0,0,20400, 23.20,  0.60, 44.04, 41.09,  8.10, 38.89, 33.61,  0.00,
659,2026-03-23 14:06:42, 20.33,  1.01, 48.79,230.11, 23.98,  0.00,  4.98,2,10,1000,0,0,20400,2026-03-23 14:06:43, 20.39,  1.02, 48.76,230.11, 24.09,  0.00,  4.99,2,10,1000,0,0,20400,2026-03-23 14:09:09,  0.00,  0.00, 38.40,217.31, 40.67,  0.00,  7.63,2,0,0,0,0,20400, 49.60,  1.03, 48.79, 40.74,  8.10, 38.40, 23.98,  0.00,
660,2026-03-23 14:37:11,  6.03,  1.27, 15.45,255.36, 54.63,  2.70, 10.00,2,0,0,0,0,20400,2026-03-23 14:39:56, 20.44,  1.48, 39.52,269.58, 39.48,  0.00,  7.26,2,0,0,0,0,20400,2026-03-23 14:40:12,  1.81,  0.13, 39.94,269.58, 38.91,  0.00,  7.12,2,0,0,0,0,20400, 58.64,  1.48, 39.99, 55.08,  8.10, 15.45, 38.87,  0.00,
661,2026-03-23 14:47:47,  0.78,  0.29,  8.78,246.36, 56.15,  1.80, 10.00,2,C0,2000,2000,0,20400,2026-03-23 14:49:28,  5.56,  0.50, 34.61,269.93, 44.43,  1.05,  9.08,2,0,0,0,0,20400,2026-03-23 14:49:41,  0.46,  0.04, 34.61,269.93, 44.33,  1.20,  9.08,2,0,0,0,0,20400, 17.47,  0.50, 34.66, 56.51,  8.10,  8.78, 44.30,  0.00,
662,2026-03-23 15:05:16, 12.25,  0.99, 37.05,217.75, 42.01,  1.05,  8.08,2,0,0,0,0,20400,2026-03-23 15:06:31, 17.65,  1.13, 41.92,207.42, 36.76,  0.00,  6.43,2,0,0,0,0,20400,2026-03-23 15:07:01,  0.00,  0.00, 42.39,206.98, 35.82,  0.00,  6.30,2,0,0,0,0,20400, 47.56,  1.17, 42.39, 42.47,  8.10, 37.00, 35.82,  0.00,
663,2026-03-24 07:33:49,  2.64,  0.22, 36.43,147.64, 42.64,  0.00,  8.33,2,0,0,0,0,20400,2026-03-24 07:33:49,  2.64,  0.22, 36.43,147.64, 42.64,  0.00,  8.33,2,0,0,0,0,20400,2026-03-24 07:34:17,  0.25,  0.03, 27.16,146.05, 50.06,  0.00, 10.00,2,0,0,0,0,20400,  8.02,  0.22, 36.43, 50.06,  8.10, 27.16, 42.64,  0.00,
664,2026-03-24 08:37:06, 14.96,  0.86, 44.50,145.78, 32.71,  2.70,  5.73,2,0,0,0,0,20400,2026-03-24 08:39:02, 17.90,  0.89, 48.79,112.49, 23.92,  1.50,  4.98,2,10,1000,0,0,20400,2026-03-24 08:39:13,  0.00,  0.00, 48.93,112.49, 23.47,  1.65,  4.95,2,10,1000,0,0,20400, 43.51,  0.98, 48.93, 33.72,  8.10, 44.50, 23.47,  0.00,
665,2026-03-24 08:54:01,  2.15,  0.41, 17.26,122.91, 54.22,  0.00, 10.00,2,0,0,0,0,20400,2026-03-24 08:55:28,  3.46,  0.40, 28.33,134.13, 49.08,  1.80, 10.00,2,0,0,0,0,20400,2026-03-24 08:55:35,  0.00,  0.00, 28.33,134.13, 49.04,  1.65, 10.00,2,0,0,0,0,20400, 11.29,  0.41, 28.39, 54.45,  8.10, 17.19, 49.02,  0.00,
666,2026-03-24 09:43:25, 10.16,  0.67, 41.39,106.75, 37.28,  1.20,  6.61,2,0,0,0,0,20400,2026-03-24 09:44:24, 10.61,  0.58, 46.65,110.91, 29.04,  0.00,  5.44,2,0,0,0,0,20400,2026-03-24 09:44:42,  0.00,  0.00, 46.46,110.91, 29.30,  0.00,  5.45,2,0,0,0,0,20400, 27.81,  0.67, 46.65, 37.81,  8.10, 41.39, 29.02,  0.00,
667,2026-03-24 10:56:20,  6.73,  0.74, 29.79,146.40, 47.95,  2.85, 10.00,2,0,0,0,0,20400,2026-03-24 10:57:40, 13.17,  0.67, 48.41,154.00, 24.97,  3.75,  5.07,2,0,0,0,0,20400,2026-03-24 10:57:52,  0.00,  0.00, 48.41,154.00, 24.88,  3.15,  5.07,2,0,0,0,0,20400, 32.42,  0.78, 48.41, 48.34,  8.10, 29.73, 24.88,  0.00,
668,2026-03-24 11:57:24, 14.84,  1.12, 38.75,107.11, 40.39,  0.00,  7.52,2,0,0,0,0,20400,2026-03-24 11:57:33, 21.86,  1.65, 38.65,107.11, 40.54,  0.00,  7.55,2,0,0,0,0,20400,2026-03-24 11:59:39,  0.00,  0.00,  9.92,122.30, 55.98,  0.00, 10.00,2,C0,2000,2000,0,20400, 63.80,  1.65, 38.75, 56.63,  8.10,  8.70, 40.39,  0.00,
669,2026-03-24 12:03:30, 15.63,  1.20, 38.21,107.02, 40.96,  1.20,  7.70,2,0,0,0,0,20400,2026-03-24 12:03:35, 27.90,  2.15, 38.21,107.02, 41.00,  1.05,  7.70,2,0,0,0,0,20400,2026-03-24 12:05:49,  0.00,  0.00, 11.07,121.24, 55.76,  1.20, 10.00,2,40,2000,0,0,20400, 82.07,  2.15, 38.26, 56.35,  8.10,  9.28, 40.91,  0.00,
670,2026-03-24 12:09:31, 12.66,  0.96, 38.45,106.84, 40.71,  0.00,  7.62,2,0,0,0,0,20400,2026-03-24 12:09:37, 15.45,  1.20, 38.01,106.84, 41.21,  0.00,  7.76,2,0,0,0,0,20400,2026-03-24 12:11:33,  0.00,  0.00,  6.46,130.68, 56.45,  1.35, 10.00,2,C0,2000,2000,0,20400, 45.58,  1.20, 38.45, 56.59,  8.10,  6.39, 40.71,  0.00,
671,2026-03-24 12:15:16, 11.36,  0.90, 37.45,107.11, 41.73,  1.05,  7.95,2,0,0,0,0,20400,2026-03-24 12:15:35, 23.58,  1.94, 36.69,107.11, 42.57,  0.00,  8.23,2,0,0,0,0,20400,2026-03-24 12:18:02,  0.00,  0.00,  6.10,130.15, 56.45,  2.85, 10.00,2,C0,2000,2000,0,20400, 71.14,  1.94, 37.45, 56.80,  8.10,  6.03, 41.73,  0.00,
672,2026-03-24 12:20:20,  2.55,  0.81, 10.28,121.41, 55.98,  0.00, 10.00,2,40,2000,0,0,20400,2026-03-24 12:20:45,  4.62,  1.01, 14.96,120.35, 54.93,  0.00, 10.00,2,0,0,0,0,20400,2026-03-24 12:20:56,  0.00,  0.00, 15.45,120.26, 54.76,  2.70, 10.00,2,0,0,0,0,20400, 15.05,  1.05, 15.45, 55.99,  8.10, 10.21, 54.76,  0.00,
673,2026-03-24 12:23:50,  7.90,  0.61, 38.26,107.20, 40.90,  0.00,  7.68,2,0,0,0,0,20400,2026-03-24 12:23:56, 16.42,  1.29, 37.66,107.20, 41.56,  0.00,  7.88,2,0,0,0,0,20400,2026-03-24 12:28:44,  0.00,  0.00,  4.72,130.51, 56.58,  0.00, 10.00,2,C0,2000,2000,0,20400, 48.73,  1.30, 38.26, 56.84,  8.10,  4.72, 40.90,  0.00,
674,2026-03-24 12:35:07, 10.08,  0.83, 36.63,107.20, 42.54,  0.00,  8.25,2,0,0,0,0,20400,2026-03-24 12:35:09, 11.97,  1.01, 36.16,107.20, 43.00,  0.00,  8.43,2,0,0,0,0,20400,2026-03-24 12:37:35,  0.00,  0.00,  4.87,131.39, 56.56,  1.20, 10.00,2,C0,2000,2000,0,20400, 36.60,  1.02, 36.63, 56.72,  8.10,  4.87, 42.54,  0.00,
675,2026-03-24 12:42:49,  9.50,  0.79, 36.58,107.73, 42.59,  1.35,  8.27,2,0,0,0,0,20400,2026-03-24 12:42:53, 10.93,  0.90, 36.58,107.73, 42.65,  1.20,  8.27,2,0,0,0,0,20400,2026-03-24 12:44:46,  0.00,  0.00,  8.56,120.26, 56.19,  1.65, 10.00,2,C0,2000,2000,0,20400, 33.04,  0.90, 36.58, 56.69,  8.10,  8.49, 42.59,  0.00,
676,2026-03-24 12:47:46, 10.24,  0.85, 36.58,107.99, 42.56,  1.50,  8.27,2,0,0,0,0,20400,2026-03-24 12:47:51, 15.58,  1.32, 36.06,107.99, 43.10,  1.35,  8.48,2,0,0,0,0,20400,2026-03-24 12:50:00,  0.00,  0.00,  4.80,132.10, 56.59,  2.10, 10.00,2,C0,2000,2000,0,20400, 47.62,  1.32, 36.58, 56.66,  8.10,  4.80, 42.56,  0.00,
677,2026-03-24 12:53:17,  0.84,  0.33,  8.20,121.24, 56.25,  1.80, 10.00,2,C0,2000,2000,0,20400,2026-03-24 12:53:21,  0.97,  0.39,  8.20,121.24, 56.32,  1.65, 10.00,2,C0,2000,2000,0,20400,2026-03-24 12:55:10,  0.00,  0.00,  6.68,140.57, 56.42,  0.00, 10.00,2,C0,2000,2000,0,20400,  3.17,  0.40,  8.20, 56.63,  8.10,  5.74, 56.25,  0.00,
678,2026-03-24 12:57:39,  3.25,  1.24,  8.56,154.44, 56.10,  0.00, 10.00,2,C0,2000,2000,0,20400,2026-03-24 12:57:42,  3.52,  1.34,  8.56,154.44, 56.12,  0.00, 10.00,2,C0,2000,2000,0,20400,2026-03-24 13:00:34,  0.00,  0.00,  8.13,121.24, 56.23,  0.00, 10.00,2,C0,2000,2000,0,20400, 11.47,  1.35,  8.56, 56.87,  8.10,  8.13, 56.10,  0.00,
679,2026-03-24 13:03:22,  1.05,  0.39,  8.78,154.08, 56.10,  0.00, 10.00,2,C0,2000,2000,0,20400,2026-03-24 13:05:18,  2.21,  0.47, 15.31,119.91, 54.84,  1.20, 10.00,2,0,0,0,0,20400,2026-03-24 13:05:32,  0.00,  0.00, 15.31,119.29, 54.79,  0.00, 10.00,2,0,0,0,0,20400,  7.21,  0.47, 15.38, 56.85,  8.10,  8.78, 54.77,  0.00,
680,2026-03-24 13:09:37,  0.46,  0.27,  5.52, 92.80, 56.40,  0.00, 10.00,2,C0,2000,2000,0,20400,2026-03-24 13:12:03,  9.54,  0.99, 31.39,121.68, 47.04,  0.00, 10.00,2,0,0,0,0,20400,2026-03-24 13:12:24,  0.00,  0.00, 31.39,121.68, 46.97,  0.00, 10.00,2,0,0,0,0,20400, 31.09,  1.00, 32.08, 57.12,  8.10,  5.52, 46.76,  0.00,
681,2026-03-24 13:14:37,  2.53,  0.39, 21.06,120.88, 52.79,  3.75, 10.00,2,0,0,0,0,20400,2026-03-24 13:14:58,  4.63,  0.72, 21.06,120.88, 52.82,  3.75, 10.00,2,0,0,0,0,20400,2026-03-24 13:16:18,  0.00,  0.00,  8.05,123.36, 56.25,  3.00, 10.00,2,C0,2000,2000,0,20400, 15.11,  0.72, 21.06, 56.40,  8.10,  8.05, 52.79,  0.00,
682,2026-03-24 13:18:05,  3.93,  0.77, 16.63,123.18, 54.42,  2.25, 10.00,2,0,0,0,0,20400,2026-03-24 13:18:07,  4.43,  0.87, 16.63,123.18, 54.45,  2.55, 10.00,2,0,0,0,0,20400,2026-03-24 13:20:15,  0.00,  0.00,  8.99,142.08, 56.11,  2.70, 10.00,2,C0,2000,2000,0,20400, 14.46,  0.87, 16.63, 56.21,  8.10,  8.99, 54.42,  0.00,
683,2026-03-24 13:23:37,  2.07,  0.42, 16.15,124.24, 54.57,  3.75, 10.00,2,0,0,0,0,20400,2026-03-24 13:23:38,  2.50,  0.50, 16.15,124.24, 54.59,  3.75, 10.00,2,0,0,0,0,20400,2026-03-24 13:25:33,  0.00,  0.00,  9.71,142.25, 55.97,  1.65, 10.00,2,C0,2000,2000,0,20400,  8.15,  0.50, 16.15, 56.23,  8.10,  9.64, 54.57,  0.00,
684,2026-03-24 13:28:06,  2.94,  0.53, 18.15,123.18, 53.93,  2.10, 10.00,2,0,0,0,0,20400,2026-03-24 13:28:11,  3.23,  0.58, 18.15,123.09, 54.01,  1.95, 10.00,2,0,0,0,0,20400,2026-03-24 13:29:59,  0.00,  0.00, 15.10,139.87, 54.78,  2.70, 10.00,2,0,0,0,0,20400, 10.54,  0.58, 18.15, 55.68,  8.10, 12.92, 53.93,  0.00,
685,2026-03-24 13:33:48,  4.34,  0.77, 18.29,122.91, 53.87,  3.45, 10.00,2,0,0,0,0,20400,2026-03-24 13:33:51,  4.66,  0.83, 18.29,122.91, 53.90,  3.60, 10.00,2,0,0,0,0,20400,2026-03-24 13:35:40,  0.00,  0.00, 14.96,140.04, 54.82,  4.65, 10.00,2,0,0,0,0,20400, 15.20,  0.83, 18.29, 55.69,  8.10, 12.99, 53.87,  0.00,
686,2026-03-24 13:43:33,  2.91,  0.54, 17.60,122.91, 54.12,  3.45, 10.00,2,0,0,0,0,20400,2026-03-24 13:43:41,  3.69,  0.68, 17.60,122.91, 54.15,  3.15, 10.00,2,0,0,0,0,20400,2026-03-24 13:45:36,  0.00,  0.00, 16.49,140.66, 54.42,  2.70, 10.00,2,0,0,0,0,20400, 12.02,  0.68, 17.60, 55.76,  8.10, 12.92, 54.12,  0.00,
687,2026-03-24 13:51:43,  2.23,  0.35, 20.60,121.06, 53.02,  4.80, 10.00,2,0,0,0,0,20400,2026-03-24 13:51:46,  2.64,  0.42, 20.60,121.06, 53.06,  4.80, 10.00,2,0,0,0,0,20400,2026-03-24 13:53:27,  0.00,  0.00, 18.83,139.69, 53.65,  3.75, 10.00,2,0,0,0,0,20400,  8.60,  0.42, 20.60, 55.04,  8.10, 15.52, 53.02,  0.00,
688,2026-03-24 13:58:20, 18.32,  0.96, 47.59,112.32, 26.86,  2.85,  5.26,2,0,0,0,0,20400,2026-03-24 13:58:21, 21.72,  1.15, 47.53,112.32, 27.00,  2.85,  5.28,2,0,0,0,0,20400,2026-03-24 14:00:55,  0.15,  0.01, 38.89,145.43, 40.07,  1.65,  7.47,2,0,0,0,0,20400, 54.47,  1.15, 47.59, 51.15,  8.10, 25.39, 26.86,  0.00,
689,2026-03-24 14:31:45,  2.45,  0.25, 32.37,117.79, 46.29,  2.70, 10.00,2,0,0,0,0,20400,2026-03-24 14:32:35,  3.92,  0.39, 32.37,117.79, 46.37,  2.55, 10.00,2,0,0,0,0,20400,2026-03-24 14:38:27,  0.00,  0.00, 16.70,140.22, 54.37,  2.85, 10.00,2,0,0,0,0,20400, 12.78,  0.39, 32.43, 54.89,  8.10, 16.63, 46.25,  0.00,
690,2026-03-24 14:41:04,  4.34,  0.58, 24.23,118.06, 51.36,  1.35, 10.00,2,0,0,0,0,20400,2026-03-24 14:41:04,  4.34,  0.58, 24.23,118.06, 51.36,  1.35, 10.00,2,0,0,0,0,20400,2026-03-24 14:42:05,  0.00,  0.00, 15.03,118.59, 54.87,  2.25, 10.00,2,0,0,0,0,20400, 14.16,  0.60, 24.23, 54.95,  8.10, 15.03, 51.36,  0.00,
691,2026-03-24 14:58:28,  0.56,  0.30,  6.10,130.51, 56.50,  1.80, 10.00,2,C0,2000,2000,0,20400,2026-03-24 14:59:48,  2.24,  0.34, 21.60,135.36, 52.63,  1.95, 10.00,2,0,0,0,0,20400,2026-03-24 15:00:05,  0.00,  0.00, 21.60,135.45, 52.56,  1.05, 10.00,2,0,0,0,0,20400,  7.30,  0.37, 21.60, 56.72,  8.10,  6.03, 52.56,  0.00,
692,2026-03-24 15:02:44,  1.19,  0.82,  4.72,130.68, 56.66,  2.85, 10.00,2,C0,2000,2000,0,20400,2026-03-24 15:03:59,  6.17,  0.90, 22.46,135.81, 52.24,  2.70, 10.00,2,0,0,0,0,20400,2026-03-24 15:04:12,  0.00,  0.00, 22.46,135.81, 52.16,  2.40, 10.00,2,0,0,0,0,20400, 20.12,  0.90, 23.45, 56.90,  8.10,  4.72, 52.02,  0.00,
693,2026-03-24 15:25:22,  6.69,  0.82, 26.72,164.06, 50.13,  2.55, 10.00,2,0,0,0,0,20400,2026-03-24 15:25:27, 12.35,  1.51, 26.72,164.06, 50.16,  2.25, 10.00,2,0,0,0,0,20400,2026-03-24 15:27:50,  0.00,  0.00, 19.38,143.05, 53.62,  2.70, 10.00,2,0,0,0,0,20400, 40.25,  1.51, 26.72, 54.20,  8.10, 19.38, 50.13,  0.00,
694,2026-03-24 15:31:12,  5.23,  0.67, 25.51,163.09, 50.78,  2.25, 10.00,2,0,0,0,0,20400,2026-03-24 15:31:17,  6.62,  0.85, 25.51,163.09, 50.85,  1.95, 10.00,2,0,0,0,0,20400,2026-03-24 15:34:14,  0.00,  0.00, 15.45,144.37, 54.88,  2.10, 10.00,2,0,0,0,0,20400, 21.59,  0.85, 25.51, 55.19,  8.10, 15.45, 50.78,  0.00,
695,2026-03-25 07:54:47,  2.44,  0.37, 21.60,135.89, 52.66,  0.00, 10.00,2,0,0,0,0,20400,2026-03-25 07:54:48,  2.46,  0.37, 21.60,135.81, 52.68,  0.00, 10.00,2,0,0,0,0,20400,2026-03-25 07:56:45,  0.00,  0.00, 15.45,120.44, 54.77,  0.00, 10.00,2,0,0,0,0,20400,  8.03,  0.44, 21.60, 56.54,  8.10,  7.98, 52.66,  0.00,
696,2026-03-25 08:00:33, 12.40,  1.00, 37.15,107.55, 42.04,  0.00,  8.05,2,0,0,0,0,20400,2026-03-25 08:00:33, 12.40,  1.00, 37.15,107.55, 42.04,  0.00,  8.05,2,0,0,0,0,20400,2026-03-25 08:03:26,  0.00,  0.00,  5.01,130.68, 56.55,  0.00, 10.00,2,C0,2000,2000,0,20400, 37.08,  1.00, 37.15, 56.67,  8.10,  4.94, 42.04,  0.00,
697,2026-03-25 08:07:20,  0.36,  0.24,  5.01,130.68, 56.67,  0.00, 10.00,2,C0,2000,2000,0,20400,2026-03-25 08:08:18,  1.21,  0.24, 16.29,136.16, 54.80,  0.00, 10.00,2,0,0,0,0,20400,2026-03-25 08:08:56,  0.00,  0.00, 12.42,137.66, 55.46,  0.00, 10.00,2,40,2000,0,0,20400,  3.96,  0.27, 16.77, 56.82,  8.10,  4.94, 54.64,  0.00,
698,2026-03-25 10:39:51,  3.93,  0.88, 14.54,139.69, 55.01,  2.25, 10.00,2,0,0,0,0,20400,2026-03-25 10:40:32,  6.12,  0.97, 20.53,137.13, 53.05,  3.75, 10.00,2,0,0,0,0,20400,2026-03-25 10:40:44,  0.00,  0.00, 21.13,137.13, 52.75,  3.60, 10.00,2,0,0,0,0,20400, 19.94,  0.97, 21.13, 55.06,  8.10, 14.54, 52.75,  0.00,
699,2026-03-25 13:20:03,  4.90,  0.38, 38.06,104.81, 41.29,  1.95,  7.75,2,0,0,0,0,20400,2026-03-25 13:20:03,  4.90,  0.38, 38.06,104.81, 41.29,  1.95,  7.75,2,0,0,0,0,20400,2026-03-25 13:21:38,  0.00,  0.00, 20.66,118.41, 53.02,  0.00, 10.00,2,0,0,0,0,20400, 14.44,  0.38, 38.06, 53.10,  8.10, 20.66, 41.29,  0.00,
700,2026-03-25 13:30:07,  7.99,  1.36, 19.11,118.32, 53.68,  2.10, 10.00,2,0,0,0,0,20400,2026-03-25 13:35:52,  9.72,  1.34, 23.64,135.81, 51.79,  1.20, 10.00,2,0,0,0,0,20400,2026-03-25 13:36:23,  0.00,  0.00, 23.71,135.81, 51.64,  1.35, 10.00,2,0,0,0,0,20400, 31.67,  1.38, 23.71, 54.18,  8.10, 18.29, 51.64,  0.00,
701,2026-03-25 13:41:32,  2.55,  0.35, 23.84,135.81, 51.69,  0.00, 10.00,2,0,0,0,0,20400,2026-03-25 13:42:40,  2.77,  0.35, 25.90,118.59, 50.68,  0.00, 10.00,2,0,0,0,0,20400,2026-03-25 13:42:56,  0.00,  0.00, 26.21,118.50, 50.36,  0.00, 10.00,2,0,0,0,0,20400,  9.04,  0.36, 26.21, 51.89,  8.10, 23.84, 50.36,  0.00,
702,2026-03-25 13:46:37, 11.06,  1.31, 27.47,118.50, 49.74,  2.10, 10.00,2,0,0,0,0,20400,2026-03-25 13:46:40, 11.16,  1.32, 27.47,118.50, 49.80,  2.10, 10.00,2,0,0,0,0,20400,2026-03-25 13:48:26,  0.00,  0.00, 22.59,134.75, 52.19,  2.40, 10.00,2,0,0,0,0,20400, 36.38,  1.32, 27.47, 53.05,  8.10, 21.47, 49.74,  0.00,
703,2026-03-25 13:51:50,  2.24,  0.32, 22.59,135.72, 52.33,  0.00, 10.00,2,0,0,0,0,20400,2026-03-25 13:55:25,  4.52,  0.33, 39.13,107.28, 40.10,  2.25,  7.39,2,0,0,0,0,20400,2026-03-25 13:55:42,  0.00,  0.00, 39.13,107.28, 40.02,  1.65,  7.39,2,0,0,0,0,20400, 13.07,  0.33, 39.13, 53.53,  8.10, 21.20, 40.02,  0.00,
704,2026-03-25 13:59:27, 11.27,  0.88, 37.96,107.28, 41.23,  1.80,  7.78,2,0,0,0,0,20400,2026-03-25 13:59:30, 12.61,  0.98, 37.91,107.28, 41.30,  1.80,  7.80,2,0,0,0,0,20400,2026-03-25 14:01:16,  0.00,  0.00, 16.91,123.00, 54.30,  1.20, 10.00,2,0,0,0,0,20400, 37.26,  1.03, 37.96, 54.77,  8.10, 16.91, 41.23,  0.00,
705,2026-03-25 14:08:44,  9.81,  0.78, 37.51,169.54, 41.66,  3.30,  7.93,2,0,0,0,0,20400,2026-03-25 14:09:04, 25.50,  2.06, 37.10,169.54, 42.11,  3.45,  8.07,2,0,0,0,0,20400,2026-03-25 14:11:25,  0.00,  0.00, 15.73,184.72, 54.67,  2.40, 10.00,2,0,0,0,0,20400, 76.46,  2.09, 37.51, 54.75,  8.10, 15.73, 41.66,  0.00,
706,2026-03-25 14:20:52,  6.06,  0.48, 37.45,170.77, 41.75,  2.25,  7.95,2,0,0,0,0,20400,2026-03-25 14:20:56,  6.37,  0.51, 37.35,170.77, 41.93,  2.25,  7.98,2,0,0,0,0,20400,2026-03-25 14:22:38,  0.00,  0.00, 17.19,182.78, 54.22,  0.00, 10.00,2,0,0,0,0,20400, 19.00,  0.51, 37.45, 54.28,  8.10, 17.12, 41.75,  0.00,
707,2026-03-25 14:25:54,  3.79,  0.35, 34.12,169.98, 44.76,  1.80,  9.31,2,0,0,0,0,20400,2026-03-25 14:26:04,  9.82,  0.94, 33.50,169.89, 45.37,  1.50,  9.59,2,0,0,0,0,20400,2026-03-25 14:27:45,  0.00,  0.00, 20.26,183.13, 53.11,  2.55, 10.00,2,0,0,0,0,20400, 31.53,  0.94, 34.12, 53.78,  8.10, 20.26, 44.76,  0.00,
708,2026-03-25 14:30:18,  7.08,  0.67, 33.84,170.15, 45.00,  0.00,  9.43,2,0,0,0,0,20400,2026-03-25 14:30:22,  8.16,  0.77, 33.73,170.15, 45.10,  0.00,  9.48,2,0,0,0,0,20400,2026-03-25 14:32:40,  0.00,  0.00, 17.46,183.13, 54.12,  2.55, 10.00,2,0,0,0,0,20400, 26.11,  0.78, 33.84, 54.24,  8.10, 17.26, 45.00,  0.00,
709,2026-03-26 07:53:43, 26.11,  1.48, 44.68,168.04, 32.42,  0.00,  5.68,2,0,0,0,0,20400,2026-03-26 07:53:50, 37.99,  2.16, 44.68,168.12, 32.44,  0.00,  5.68,2,0,0,0,0,20400,2026-03-26 07:55:54,  0.00,  0.00, 38.65,155.32, 40.37,  0.00,  7.55,2,0,0,0,0,20400, 96.49,  2.16, 44.68, 41.10,  8.10, 38.45, 32.42,  0.00,
710,2026-03-26 08:25:01, 23.33,  1.45, 42.76,157.26, 35.38,  0.00,  6.20,2,0,0,0,0,20400,2026-03-26 08:25:04, 36.24,  2.26, 42.64,157.26, 35.56,  0.00,  6.23,2,0,0,0,0,20400,2026-03-26 08:26:33,  0.00,  0.00, 31.56,157.26, 46.69,  0.00, 10.00,2,0,0,0,0,20400, 96.28,  2.26, 42.76, 47.88,  8.10, 30.15, 35.38,  0.00,
711,2026-03-26 08:28:27, 34.41,  2.16, 42.43,157.26, 35.82,  0.00,  6.29,2,0,0,0,0,20400,2026-03-26 08:28:28, 37.06,  2.33, 42.39,157.26, 35.88,  0.00,  6.30,2,0,0,0,0,20400,2026-03-26 08:29:54,  0.00,  0.00, 29.00,157.44, 48.42,  0.00, 10.00,2,0,0,0,0,20400, 98.93,  2.33, 42.47, 49.44,  8.10, 27.65, 35.76,  0.00,
712,2026-03-26 10:21:30, 17.59,  0.96, 46.62,106.31, 28.89,  1.20,  5.44,2,0,0,0,0,20400,2026-03-26 10:21:50, 20.52,  1.13, 46.06,106.31, 30.07,  0.00,  5.49,2,0,0,0,0,20400,2026-03-26 10:24:56,  0.00,  0.00, 39.66, 87.33, 39.25,  0.00,  7.21,2,0,0,0,0,20400, 51.92,  1.13, 46.62, 43.13,  8.10, 36.58, 28.89,  0.00,
713,2026-03-26 14:49:28,  0.85,  0.19, 14.33, 97.31, 54.91,  1.95, 10.00,2,0,0,0,0,20400,2026-03-26 14:50:09,  1.58,  0.21, 24.62, 96.25, 51.13,  1.05, 10.00,2,0,0,0,0,20400,2026-03-26 14:50:51,  0.00,  0.00, 25.51, 96.25, 50.47,  1.20, 10.00,2,0,0,0,0,20400,  5.14,  0.28, 25.51, 55.08,  8.10, 14.33, 50.47,  0.00,
714,2026-03-27 07:37:53,  7.92,  0.96, 26.78, 96.51, 49.77,  0.00, 10.00,2,0,0,0,0,20400,2026-03-27 07:37:53,  7.92,  0.96, 26.78, 96.51, 49.77,  0.00, 10.00,2,0,0,0,0,20400,2026-03-27 07:41:13,  0.00,  0.00, 11.71, 71.79, 55.51,  0.00, 10.00,2,40,2000,0,0,20400, 25.81,  0.96, 26.78, 56.31,  8.10, 10.93, 49.77,  0.00,
715,2026-03-27 07:46:56,  7.51,  0.96, 25.51,100.49, 50.42,  0.00, 10.00,2,0,0,0,0,20400,2026-03-27 07:48:25, 11.98,  1.08, 34.72, 92.98, 44.19,  0.00,  9.03,2,0,0,0,0,20400,2026-03-27 07:48:38,  0.00,  0.00, 35.37, 92.98, 43.57,  0.00,  8.75,2,0,0,0,0,20400, 37.55,  1.11, 35.37, 50.88,  8.10, 25.51, 43.57,  0.00,
716,2026-03-27 07:51:01,  6.87,  0.92, 24.29,100.40, 51.06,  0.00, 10.00,2,0,0,0,0,20400,2026-03-27 07:52:59, 16.34,  1.09, 41.31, 91.74, 37.33,  0.00,  6.64,2,0,0,0,0,20400,2026-03-27 07:53:29,  0.00,  0.00, 41.66, 91.74, 36.79,  0.00,  6.52,2,0,0,0,0,20400, 44.83,  1.10, 41.66, 51.64,  8.10, 24.29, 36.79,  0.00,
717,2026-03-27 08:03:48,  8.01,  0.50, 42.55, 44.50, 35.73,  0.00,  6.25,2,0,0,0,0,20400,2026-03-27 08:03:48,  8.01,  0.50, 42.55, 44.50, 35.73,  0.00,  6.25,2,0,0,0,0,20400,2026-03-27 08:05:06,  0.00,  0.00, 33.11, 52.63, 45.55,  0.00,  9.77,2,0,0,0,0,20400, 21.32,  0.50, 42.55, 46.04,  8.10, 33.05, 35.73,  0.00,
718,2026-03-27 08:09:33,  6.80,  0.90, 24.74, 39.38, 50.84,  0.00, 10.00,2,0,0,0,0,20400,2026-03-27 08:12:21, 16.12,  0.96, 43.57, 29.67, 34.30,  0.00,  5.98,2,0,0,0,0,20400,2026-03-27 08:12:44,  0.00,  0.00, 43.77, 29.76, 33.84,  0.00,  5.93,2,0,0,0,0,20400, 42.00,  1.03, 43.77, 51.37,  8.10, 24.74, 33.84,  0.00,
719,2026-03-27 08:15:01,  8.09,  1.25, 21.13, 39.21, 52.52,  0.00, 10.00,2,0,0,0,0,20400,2026-03-27 08:16:27, 25.48,  1.47, 44.39, 29.40, 32.94,  0.00,  5.76,2,0,0,0,0,20400,2026-03-27 08:16:43,  0.00,  0.00, 44.57, 29.40, 32.56,  0.00,  5.71,2,0,0,0,0,20400, 65.19,  1.47, 44.65, 52.82,  8.10, 21.13, 32.56,  0.00,
720,2026-03-27 08:19:18,  6.26,  0.91, 22.40, 38.41, 51.98,  0.00, 10.00,2,0,0,0,0,20400,2026-03-27 08:20:41, 12.63,  1.03, 36.89, 31.17, 42.23,  0.00,  8.14,2,0,0,0,0,20400,2026-03-27 08:20:55,  0.00,  0.00, 36.79, 31.17, 42.24,  0.00,  8.18,2,0,0,0,0,20400, 37.94,  1.03, 36.89, 52.52,  8.10, 22.33, 42.19,  0.00,
721,2026-03-27 08:23:36,  5.82,  0.91, 20.93, 38.41, 52.61,  0.00, 10.00,2,0,0,0,0,20400,2026-03-27 08:24:39, 10.66,  0.99, 34.06, 31.79, 44.81,  0.00,  9.33,2,0,0,0,0,20400,2026-03-27 08:24:59,  0.00,  0.00, 34.06, 31.79, 44.70,  0.00,  9.33,2,0,0,0,0,20400, 33.87,  1.04, 34.12, 52.87,  8.10, 20.93, 44.65,  0.00,
722,2026-03-27 08:36:41,  3.93,  0.87, 14.75, 32.76, 54.71,  0.00, 10.00,2,0,0,0,0,20400,2026-03-27 08:37:57,  7.24,  0.83, 28.27, 28.43, 48.92,  0.00, 10.00,2,0,0,0,0,20400,2026-03-27 08:38:08,  0.00,  0.00, 28.45, 28.43, 48.71,  0.00, 10.00,2,0,0,0,0,20400, 23.60,  0.88, 28.45, 55.03,  8.10, 14.75, 48.71,  0.00,
723,2026-03-27 08:40:25,  3.10,  0.78, 12.99, 30.99, 55.17,  0.00, 10.00,2,40,2000,0,0,20400,2026-03-27 08:42:25,  8.34,  0.87, 31.27, 25.96, 46.93,  0.00, 10.00,2,0,0,0,0,20400,2026-03-27 08:42:35,  0.00,  0.00, 31.15, 25.87, 46.95,  0.00, 10.00,2,0,0,0,0,20400, 27.18,  0.87, 31.45, 55.67,  8.10, 12.99, 46.92,  0.00,
724,2026-03-27 08:44:57,  2.98,  0.79, 12.35, 30.29, 55.29,  0.00, 10.00,2,40,2000,0,0,20400,2026-03-27 08:46:13,  8.51,  0.85, 32.49, 27.20, 46.02,  0.00, 10.00,2,0,0,0,0,20400,2026-03-27 08:46:25,  0.00,  0.00, 32.54, 27.20, 45.91,  0.00, 10.00,2,0,0,0,0,20400, 27.74,  0.88, 32.77, 55.62,  8.10, 12.21, 45.91,  0.00,
725,2026-03-27 08:49:07,  2.68,  0.77, 11.28, 29.23, 55.53,  0.00, 10.00,2,40,2000,0,0,20400,2026-03-27 08:50:33, 11.16,  0.84, 38.65, 28.87, 40.39,  0.00,  7.55,2,0,0,0,0,20400,2026-03-27 08:50:43,  0.00,  0.00, 38.84, 28.79, 40.13,  0.00,  7.49,2,0,0,0,0,20400, 32.56,  0.89, 39.23, 55.72,  8.10, 11.28, 39.96,  0.00,
726,2026-03-27 08:53:32,  2.55,  0.81, 10.28, 28.79, 55.72,  0.00, 10.00,2,40,2000,0,0,20400,2026-03-27 08:55:13, 13.34,  0.89, 41.26, 28.26, 37.35,  0.00,  6.66,2,0,0,0,0,20400,2026-03-27 08:55:21,  0.00,  0.00, 41.26, 28.26, 37.31,  0.00,  6.66,2,0,0,0,0,20400, 36.64,  0.90, 41.92, 56.17,  8.10, 10.28, 36.82,  0.00,
727,2026-03-27 08:58:11,  2.81,  0.78, 11.78, 28.26, 55.42,  0.00, 10.00,2,40,2000,0,0,20400,2026-03-27 08:59:17,  7.91,  0.87, 29.67, 29.58, 48.02,  0.00, 10.00,2,0,0,0,0,20400,2026-03-27 08:59:28,  0.00,  0.00, 29.67, 29.58, 47.94,  0.00, 10.00,2,0,0,0,0,20400, 25.78,  0.91, 30.62, 55.68,  8.10, 11.78, 47.69,  0.00,
728,2026-03-27 09:04:53,  3.78,  0.82, 15.03, 38.32, 54.65,  0.00, 10.00,2,0,0,0,0,20400,2026-03-27 09:06:49, 11.56,  1.02, 35.10, 29.76, 43.87,  0.00,  8.86,2,0,0,0,0,20400,2026-03-27 09:07:05,  0.00,  0.00, 35.26, 29.76, 43.66,  0.00,  8.80,2,0,0,0,0,20400, 35.96,  1.02, 35.53, 54.92,  8.10, 14.96, 43.66,  0.00,
729,2026-03-27 09:10:08,  3.29,  0.67, 16.08, 30.91, 54.34,  0.00, 10.00,2,0,0,0,0,20400,2026-03-27 09:10:49,  6.53,  0.84, 25.39, 30.91, 50.54,  0.00, 10.00,2,0,0,0,0,20400,2026-03-27 09:10:57,  0.00,  0.00, 25.39, 30.91, 50.49,  0.00, 10.00,2,0,0,0,0,20400, 21.29,  0.90, 25.39, 54.64,  8.10, 15.87, 50.49,  0.00,
730,2026-03-27 09:19:14,  4.20,  0.82, 16.70, 38.50, 54.18,  0.00, 10.00,2,0,0,0,0,20400,2026-03-27 09:20:29, 12.41,  0.94, 38.45, 30.38, 40.60,  0.00,  7.62,2,0,0,0,0,20400,2026-03-27 09:20:41,  0.00,  0.00, 38.40, 30.38, 40.61,  0.00,  7.63,2,0,0,0,0,20400, 36.34,  0.94, 38.75, 54.66,  8.10, 16.70, 40.36,  0.00,
731,2026-03-27 09:24:44,  6.02,  1.09, 17.94, 38.59, 53.78,  0.00, 10.00,2,0,0,0,0,20400,2026-03-27 09:26:15, 16.17,  1.09, 41.04, 29.58, 37.64,  0.00,  6.74,2,0,0,0,0,20400,2026-03-27 09:26:30,  0.00,  0.00, 41.08, 29.58, 37.50,  0.00,  6.72,2,0,0,0,0,20400, 44.70,  1.10, 41.17, 54.36,  8.10, 17.88, 37.50,  0.00,
732,2026-03-27 09:40:22,  5.63,  0.94, 19.58, 39.38, 53.10,  0.00, 10.00,2,0,0,0,0,20400,2026-03-27 09:42:19, 12.19,  1.33, 29.91, 33.02, 48.13,  0.00, 10.00,2,0,0,0,0,20400,2026-03-27 09:42:59,  0.00,  0.00, 29.73, 32.85, 47.77,  0.00, 10.00,2,0,0,0,0,20400, 39.73,  1.38, 29.91, 53.48,  8.10, 19.51, 47.77,  0.00,
733,2026-03-27 09:46:00,  4.85,  0.76, 20.93, 39.38, 52.57,  0.00, 10.00,2,0,0,0,0,20400,2026-03-27 09:47:17,  7.37,  0.85, 28.39, 28.26, 48.79,  0.00, 10.00,2,0,0,0,0,20400,2026-03-27 09:47:25,  0.00,  0.00, 28.45, 28.26, 48.68,  0.00, 10.00,2,0,0,0,0,20400, 24.03,  0.90, 29.19, 53.12,  8.10, 20.86, 48.58,  0.00,
734,2026-03-27 13:17:32,  4.35,  0.78, 18.15, 31.35, 53.36,  0.00, 10.00,2,0,0,0,0,20400,2026-03-27 13:18:50,  8.23,  0.94, 28.52, 28.34, 48.50,  0.00, 10.00,2,0,0,0,0,20400,2026-03-27 13:19:03,  0.00,  0.00, 28.52, 28.34, 48.43,  0.00, 10.00,2,0,0,0,0,20400, 26.84,  0.94, 28.52, 53.77,  8.10, 18.15, 48.43,  0.00,
735,2026-03-27 13:52:57,  6.94,  0.80, 28.27, 33.55, 48.85,  1.95, 10.00,2,0,0,0,0,20400,2026-03-27 13:54:08,  9.64,  0.87, 34.66, 25.78, 44.22,  2.70,  9.05,2,0,0,0,0,20400,2026-03-27 13:54:14,  0.00,  0.00, 34.66, 25.78, 44.18,  2.40,  9.05,2,0,0,0,0,20400, 30.26,  0.91, 34.72, 49.25,  8.10, 28.27, 44.18,  0.00,
736,2026-03-27 13:56:37,  6.62,  0.85, 25.26, 32.41, 50.57,  1.50, 10.00,2,0,0,0,0,20400,2026-03-27 13:57:55, 13.54,  0.96, 39.94, 27.90, 38.97,  1.50,  7.12,2,0,0,0,0,20400,2026-03-27 13:58:11,  0.00,  0.00, 39.94, 27.90, 38.90,  1.80,  7.12,2,0,0,0,0,20400, 38.50,  0.96, 39.94, 51.03,  8.10, 25.26, 38.90,  0.00,
737,2026-03-27 14:00:45,  5.69,  0.79, 23.38, 32.32, 51.52,  1.20, 10.00,2,0,0,0,0,20400,2026-03-27 14:02:11, 12.41,  0.91, 39.37, 27.55, 39.62,  1.05,  7.31,2,0,0,0,0,20400,2026-03-27 14:02:24,  0.00,  0.00, 39.37, 27.55, 39.55,  1.80,  7.31,2,0,0,0,0,20400, 35.71,  0.91, 39.37, 52.00,  8.10, 23.32, 39.55,  0.00,
738,2026-03-27 14:04:57,  5.32,  0.79, 22.06, 31.70, 52.12,  2.70, 10.00,2,0,0,0,0,20400,2026-03-27 14:06:14, 11.41,  0.92, 37.15, 28.34, 41.95,  1.35,  8.05,2,0,0,0,0,20400,2026-03-27 14:06:32,  0.00,  0.00, 37.15, 28.34, 41.89,  1.50,  8.05,2,0,0,0,0,20400, 34.12,  0.92, 37.30, 52.58,  8.10, 22.06, 41.89,  0.00,
739,2026-03-27 14:10:17,  5.12,  0.83, 20.19, 31.26, 52.90,  2.70, 10.00,2,0,0,0,0,20400,2026-03-27 14:11:31,  9.71,  0.83, 35.95, 27.99, 43.14,  3.45,  8.52,2,0,0,0,0,20400,2026-03-27 14:11:53,  0.00,  0.00, 36.06, 27.99, 42.95,  3.15,  8.48,2,0,0,0,0,20400, 29.74,  0.90, 36.06, 53.47,  8.10, 20.12, 42.95,  0.00,
740,2026-03-27 14:52:05,  1.31,  0.26, 16.36,341.28, 54.52,  1.20, 10.00,2,0,0,0,0,20400,2026-03-27 14:54:31,  5.88,  0.92, 20.80, 22.52, 53.06,  3.60, 10.00,2,0,0,0,0,20400,2026-03-27 14:54:41,  0.00,  0.00, 20.80, 22.52, 53.00,  3.15, 10.00,2,0,0,0,0,20400, 19.18,  0.99, 20.86, 56.67,  8.10, 11.00, 53.00,  0.00,
741,2026-03-27 14:57:06,  2.11,  0.33, 21.06, 22.52, 52.97,  4.95, 10.00,2,0,0,0,0,20400,2026-03-27 14:59:06,  6.07,  0.33, 46.58,345.87, 29.27,  2.10,  5.44,2,0,0,0,0,20400,2026-03-27 14:59:17,  0.00,  0.00, 46.62,345.87, 29.12,  2.25,  5.44,2,0,0,0,0,20400, 15.38,  0.35, 46.62, 53.53,  8.10, 21.00, 29.12,  0.00,
742,2026-03-28 07:27:01,  5.36,  0.78, 22.46,335.45, 51.93,  1.35, 10.00,2,0,0,0,0,20400,2026-03-28 07:27:04,  5.99,  0.87, 22.46,335.36, 52.03,  1.35, 10.00,2,0,0,0,0,20400,2026-03-28 07:30:22,  0.00,  0.00, 12.71,300.31, 55.26,  0.00, 10.00,2,40,2000,0,0,20400, 19.52,  0.87, 22.53, 56.15,  1.35, 12.00, 51.93,  0.00,
743,2026-03-28 07:35:52,  6.42,  0.68, 30.98,319.03, 47.24,  0.00, 10.00,2,0,0,0,0,20400,2026-03-28 07:35:52,  6.62,  0.70, 30.92,319.03, 47.30,  0.00, 10.00,2,0,0,0,0,20400,2026-03-28 07:38:33,  0.00,  0.00, 11.85,306.58, 55.57,  0.00, 10.00,2,40,2000,0,0,20400, 21.59,  0.70, 30.98, 56.52,  1.35, 10.14, 47.24,  0.00,
744,2026-03-28 07:53:09, 13.53,  0.84, 42.76,335.19, 35.35,  0.00,  6.20,2,0,0,0,0,20400,2026-03-28 07:53:15, 20.10,  1.25, 42.64,335.19, 35.55,  0.00,  6.23,2,0,0,0,0,20400,2026-03-28 07:55:12,  0.00,  0.00, 39.56,320.53, 39.36,  0.00,  7.25,2,0,0,0,0,20400, 53.40,  1.25, 42.76, 40.55,  1.35, 38.94, 35.35,  0.00,
745,2026-03-28 08:14:54, 10.03,  2.38, 13.77,266.93, 55.04,  0.00, 10.00,2,40,2000,0,0,20400,2026-03-28 08:16:53, 26.12,  2.52, 33.34,260.66, 45.46,  0.00,  9.66,2,0,0,0,0,20400,2026-03-28 08:17:07,  0.00,  0.00, 33.56,260.66, 45.22,  0.00,  9.56,2,0,0,0,0,20400, 84.13,  2.52, 33.56, 55.46,  1.35, 13.77, 45.22,  0.00,
746,2026-03-28 08:41:17, 19.25,  1.26, 41.53,266.84, 37.28,  0.00,  6.57,2,0,0,0,0,20400,2026-03-28 08:41:24, 42.03,  2.83, 41.04,266.84, 37.95,  0.00,  6.74,2,0,0,0,0,20400,2026-03-28 08:43:56,  0.00,  0.00, 34.56,255.19, 44.68,  0.00,  9.10,2,0,0,0,0,20400,116.18,  2.83, 41.53, 52.93,  1.35, 22.59, 37.28,  0.00,
747,2026-03-28 08:46:25, 13.34,  1.22, 34.50,255.19, 44.75,  0.00,  9.13,2,0,0,0,0,20400,2026-03-28 08:47:30, 28.79,  1.57, 46.42,255.36, 29.94,  0.00,  5.46,2,0,0,0,0,20400,2026-03-28 08:48:17,  1.27,  0.07, 47.02,255.36, 28.46,  0.00,  5.39,2,0,0,0,0,20400, 72.94,  1.66, 47.02, 45.24,  1.35, 34.17, 28.46,  0.00,
748,2026-03-28 08:54:59,  3.94,  1.25, 10.28,267.28, 56.04,  0.00, 10.00,2,40,2000,0,0,20400,2026-03-28 08:56:07,  9.12,  1.38, 21.53,255.89, 52.84,  0.00, 10.00,2,0,0,0,0,20400,2026-03-28 08:56:29,  0.00,  0.00, 21.33,255.89, 52.80,  0.00, 10.00,2,0,0,0,0,20400, 29.74,  1.38, 21.60, 56.55,  1.35, 10.21, 52.78,  0.00,
749,2026-03-28 13:16:45,  2.97,  0.54, 18.08,257.66, 53.81,  0.00, 10.00,2,0,0,0,0,20400,2026-03-28 13:16:46,  3.05,  0.55, 18.08,257.66, 53.84,  1.05, 10.00,2,0,0,0,0,20400,2026-03-28 13:19:20,  0.00,  0.00, 11.92,245.03, 55.56,  1.35, 10.00,2,40,2000,0,0,20400,  9.95,  0.55, 18.08, 55.71,  2.55, 11.92, 53.81,  0.00,
750,2026-03-30 07:31:17,  4.95,  1.06, 15.17,212.80, 54.62,  0.00, 10.00,2,0,0,0,0,20400,2026-03-30 07:33:22, 16.99,  0.96, 44.72,202.83, 32.77,  0.00,  5.67,2,0,0,0,0,20400,2026-03-30 07:34:33,  0.00,  0.00, 44.50,202.74, 32.72,  0.00,  5.73,2,0,0,0,0,20400, 43.11,  1.08, 45.44, 55.07,  2.55, 15.17, 31.53,  0.00,
751,2026-03-30 08:22:20,  1.27,  0.33, 12.49,244.15, 55.59,  0.00, 10.00,2,40,2000,0,0,20400,2026-03-30 08:23:24,  3.13,  0.37, 27.47,253.16, 49.65,  0.00, 10.00,2,0,0,0,0,20400,2026-03-30 08:23:38,  0.00,  0.00, 27.47,253.16, 49.58,  0.00, 10.00,2,0,0,0,0,20400, 10.22,  0.37, 27.53, 55.85,  2.55, 12.42, 49.55,  0.00,
752,2026-03-30 08:26:31,  1.06,  0.31, 11.00,244.94, 55.90,  0.00, 10.00,2,40,2000,0,0,20400,2026-03-30 08:27:36,  3.37,  0.38, 28.94,253.42, 48.77,  0.00, 10.00,2,0,0,0,0,20400,2026-03-30 08:27:52,  0.00,  0.00, 28.94,253.42, 48.66,  0.00, 10.00,2,0,0,0,0,20400, 10.98,  0.38, 28.94, 56.22,  2.55, 11.00, 48.66,  0.00,
753,2026-03-30 10:05:08,  7.91,  1.34, 19.31,212.54, 53.27,  0.00, 10.00,2,0,0,0,0,20400,2026-03-30 10:07:51, 26.09,  1.51, 44.35,201.15, 33.06,  0.00,  5.77,2,0,0,0,0,20400,2026-03-30 10:08:28,  0.00,  0.00, 44.39,201.15, 32.93,  1.65,  5.76,2,0,0,0,0,20400, 66.82,  1.51, 44.39, 53.73,  2.55, 19.31, 32.93,  0.00,
754,2026-03-30 10:22:38,  0.63,  0.17, 11.78,196.47, 55.54,  0.00, 10.00,2,40,2000,0,0,20400,2026-03-30 10:24:55,  2.25,  0.28, 25.77,193.02, 50.62,  1.05, 10.00,2,0,0,0,0,20400,2026-03-30 10:25:05,  0.00,  0.00, 25.77,193.02, 50.53,  1.80, 10.00,2,0,0,0,0,20400,  7.33,  0.30, 25.77, 56.09,  2.55, 11.78, 50.53,  0.00,
755,2026-03-30 10:38:55,  1.97,  0.60, 10.78,153.73, 55.93,  2.10, 10.00,2,40,2000,0,0,20400,2026-03-30 10:38:55,  1.97,  0.60, 10.78,153.73, 55.93,  2.10, 10.00,2,40,2000,0,0,20400,2026-03-30 10:40:46,  0.00,  0.00,  8.99,178.63, 56.28,  0.00, 10.00,2,C0,2000,2000,0,20400,  6.43,  0.60, 10.78, 56.61,  2.55,  8.99, 55.93,  0.00,
756,2026-03-30 10:44:14,  1.27,  0.46,  8.92,179.87, 56.35,  0.00, 10.00,2,C0,2000,2000,0,20400,2026-03-30 10:45:39,  2.69,  0.50, 17.53,196.64, 54.24,  0.00, 10.00,2,0,0,0,0,20400,2026-03-30 10:45:56,  0.00,  0.00, 18.08,196.64, 53.92,  0.00, 10.00,2,0,0,0,0,20400,  8.78,  0.51, 18.08, 56.85,  2.55,  8.92, 53.92,  0.00,
757,2026-03-30 13:17:28,  5.66,  1.02, 18.15,148.87, 53.70,  2.25, 10.00,2,0,0,0,0,20400,2026-03-30 13:21:07, 16.43,  1.15, 40.22,139.69, 38.66,  1.20,  7.02,2,0,0,0,0,20400,2026-03-30 13:21:19,  0.00,  0.00, 40.99,139.69, 37.66,  0.00,  6.75,2,0,0,0,0,20400, 46.40,  1.17, 41.04, 54.33,  2.55, 18.15, 37.60,  0.00,
758,2026-03-30 13:38:29,  2.69,  0.31, 28.21,151.08, 49.23,  1.65, 10.00,2,0,0,0,0,20400,2026-03-30 13:38:32,  3.02,  0.35, 28.21,150.99, 49.33,  2.10, 10.00,2,0,0,0,0,20400,2026-03-30 13:40:59,  0.00,  0.00, 18.01,168.57, 54.01,  0.00, 10.00,2,0,0,0,0,20400,  9.85,  0.35, 28.21, 54.59,  2.55, 18.01, 49.23,  0.00,
759,2026-03-30 13:44:55,  2.75,  0.50, 18.01,168.57, 54.13,  0.00, 10.00,2,0,0,0,0,20400,2026-03-30 13:46:12,  4.12,  0.56, 24.10,182.52, 51.59,  0.00, 10.00,2,0,0,0,0,20400,2026-03-30 13:46:31,  0.00,  0.00, 24.10,182.52, 51.48,  0.00, 10.00,2,0,0,0,0,20400, 13.44,  0.56, 24.10, 54.31,  2.55, 18.01, 51.48,  0.00,
760,2026-03-30 13:54:58,  9.71,  1.34, 23.71,183.58, 51.77,  0.00, 10.00,2,0,0,0,0,20400,2026-03-30 13:58:55, 21.61,  1.36, 42.43,146.14, 36.04,  0.00,  6.29,2,0,0,0,0,20400,2026-03-30 13:59:03,  0.00,  0.00, 42.51,146.14, 35.83,  0.00,  6.26,2,0,0,0,0,20400, 57.64,  1.36, 43.13, 52.41,  2.55, 23.71, 35.23,  0.00,
761,2026-03-30 15:35:40,  6.72,  1.26, 17.39,154.61, 53.98,  0.00, 10.00,2,0,0,0,0,20400,2026-03-30 15:36:56, 10.30,  1.34, 25.07,141.02, 50.81,  0.00, 10.00,2,0,0,0,0,20400,2026-03-30 15:37:11,  0.00,  0.00, 25.13,141.02, 50.69,  0.00, 10.00,2,0,0,0,0,20400, 33.58,  1.37, 25.13, 54.45,  2.55, 17.32, 50.69,  0.00,
762,2026-04-01 10:04:20, 11.16,  0.62, 45.23, 79.03, 31.51,  0.00,  5.58,2,0,0,0,0,20400,2026-04-01 10:05:15, 12.96,  0.72, 45.09, 79.03, 31.88,  0.00,  5.59,2,0,0,0,0,20400,2026-04-01 10:06:54,  0.03,  0.00, 28.58, 77.88, 48.61,  0.00, 10.00,2,0,0,0,0,20400, 32.68,  0.73, 45.23, 50.74,  0.00, 25.77, 31.51,  0.00,
763,2026-04-01 10:09:42,  9.90,  0.55, 45.41, 78.23, 31.16,  0.00,  5.56,2,0,0,0,0,20400,2026-04-01 10:09:44, 13.85,  0.77, 45.37, 78.23, 31.23,  0.00,  5.56,2,0,0,0,0,20400,2026-04-01 10:11:03,  0.00,  0.00, 38.06, 76.20, 40.96,  0.00,  7.75,2,0,0,0,0,20400, 34.95,  0.78, 45.41, 41.50,  0.00, 37.96, 31.16,  0.00,
764,2026-04-01 13:33:18, 17.61,  0.97, 45.82, 95.98, 30.39,  1.05,  5.52,2,0,0,0,0,20400,2026-04-01 13:33:30, 21.98,  1.21, 45.76, 95.98, 30.63,  0.00,  5.52,2,0,0,0,0,20400,2026-04-01 13:35:41,  0.00,  0.00, 29.67,132.80, 47.89,  1.50, 10.00,2,0,0,0,0,20400, 55.57,  1.21, 45.82, 52.07,  2.25, 23.71, 30.39,  0.00,
765,2026-04-01 15:42:01,  3.79,  1.18, 10.50, 81.41, 55.73,  0.00, 10.00,2,40,2000,0,0,20400,2026-04-01 15:43:08, 10.09,  1.15, 28.52, 80.35, 48.91,  0.00, 10.00,2,0,0,0,0,20400,2026-04-01 15:43:36,  0.00,  0.00, 29.06, 80.44, 48.43,  1.20, 10.00,2,0,0,0,0,20400, 32.90,  1.21, 29.06, 56.05,  2.85, 10.50, 48.42,  0.00,
766,2026-04-02 07:38:13,  4.25,  0.43, 32.03, 79.03, 46.42,  0.00, 10.00,2,0,0,0,0,20400,2026-04-02 07:39:03,  6.95,  0.44, 42.05, 79.29, 36.42,  0.00,  6.39,2,0,0,0,0,20400,2026-04-02 07:39:15,  0.00,  0.00, 42.09, 79.29, 36.30,  0.00,  6.38,2,0,0,0,0,20400, 18.67,  0.54, 42.09, 46.49,  2.85, 32.03, 36.30,  0.00,
767,2026-04-02 08:20:37, 20.60,  1.52, 39.13, 88.48, 39.91,  0.00,  7.39,2,0,0,0,0,20400,2026-04-02 08:23:07, 34.46,  2.30, 41.22, 69.49, 37.63,  0.00,  6.67,2,0,0,0,0,20400,2026-04-02 08:23:33,  0.00,  0.00, 41.53, 69.49, 37.13,  0.00,  6.57,2,0,0,0,0,20400, 94.79,  2.31, 41.53, 43.66,  2.85, 35.95, 37.13,  0.00,
768,2026-04-02 08:36:16, 14.33,  0.86, 43.45, 89.01, 34.39,  0.00,  6.01,2,0,0,0,0,20400,2026-04-02 08:36:21, 14.68,  0.88, 43.41, 89.01, 34.56,  0.00,  6.02,2,0,0,0,0,20400,2026-04-02 08:38:10,  0.00,  0.00, 18.08,105.87, 53.82,  0.00, 10.00,2,0,0,0,0,20400, 38.39,  0.88, 43.45, 54.18,  2.85, 18.01, 34.39,  0.00,
769,2026-04-02 09:18:51,  2.12,  0.17, 36.63, 78.59, 42.47,  1.95,  8.25,2,0,0,0,0,20400,2026-04-02 09:19:42,  3.21,  0.18, 45.51, 79.03, 31.06,  2.10,  5.55,2,0,0,0,0,20400,2026-04-02 09:20:00,  0.00,  0.00, 45.55, 79.03, 30.92,  2.40,  5.55,2,0,0,0,0,20400,  8.12,  0.18, 45.55, 42.62,  3.15, 36.63, 30.92,  0.00,
770,2026-04-02 09:22:50, 10.61,  0.98, 34.28, 79.03, 44.53,  1.65,  9.23,2,0,0,0,0,20400,2026-04-02 09:23:41, 20.29,  1.01, 48.74, 78.06, 24.10,  2.40,  4.99,2,10,1000,0,0,20400,2026-04-02 09:24:23,  0.00,  0.00, 49.32, 78.06, 22.30,  1.50,  4.86,2,10,1000,0,0,20400, 49.39,  1.01, 49.35, 44.61,  3.15, 34.28, 22.28,  0.00,
771,2026-04-02 09:30:40,  5.37,  1.50, 11.64, 89.54, 55.51,  0.00, 10.00,2,40,2000,0,0,20400,2026-04-02 09:32:55, 31.56,  1.97, 42.55, 67.99, 35.86,  1.65,  6.25,2,0,0,0,0,20400,2026-04-02 09:33:23,  0.00,  0.00, 43.13, 67.99, 34.98,  1.20,  6.10,2,0,0,0,0,20400, 83.98,  2.05, 43.13, 56.23,  3.15, 11.64, 34.98,  0.00,
772,2026-04-02 09:36:49,  1.78,  0.46, 12.78, 88.74, 55.28,  0.00, 10.00,2,40,2000,0,0,20400,2026-04-02 09:38:28,  9.09,  0.57, 42.68, 68.61, 35.69,  1.05,  6.22,2,0,0,0,0,20400,2026-04-02 09:38:56,  0.00,  0.00, 42.72, 68.61, 35.57,  1.50,  6.21,2,0,0,0,0,20400, 24.13,  0.60, 42.72, 56.13,  3.15, 12.71, 35.57,  0.00,
773,2026-04-02 09:42:57,  3.43,  1.00, 11.21, 89.01, 55.59,  0.00, 10.00,2,40,2000,0,0,20400,2026-04-02 09:45:04, 32.56,  2.08, 42.05, 68.52, 36.57,  1.80,  6.39,2,0,0,0,0,20400,2026-04-02 09:45:39,  0.00,  0.00, 42.05, 68.52, 36.48,  1.80,  6.39,2,0,0,0,0,20400, 87.44,  2.13, 42.05, 56.43,  3.15, 11.21, 36.48,  0.00,
774,2026-04-02 09:51:20,  1.89,  0.52, 11.85, 89.45, 55.47,  1.35, 10.00,2,40,2000,0,0,20400,2026-04-02 09:53:07, 24.00,  2.39, 32.71, 68.08, 46.06,  0.00,  9.95,2,0,0,0,0,20400,2026-04-02 09:54:15,  0.00,  0.00, 33.39, 68.08, 45.47,  1.20,  9.64,2,0,0,0,0,20400, 78.09,  2.48, 33.39, 56.36,  3.15, 11.28, 45.47,  0.00,
775,2026-04-02 09:57:53,  2.24,  0.63, 11.50, 90.60, 55.55,  3.15, 10.00,2,40,2000,0,0,20400,2026-04-02 09:59:31, 11.46,  1.07, 34.12, 67.37, 44.93,  1.65,  9.31,2,0,0,0,0,20400,2026-04-02 10:00:03,  0.00,  0.00, 34.06, 67.37, 44.90,  0.00,  9.33,2,0,0,0,0,20400, 36.38,  1.17, 34.28, 56.47,  3.15, 11.43, 44.88,  0.00,
776,2026-04-02 10:03:09,  2.43,  0.86,  9.21, 87.77, 56.00,  1.05, 10.00,2,C0,2000,2000,0,20400,2026-04-02 10:05:29,  8.57,  0.82, 33.45, 68.61, 45.48,  2.40,  9.61,2,0,0,0,0,20400,2026-04-02 10:05:55,  0.00,  0.00, 33.78, 68.61, 45.17,  1.35,  9.46,2,0,0,0,0,20400, 27.55,  0.90, 33.78, 56.82,  3.30,  9.21, 45.17,  0.00,
777,2026-04-02 10:24:11,  7.54,  0.37, 49.21, 87.15, 22.95,  0.00,  4.88,2,10,1000,0,0,20400,2026-04-02 10:24:16, 10.88,  0.53, 49.21, 87.06, 22.99,  0.00,  4.88,2,10,1000,0,0,20400,2026-04-02 10:26:20,  0.00,  0.00, 12.28, 90.24, 55.49,  0.00, 10.00,2,40,2000,0,0,20400, 26.15,  0.54, 49.21, 55.95,  3.30, 12.21, 22.95,  0.00,
778,2026-04-02 10:31:25,  7.16,  1.91, 12.21, 91.13, 55.60,  2.25, 10.00,2,40,2000,0,0,20400,2026-04-02 10:33:13, 20.08,  2.01, 32.60, 68.96, 46.30,  2.70, 10.00,2,0,0,0,0,20400,2026-04-02 10:33:35,  0.00,  0.00, 32.66, 68.96, 46.18,  2.85,  9.97,2,0,0,0,0,20400, 65.45,  2.14, 32.66, 56.42,  3.30, 12.21, 46.18,  0.00,
779,2026-04-02 10:37:16,  3.57,  0.35, 33.05, 68.96, 45.82,  2.40,  9.79,2,0,0,0,0,20400,2026-04-02 10:37:41,  4.91,  0.42, 35.79, 68.96, 43.48,  1.65,  8.58,2,0,0,0,0,20400,2026-04-02 10:37:59,  0.00,  0.00, 38.16, 69.05, 41.14,  3.15,  7.71,2,0,0,0,0,20400, 15.08,  0.42, 38.16, 45.85,  3.30, 33.05, 41.14,  0.00,
780,2026-04-02 10:40:27,  5.32,  0.50, 33.73, 68.70, 45.41,  3.00,  9.48,2,0,0,0,0,20400,2026-04-02 10:40:27,  5.43,  0.52, 33.67, 68.70, 45.49,  3.00,  9.51,2,0,0,0,0,20400,2026-04-02 10:42:11,  0.00,  0.00, 11.71, 90.68, 55.59,  1.05, 10.00,2,40,2000,0,0,20400, 17.38,  0.54, 33.73, 56.06,  3.30, 11.71, 45.41,  0.00,
781,2026-04-02 10:44:49,  4.01,  1.16, 11.28, 90.95, 55.79,  1.05, 10.00,2,40,2000,0,0,20400,2026-04-02 10:46:25, 11.64,  1.10, 33.78, 69.05, 45.34,  4.35,  9.46,2,0,0,0,0,20400,2026-04-02 10:46:49,  0.00,  0.00, 33.78, 69.05, 45.25,  4.95,  9.46,2,0,0,0,0,20400, 37.18,  1.19, 33.78, 56.57,  5.70, 11.21, 45.25,  0.00,
782,2026-04-02 10:50:10,  4.49,  0.43, 33.78, 68.96, 45.33,  2.40,  9.46,2,0,0,0,0,20400,2026-04-02 10:52:07,  8.20,  0.41, 48.91, 79.38, 23.90,  3.15,  4.95,2,10,1000,0,0,20400,2026-04-02 10:52:21,  0.00,  0.00, 49.12, 79.38, 23.15,  4.05,  4.91,2,10,1000,0,0,20400, 19.86,  0.52, 49.12, 45.91,  5.70, 33.73, 23.15,  0.00,
783,2026-04-02 15:01:44, 11.49,  1.01, 35.37, 86.71, 43.65,  1.50,  8.75,2,0,0,0,0,20400,2026-04-02 15:01:50, 27.24,  2.43, 34.94, 86.71, 44.06,  2.40,  8.93,2,0,0,0,0,20400,2026-04-02 15:03:33,  0.00,  0.00, 15.17, 75.76, 54.64,  3.60, 10.00,2,0,0,0,0,20400, 84.99,  2.43, 35.37, 55.23,  4.35, 14.89, 43.65,  0.00,
784,2026-04-02 15:06:19,  3.68,  0.76, 15.87,102.60, 54.50,  2.70, 10.00,2,0,0,0,0,20400,2026-04-02 15:07:30,  4.40,  0.69, 20.86,126.62, 52.90,  4.65, 10.00,2,0,0,0,0,20400,2026-04-02 15:07:49,  0.00,  0.00, 21.00,126.62, 52.64,  3.30, 10.00,2,0,0,0,0,20400, 14.33,  0.76, 21.13, 54.92,  5.10, 15.87, 52.64,  0.00,
785,2026-04-02 15:14:24, 32.79,  2.32, 40.08,147.90, 38.86,  1.80,  7.07,2,0,0,0,0,20400,2026-04-02 15:14:25, 33.07,  2.35, 39.99,147.90, 38.99,  1.80,  7.10,2,0,0,0,0,20400,2026-04-02 15:15:50,  0.00,  0.00, 28.82,143.22, 48.58,  1.80, 10.00,2,0,0,0,0,20400, 93.93,  2.35, 40.08, 48.62,  5.10, 28.82, 38.86,  0.00,
786,2026-04-02 15:22:11, 28.53,  2.08, 39.47,148.08, 39.55,  2.10,  7.28,2,0,0,0,0,20400,2026-04-02 15:22:15, 38.07,  2.77, 39.47,147.99, 39.56,  2.10,  7.28,2,0,0,0,0,20400,2026-04-02 15:23:45,  0.00,  0.00, 18.97,142.34, 53.40,  4.20, 10.00,2,0,0,0,0,20400,109.34,  2.77, 39.47, 53.51,  5.10, 18.97, 39.55,  0.00,
787,2026-04-02 15:28:35, 13.61,  1.17, 35.85,149.23, 43.22,  0.00,  8.56,2,0,0,0,0,20400,2026-04-02 15:28:36, 14.19,  1.21, 35.85,149.23, 43.25,  0.00,  8.56,2,0,0,0,0,20400,2026-04-02 15:29:47,  0.00,  0.00, 28.33,144.11, 48.83,  3.75, 10.00,2,0,0,0,0,20400, 43.53,  1.21, 35.85, 49.04,  5.10, 28.33, 43.22,  0.00,
788,2026-04-03 07:36:56,  5.00,  0.49, 33.05,191.88, 45.74,  0.00,  9.79,2,0,0,0,0,20400,2026-04-03 07:36:59, 12.79,  1.25, 33.05,191.88, 45.75,  0.00,  9.79,2,0,0,0,0,20400,2026-04-03 07:37:57,  0.00,  0.00, 26.21,191.61, 50.28,  0.00, 10.00,2,0,0,0,0,20400, 41.40,  1.25, 33.05, 50.38,  5.10, 26.15, 45.74,  0.00,
789,2026-04-03 07:41:32, 16.35,  1.24, 38.45,216.69, 40.83,  0.00,  7.62,2,0,0,0,0,20400,2026-04-03 07:41:33, 19.04,  1.45, 38.45,216.60, 40.83,  0.00,  7.62,2,0,0,0,0,20400,2026-04-03 07:42:19,  0.00,  0.00, 31.85,218.19, 46.64,  0.00, 10.00,2,0,0,0,0,20400, 55.75,  1.45, 38.45, 46.85,  5.10, 31.85, 40.83,  0.00,
790,2026-04-03 07:50:03,  2.16,  0.47, 15.10,272.23, 54.74,  0.00, 10.00,2,0,0,0,0,20400,2026-04-03 07:51:15,  2.40,  0.46, 17.05,292.54, 54.31,  0.00, 10.00,2,0,0,0,0,20400,2026-04-03 07:51:30,  0.00,  0.00, 17.05,292.54, 54.19,  0.00, 10.00,2,0,0,0,0,20400,  7.83,  0.47, 17.05, 55.53,  5.10, 15.10, 54.19,  0.00,
791,2026-04-03 07:55:51,  2.46,  0.61, 13.20,272.58, 55.13,  0.00, 10.00,2,40,2000,0,0,20400,2026-04-03 07:57:22,  4.90,  0.76, 21.06,291.04, 52.78,  0.00, 10.00,2,0,0,0,0,20400,2026-04-03 07:57:34,  0.00,  0.00, 21.06,291.13, 52.65,  0.00, 10.00,2,0,0,0,0,20400, 15.99,  0.77, 21.06, 55.89,  5.10, 13.20, 52.65,  0.00,
792,2026-04-03 08:02:13,  2.12,  0.64, 10.78,271.96, 55.58,  0.00, 10.00,2,40,2000,0,0,20400,2026-04-03 08:04:06,  3.74,  0.83, 14.75,293.77, 54.87,  1.05, 10.00,2,0,0,0,0,20400,2026-04-03 08:04:35,  0.00,  0.00, 14.75,293.77, 54.81,  0.00, 10.00,2,0,0,0,0,20400, 12.20,  0.84, 14.75, 56.41,  5.10, 10.71, 54.81,  0.00,
793,2026-04-03 09:51:54,  1.70,  0.52, 10.57,274.53, 55.80,  1.20, 10.00,2,40,2000,0,0,20400,2026-04-03 09:53:26,  3.31,  0.47, 22.92,254.22, 52.01,  1.65, 10.00,2,0,0,0,0,20400,2026-04-03 09:53:33,  0.00,  0.00, 22.99,254.30, 51.93,  1.80, 10.00,2,0,0,0,0,20400, 10.79,  0.52, 22.99, 56.49,  5.10, 10.57, 51.93,  0.00,
794,2026-04-03 09:55:55,  1.28,  0.41, 10.21,274.70, 55.88,  1.50, 10.00,2,40,2000,0,0,20400,2026-04-03 09:57:22,  2.73,  0.39, 22.79,254.39, 52.06,  1.20, 10.00,2,0,0,0,0,20400,2026-04-03 09:57:28,  0.00,  0.00, 23.25,254.39, 51.81,  1.20, 10.00,2,0,0,0,0,20400,  8.91,  0.41, 23.25, 56.52,  5.10, 10.21, 51.81,  0.00,
795,2026-04-03 10:00:27,  2.61,  0.86,  9.92,274.35, 55.88,  1.05, 10.00,2,C0,2000,2000,0,20400,2026-04-03 10:01:39,  5.35,  0.82, 21.27,255.98, 52.78,  1.20, 10.00,2,0,0,0,0,20400,2026-04-03 10:01:56,  0.00,  0.00, 21.33,255.63, 52.66,  0.00, 10.00,2,0,0,0,0,20400, 17.43,  0.87, 21.33, 56.72,  5.10,  9.92, 52.66,  0.00,
796,2026-04-03 10:04:30,  1.09,  0.36, 10.00,275.67, 56.03,  0.00, 10.00,2,C0,2000,2000,0,20400,2026-04-03 10:05:44,  2.36,  0.36, 21.33,256.25, 52.73,  1.05, 10.00,2,0,0,0,0,20400,2026-04-03 10:05:58,  0.00,  0.00, 21.33,256.25, 52.67,  0.00, 10.00,2,0,0,0,0,20400,  7.69,  0.36, 21.33, 56.69,  5.10,  9.92, 52.67,  0.00,
797,2026-04-03 10:08:45,  1.69,  0.61,  8.99,273.64, 56.03,  1.05, 10.00,2,C0,2000,2000,0,20400,2026-04-03 10:10:54,  4.53,  0.71, 20.80,256.42, 52.96,  2.10, 10.00,2,0,0,0,0,20400,2026-04-03 10:11:05,  0.00,  0.00, 20.80,256.42, 52.88,  2.25, 10.00,2,0,0,0,0,20400, 14.76,  0.73, 20.80, 56.73,  5.10,  8.99, 52.88,  0.00,
798,2026-04-03 10:14:22,  1.93,  0.51, 12.35,275.76, 55.40,  0.00, 10.00,2,40,2000,0,0,20400,2026-04-03 10:15:45,  7.23,  1.11, 21.27,253.95, 52.89,  0.00, 10.00,2,0,0,0,0,20400,2026-04-03 10:16:07,  0.00,  0.00, 21.27,253.95, 52.70,  0.00, 10.00,2,0,0,0,0,20400, 23.57,  1.15, 21.27, 56.25,  5.10, 12.07, 52.70,  0.00,
799,2026-04-03 10:19:44, 15.11,  0.99, 41.48,263.31, 37.11,  1.20,  6.58,2,0,0,0,0,20400,2026-04-03 10:19:51, 19.84,  1.31, 41.48,263.31, 37.13,  1.05,  6.58,2,0,0,0,0,20400,2026-04-03 10:21:22,  0.00,  0.00, 20.33,263.31, 52.90,  1.80, 10.00,2,0,0,0,0,20400, 54.15,  1.31, 41.53, 53.39,  5.10, 20.06, 37.06,  0.00,
800,2026-04-03 10:25:49,  0.96,  0.26, 12.00,263.31, 55.51,  0.00, 10.00,2,40,2000,0,0,20400,2026-04-03 10:28:34,  2.59,  0.35, 23.90,263.22, 51.54,  1.80, 10.00,2,0,0,0,0,20400,2026-04-03 10:28:50,  0.00,  0.00, 23.90,263.22, 51.54,  0.00, 10.00,2,0,0,0,0,20400,  8.44,  0.36, 23.90, 55.80,  5.10, 12.00, 51.54,  0.00,
801,2026-04-03 10:34:35,  3.02,  0.64, 15.45,264.90, 54.62,  1.95, 10.00,2,0,0,0,0,20400,2026-04-03 10:37:08,  3.76,  0.58, 21.00,264.55, 52.89,  0.00, 10.00,2,0,0,0,0,20400,2026-04-03 10:38:17,  0.00,  0.00, 21.00,264.55, 52.85,  0.00, 10.00,2,0,0,0,0,20400, 12.27,  0.65, 21.00, 54.87,  5.10, 15.45, 52.85,  0.00,
802,2026-04-03 10:54:02, 10.13,  0.74, 39.37,207.51, 39.69,  1.50,  7.31,2,0,0,0,0,20400,2026-04-03 10:54:20, 24.87,  1.82, 39.37,207.42, 39.72,  0.00,  7.31,2,0,0,0,0,20400,2026-04-03 10:56:23,  0.00,  0.00, 20.46,191.96, 53.03,  0.00, 10.00,2,0,0,0,0,20400, 71.57,  1.82, 39.42, 53.87,  5.10, 19.72, 39.65,  0.00,
803,2026-04-03 14:31:41,  3.72,  0.36, 33.28,192.32, 45.60,  3.15,  9.69,2,0,0,0,0,20400,2026-04-03 14:31:41,  3.72,  0.36, 33.28,192.32, 45.60,  3.15,  9.69,2,0,0,0,0,20400,2026-04-03 14:32:35,  0.00,  0.00, 20.80,191.26, 52.89,  2.85, 10.00,2,0,0,0,0,20400, 12.00,  0.36, 33.28, 52.94,  5.10, 20.80, 45.60,  0.00,
804,2026-04-03 14:35:44,  8.98,  0.45, 48.76,192.32, 24.19,  4.20,  4.99,2,10,1000,0,0,20400,2026-04-03 14:35:51, 14.07,  0.70, 48.76,192.32, 24.22,  3.90,  4.99,2,10,1000,0,0,20400,2026-04-03 14:38:20,  0.00,  0.00, 21.53,189.49, 52.58,  5.55, 10.00,2,0,0,0,0,20400, 34.24,  0.70, 48.76, 52.91,  5.85, 21.33, 24.19,  0.00,
805,2026-04-03 14:50:07,  6.54,  0.62, 33.78,154.97, 45.08,  1.80,  9.46,2,0,0,0,0,20400,2026-04-03 14:50:07,  6.66,  0.63, 33.78,154.88, 45.09,  1.80,  9.46,2,0,0,0,0,20400,2026-04-03 14:52:01,  0.00,  0.00, 14.68,135.10, 54.79,  1.20, 10.00,2,0,0,0,0,20400, 21.28,  0.63, 33.78, 55.54,  5.85, 14.54, 45.08,  0.00,
806,2026-04-03 15:08:59,  8.83,  0.82, 34.06,136.07, 44.78,  0.00,  9.33,2,0,0,0,0,20400,2026-04-03 15:09:47, 15.73,  0.97, 42.93,140.75, 35.14,  0.00,  6.15,2,0,0,0,0,20400,2026-04-03 15:10:06,  0.00,  0.00, 43.21,140.75, 34.66,  0.00,  6.08,2,0,0,0,0,20400, 41.54,  0.97, 43.25, 45.01,  5.85, 34.06, 34.64,  0.00,
807,2026-04-03 15:16:34,  2.54,  0.66, 12.56,139.16, 55.37,  1.05, 10.00,2,40,2000,0,0,20400,2026-04-03 15:18:45,  6.03,  0.72, 27.40,137.57, 49.69,  0.00, 10.00,2,0,0,0,0,20400,2026-04-03 15:21:30,  0.16,  0.02, 28.15,137.57, 49.18,  1.05, 10.00,2,0,0,0,0,20400, 19.66,  0.76, 28.15, 55.63,  5.85, 12.49, 49.18,  0.00,
808,2026-04-04 09:05:47, 14.33,  1.62, 28.76,141.90, 48.64,  1.65, 10.00,2,0,0,0,0,20400,2026-04-04 09:05:50, 16.04,  1.82, 28.76,141.90, 48.68,  1.65, 10.00,2,0,0,0,0,20400,2026-04-04 09:07:31,  0.00,  0.00, 10.57,134.83, 55.70,  0.00, 10.00,2,40,2000,0,0,20400, 52.28,  1.82, 28.76, 56.27,  5.85, 10.00, 48.64,  0.00,
809,2026-04-04 09:13:31,  9.83,  1.15, 27.78,143.05, 49.23,  1.05, 10.00,2,0,0,0,0,20400,2026-04-04 09:13:33, 10.35,  1.21, 27.78,143.05, 49.30,  1.05, 10.00,2,0,0,0,0,20400,2026-04-04 09:15:22,  0.00,  0.00, 10.00,135.89, 55.79,  1.80, 10.00,2,40,2000,0,0,20400, 33.73,  1.21, 27.78, 56.13,  5.85, 10.00, 49.23,  0.00,
810,2026-04-04 09:19:13,  1.61,  0.20, 26.65,142.34, 49.98,  1.35, 10.00,2,0,0,0,0,20400,2026-04-04 09:20:12,  3.83,  0.23, 43.33,141.55, 34.56,  1.65,  6.04,2,0,0,0,0,20400,2026-04-04 09:20:25,  0.00,  0.00, 43.33,141.55, 34.52,  1.20,  6.04,2,0,0,0,0,20400, 10.03,  0.23, 43.33, 50.01,  5.85, 26.65, 34.52,  0.00,
811,2026-04-04 09:26:05,  2.91,  0.30, 31.21,140.93, 47.03,  1.95, 10.00,2,0,0,0,0,20400,2026-04-04 09:26:47,  4.86,  0.30, 42.89,140.93, 35.28,  1.50,  6.16,2,0,0,0,0,20400,2026-04-04 09:27:04,  0.00,  0.00, 43.45,140.93, 34.39,  1.80,  6.01,2,0,0,0,0,20400, 12.86,  0.33, 43.49, 47.22,  5.85, 31.21, 34.33,  0.00,
812,2026-04-04 10:15:47,  7.18,  0.95, 24.68,164.33, 51.06,  1.05, 10.00,2,0,0,0,0,20400,2026-04-04 10:15:50,  8.39,  1.11, 24.68,164.42, 51.07,  1.05, 10.00,2,0,0,0,0,20400,2026-04-04 10:17:01,  0.00,  0.00, 17.53,155.58, 53.89,  0.00, 10.00,2,0,0,0,0,20400, 27.35,  1.11, 24.68, 54.05,  5.85, 17.53, 51.06,  0.00,
813,2026-04-04 10:20:38,  4.57,  0.85, 17.46,183.75, 54.05,  0.00, 10.00,2,0,0,0,0,20400,2026-04-04 10:21:55,  5.56,  1.00, 18.15,154.88, 53.76,  1.65, 10.00,2,0,0,0,0,20400,2026-04-04 10:22:10,  0.00,  0.00, 17.67,154.88, 53.85,  1.80, 10.00,2,0,0,0,0,20400, 18.12,  1.00, 18.22, 54.75,  5.85, 17.46, 53.73,  0.00,
814,2026-04-04 10:25:44, 12.87,  1.17, 34.61,154.00, 44.34,  1.20,  9.08,2,0,0,0,0,20400,2026-04-04 10:25:45, 14.10,  1.29, 34.45,154.00, 44.50,  1.20,  9.15,2,0,0,0,0,20400,2026-04-04 10:27:19,  0.00,  0.00, 16.08,145.52, 54.39,  0.00, 10.00,2,0,0,0,0,20400, 44.45,  1.29, 34.61, 54.82,  5.85, 16.08, 44.34,  0.00,
815,2026-04-04 10:51:13, 12.07,  0.77, 41.96,156.03, 36.43,  0.00,  6.41,2,0,0,0,0,20400,2026-04-04 10:51:17, 13.80,  0.93, 41.04,156.11, 37.69,  0.00,  6.74,2,0,0,0,0,20400,2026-04-04 10:53:09,  0.00,  0.00, 34.06,134.92, 44.72,  1.50,  9.33,2,0,0,0,0,20400, 38.16,  0.93, 41.96, 49.08,  5.85, 29.06, 36.43,  0.00,
816,2026-04-04 13:09:44,  2.47,  0.63, 12.71,139.69, 55.33,  2.10, 10.00,2,40,2000,0,0,20400,2026-04-04 13:11:21,  7.50,  0.72, 33.45,138.90, 45.54,  1.05,  9.61,2,0,0,0,0,20400,2026-04-04 13:14:15,  0.00,  0.00, 33.84,138.90, 45.11,  2.85,  9.43,2,0,0,0,0,20400, 24.12,  0.74, 33.84, 55.63,  5.85, 12.71, 45.11,  0.00,
817,2026-04-04 13:32:28,  1.55,  0.55,  9.21,143.22, 55.98,  0.00, 10.00,2,C0,2000,2000,0,20400,2026-04-04 13:34:37,  7.61,  0.68, 34.94,137.75, 44.24,  1.20,  8.93,2,0,0,0,0,20400,2026-04-04 13:35:53,  0.00,  0.00, 34.94,137.75, 44.19,  1.50,  8.93,2,0,0,0,0,20400, 23.73,  0.77, 34.99, 56.48,  5.85,  9.13, 44.15,  0.00,
818,2026-04-04 13:55:01,  4.54,  0.35, 38.21,138.28, 40.95,  0.00,  7.70,2,0,0,0,0,20400,2026-04-04 13:55:01,  4.54,  0.35, 38.21,138.28, 40.95,  0.00,  7.70,2,0,0,0,0,20400,2026-04-04 13:56:41,  0.00,  0.00, 12.00,152.14, 55.42,  2.70, 10.00,2,40,2000,0,0,20400, 13.34,  0.41, 38.21, 55.72,  5.85, 11.85, 40.95,  0.00,
819,2026-04-06 07:59:11,  5.78,  1.16, 16.22,144.55, 54.40,  0.00, 10.00,2,0,0,0,0,20400,2026-04-06 08:00:30, 13.74,  1.24, 34.77,136.16, 44.21,  0.00,  9.00,2,0,0,0,0,20400,2026-04-06 08:00:46,  0.00,  0.00, 34.72,136.16, 44.21,  0.00,  9.03,2,0,0,0,0,20400, 43.02,  1.24, 34.83, 54.67,  5.85, 16.22, 44.18,  0.00,
820,2026-04-06 13:17:07,  1.67,  0.52, 10.50,152.58, 55.65,  0.00, 10.00,2,40,2000,0,0,20400,2026-04-06 13:19:25,  8.61,  0.65, 38.55,135.54, 40.85,  0.00,  7.58,2,0,0,0,0,20400,2026-04-06 13:20:13,  0.00,  0.00, 37.45,135.54, 41.60,  1.20,  7.95,2,0,0,0,0,20400, 25.16,  0.67, 38.55, 56.82,  5.85, 10.28, 40.84,  0.00,
821,2026-04-06 13:26:28,  9.15,  0.80, 35.47,154.35, 43.57,  1.20,  8.71,2,0,0,0,0,20400,2026-04-06 13:26:34, 10.76,  0.94, 35.47,154.35, 43.61,  1.20,  8.71,2,0,0,0,0,20400,2026-04-06 13:29:19,  0.00,  0.00, 13.13,137.40, 55.17,  0.00, 10.00,2,40,2000,0,0,20400, 33.25,  0.94, 35.47, 55.42,  5.85, 13.13, 43.57,  0.00,
822,2026-04-06 13:33:44,  6.53,  0.50, 38.45,154.88, 40.69,  0.00,  7.62,2,0,0,0,0,20400,2026-04-06 13:33:46,  7.84,  0.61, 38.06,154.88, 41.15,  0.00,  7.75,2,0,0,0,0,20400,2026-04-06 13:36:14,  0.00,  0.00, 12.56,138.54, 55.29,  1.35, 10.00,2,40,2000,0,0,20400, 23.11,  0.61, 38.45, 56.06,  5.85, 12.42, 40.69,  0.00,
823,2026-04-06 14:16:05,  8.77,  0.57, 41.61,204.68, 36.52,  1.80,  6.54,2,0,0,0,0,20400,2026-04-06 14:16:20, 19.20,  1.29, 41.08,204.68, 37.39,  1.35,  6.72,2,0,0,0,0,20400,2026-04-06 14:18:34,  0.00,  0.00, 31.27,228.17, 46.64,  3.15, 10.00,2,0,0,0,0,20400, 53.01,  1.29, 41.61, 48.62,  5.85, 29.55, 36.52,  0.00,
824,2026-04-06 14:23:40, 14.97,  0.85, 44.61,205.74, 32.01,  0.00,  5.70,2,0,0,0,0,20400,2026-04-06 14:23:49, 26.08,  1.49, 44.61,205.74, 32.18,  0.00,  5.70,2,0,0,0,0,20400,2026-04-06 14:26:35,  0.00,  0.00, 38.60,231.35, 40.37,  3.00,  7.57,2,0,0,0,0,20400, 66.36,  1.49, 44.61, 45.53,  5.85, 34.06, 32.01,  0.00,
825,2026-04-06 14:30:21,  8.46,  0.49, 44.31,205.92, 32.87,  0.00,  5.78,2,0,0,0,0,20400,2026-04-06 14:30:42, 50.94,  3.01, 43.85,206.00, 33.75,  0.00,  5.91,2,80000,2000000,0,0,20400,2026-04-06 14:33:22,  0.00,  0.00, 38.21,230.91, 40.80,  1.05,  7.70,2,0,0,0,0,20400,131.96,  3.02, 44.31, 42.33,  5.85, 37.45, 32.87,  0.00,
826,2026-04-06 14:41:46,  3.06,  0.20, 41.83,206.45, 36.24,  0.00,  6.46,2,0,0,0,0,20400,2026-04-06 14:42:04, 15.03,  0.99, 41.53,206.45, 36.88,  0.00,  6.57,2,0,0,0,0,20400,2026-04-06 14:44:21,  0.00,  0.00, 30.03,230.46, 47.60,  3.30, 10.00,2,0,0,0,0,20400, 40.97,  0.99, 41.83, 48.47,  5.85, 30.03, 36.24,  0.00,
827,2026-04-06 14:48:10, 10.20,  0.88, 35.58,208.21, 43.03,  1.05,  8.67,2,0,0,0,0,20400,2026-04-06 14:48:25, 35.16,  3.24, 34.28,208.21, 44.29,  0.00,  9.23,2,0,0,0,0,20400,2026-04-06 14:50:27,  0.00,  0.00, 33.78,228.96, 44.70,  2.70,  9.46,2,0,0,0,0,20400,111.23,  3.24, 35.58, 45.22,  5.85, 33.78, 43.03,  0.00,
828,2026-04-06 15:01:42,  6.23,  0.49, 37.91,206.89, 41.03,  1.80,  7.80,2,0,0,0,0,20400,2026-04-06 15:01:42,  6.23,  0.49, 37.91,206.89, 41.03,  1.80,  7.80,2,0,0,0,0,20400,2026-04-06 15:03:57,  0.00,  0.00, 31.68,230.38, 46.50,  1.50, 10.00,2,0,0,0,0,20400, 18.41,  0.51, 37.91, 47.70,  5.85, 31.62, 41.03,  0.00,
829,2026-04-06 15:16:32,  3.95,  0.30, 38.26,207.51, 40.66,  0.00,  7.68,2,0,0,0,0,20400,2026-04-06 15:16:33,  4.01,  0.31, 38.01,207.51, 40.95,  1.05,  7.76,2,0,0,0,0,20400,2026-04-06 15:16:57,  0.15,  0.02, 32.54,207.51, 46.84,  1.20, 10.00,2,0,0,0,0,20400, 11.83,  0.31, 38.26, 46.84,  5.85, 32.54, 40.66,  0.00,
830,2026-04-07 14:33:44, 12.42,  1.69, 24.03,214.48, 51.35,  2.40, 10.00,2,0,0,0,0,20400,2026-04-07 14:33:47, 13.49,  1.83, 24.03,214.57, 51.39,  1.50, 10.00,2,0,0,0,0,20400,2026-04-07 14:36:30,  0.00,  0.00, 10.71,182.08, 55.82,  4.20, 10.00,2,40,2000,0,0,20400, 43.96,  1.83, 24.03, 56.31,  6.30, 10.71, 51.35,  0.00,
831,2026-04-07 14:40:31,  4.45,  0.60, 24.03,212.54, 51.36,  0.00, 10.00,2,0,0,0,0,20400,2026-04-07 14:40:37,  9.82,  1.34, 23.97,212.54, 51.45,  0.00, 10.00,2,0,0,0,0,20400,2026-04-07 14:42:32,  0.00,  0.00, 10.93,242.83, 55.86,  1.95, 10.00,2,40,2000,0,0,20400, 32.02,  1.34, 24.03, 56.35,  6.30, 10.93, 51.36,  0.00,
832,2026-04-07 14:47:20,  4.34,  0.61, 23.32,213.69, 51.70,  2.40, 10.00,2,0,0,0,0,20400,2026-04-07 14:47:27,  7.83,  1.10, 23.18,213.69, 51.84,  2.40, 10.00,2,0,0,0,0,20400,2026-04-07 14:49:29,  0.00,  0.00, 16.22,247.42, 54.52,  3.15, 10.00,2,0,0,0,0,20400, 25.52,  1.10, 23.32, 55.45,  6.30, 15.59, 51.70,  0.00,
833,2026-04-07 14:55:43,  3.03,  0.39, 25.26,273.02, 50.71,  0.00, 10.00,2,0,0,0,0,20400,2026-04-07 14:55:45,  3.18,  0.41, 25.26,273.02, 50.76,  0.00, 10.00,2,0,0,0,0,20400,2026-04-07 14:57:40,  0.00,  0.00, 16.77,289.71, 54.26,  5.10, 10.00,2,0,0,0,0,20400, 10.35,  0.41, 25.26, 54.49,  6.30, 16.77, 50.71,  0.00,
834,2026-04-07 15:01:11,  5.54,  0.77, 23.32,273.55, 51.70,  1.50, 10.00,2,0,0,0,0,20400,2026-04-07 15:01:15, 12.70,  1.78, 23.32,273.55, 51.73,  1.80, 10.00,2,0,0,0,0,20400,2026-04-07 15:03:11,  0.00,  0.00, 18.90,247.51, 53.62,  1.50, 10.00,2,0,0,0,0,20400, 41.41,  1.78, 23.32, 54.34,  6.30, 18.83, 51.70,  0.00,
835,2026-04-07 15:06:50,  3.22,  0.46, 23.05,272.41, 51.82,  0.00, 10.00,2,0,0,0,0,20400,2026-04-07 15:08:18, 13.55,  1.72, 25.64,307.11, 50.74,  1.20, 10.00,2,0,0,0,0,20400,2026-04-07 15:08:50,  0.00,  0.00, 25.13,307.20, 50.88,  3.15, 10.00,2,0,0,0,0,20400, 44.18,  1.75, 25.70, 55.00,  6.30, 17.39, 50.68,  0.00,
836,2026-04-07 15:11:41,  8.45,  1.25, 22.00,335.10, 52.32,  1.20, 10.00,2,0,0,0,0,20400,2026-04-07 15:13:05, 11.27,  1.29, 28.39,306.40, 49.13,  2.55, 10.00,2,0,0,0,0,20400,2026-04-07 15:13:37,  0.00,  0.00, 28.39,306.40, 49.01,  4.20, 10.00,2,0,0,0,0,20400, 36.74,  1.34, 28.39, 54.62,  6.30, 18.36, 49.01,  0.00,
837,2026-04-07 15:17:24,  7.13,  1.02, 22.86,335.36, 51.85,  1.35, 10.00,2,0,0,0,0,20400,2026-04-07 15:19:25, 41.05,  4.22, 31.74,306.05, 46.84,  2.10, 10.00,2,0,0,0,0,20400,2026-04-07 15:20:08,  0.00,  0.00, 32.54,305.96, 46.15,  5.40, 10.00,2,0,0,0,0,20400,133.81,  4.22, 32.54, 52.83,  6.30, 22.66, 46.15,  0.00,
838,2026-04-07 15:23:42,  3.87,  0.44, 28.94,274.53, 48.58,  2.85, 10.00,2,0,0,0,0,20400,2026-04-07 15:23:46,  4.58,  0.52, 28.94,274.53, 48.70,  2.85, 10.00,2,0,0,0,0,20400,2026-04-07 15:25:15,  0.00,  0.00, 19.38,308.43, 53.43,  4.80, 10.00,2,0,0,0,0,20400, 14.94,  0.52, 28.94, 53.92,  6.45, 19.31, 48.58,  0.00,
839,2026-04-07 15:29:41,  3.11,  0.36, 28.15,334.92, 49.03,  1.35, 10.00,2,0,0,0,0,20400,2026-04-07 15:29:50,  7.92,  0.91, 28.45,334.92, 48.89,  1.50, 10.00,2,0,0,0,0,20400,2026-04-07 15:31:30,  0.00,  0.00, 27.09,307.46, 49.75,  5.10, 10.00,2,0,0,0,0,20400, 25.81,  0.91, 28.45, 53.36,  6.45, 21.53, 48.86,  0.00,
840,2026-04-07 15:36:03,  4.16,  0.52, 26.28,335.63, 50.14,  1.05, 10.00,2,0,0,0,0,20400,2026-04-07 15:36:04,  5.14,  0.64, 26.28,335.72, 50.15,  1.20, 10.00,2,0,0,0,0,20400,2026-04-07 15:37:48,  0.00,  0.00, 17.67,308.17, 53.99,  6.60, 10.00,2,0,0,0,0,20400, 16.75,  0.64, 26.28, 54.82,  6.75, 17.60, 50.14,  0.00,
841,2026-04-07 15:40:57,  3.04,  0.39, 25.39,335.45, 50.69,  3.45, 10.00,2,0,0,0,0,20400,2026-04-07 15:42:34,  3.87,  0.37, 33.67,307.11, 45.31,  6.75,  9.51,2,0,0,0,0,20400,2026-04-07 15:42:45,  0.00,  0.00, 33.67,307.11, 45.24,  6.90,  9.51,2,0,0,0,0,20400, 12.40,  0.44, 33.67, 54.95,  6.90, 17.60, 45.24,  0.00,
842,2026-04-07 15:46:21,  2.50,  0.52, 15.59,273.73, 54.71,  1.80, 10.00,2,0,0,0,0,20400,2026-04-07 15:46:21,  2.50,  0.52, 15.59,273.73, 54.71,  1.80, 10.00,2,0,0,0,0,20400,2026-04-07 15:47:52,  0.00,  0.00,  6.97,243.36, 56.46,  3.75, 10.00,2,C0,2000,2000,0,20400,  8.16,  0.52, 15.59, 56.52,  6.90,  6.97, 54.71,  0.00,
843,2026-04-07 15:50:39,  3.97,  0.59, 22.00,212.80, 52.24,  4.20, 10.00,2,0,0,0,0,20400,2026-04-07 15:50:41,  4.79,  0.71, 22.00,212.72, 52.32,  4.05, 10.00,2,0,0,0,0,20400,2026-04-07 15:52:15,  0.00,  0.00, 24.16,243.97, 51.33,  5.70, 10.00,2,0,0,0,0,20400, 15.61,  0.71, 24.16, 55.30,  6.90, 16.36, 51.33,  0.00,
844,2026-04-08 08:01:35,  6.61,  0.55, 36.43,217.48, 42.68,  0.00,  8.33,2,0,0,0,0,20400,2026-04-08 08:01:39,  8.93,  0.74, 36.43,217.48, 42.69,  0.00,  8.33,2,0,0,0,0,20400,2026-04-08 08:04:25,  0.00,  0.00, 32.54,243.62, 46.07,  0.00, 10.00,2,0,0,0,0,20400, 27.09,  0.74, 36.43, 52.88,  6.90, 22.99, 42.68,  0.00,
845,2026-04-08 08:08:31,  5.44,  0.48, 35.26,217.92, 43.75,  0.00,  8.80,2,0,0,0,0,20400,2026-04-08 08:08:39,  7.50,  0.66, 35.10,217.92, 43.98,  0.00,  8.86,2,0,0,0,0,20400,2026-04-08 08:11:08,  0.00,  0.00, 19.45,244.94, 53.32,  0.00, 10.00,2,0,0,0,0,20400, 23.31,  0.66, 35.26, 53.81,  6.90, 19.45, 43.75,  0.00,
846,2026-04-08 08:16:31,  3.56,  0.31, 35.37,218.28, 43.65,  0.00,  8.75,2,0,0,0,0,20400,2026-04-08 08:16:39,  6.24,  0.55, 35.37,218.19, 43.76,  0.00,  8.75,2,0,0,0,0,20400,2026-04-08 08:18:58,  0.00,  0.00, 33.89,244.24, 45.01,  0.00,  9.41,2,0,0,0,0,20400, 19.33,  0.55, 35.37, 50.22,  6.90, 27.72, 43.65,  0.00,
847,2026-04-08 08:25:03, 16.99,  1.32, 37.91,216.34, 41.40,  0.00,  7.80,2,0,0,0,0,20400,2026-04-08 08:25:07, 20.37,  1.61, 37.66,216.34, 41.69,  0.00,  7.88,2,0,0,0,0,20400,2026-04-08 08:27:34,  0.00,  0.00, 22.46,251.66, 52.32,  0.00, 10.00,2,0,0,0,0,20400, 60.45,  1.61, 37.91, 52.43,  6.90, 22.46, 41.40,  0.00,
848,2026-04-08 11:39:22,  3.14,  0.39, 26.21,212.54, 50.18,  2.25, 10.00,2,0,0,0,0,20400,2026-04-08 11:39:29, 12.60,  1.56, 26.28,212.54, 50.19,  1.80, 10.00,2,0,0,0,0,20400,2026-04-08 11:41:27,  0.00,  0.00, 26.65,229.32, 50.05,  2.40, 10.00,2,0,0,0,0,20400, 41.08,  1.56, 26.65, 51.01,  6.90, 26.21, 50.05,  0.00,
849,2026-04-08 11:44:42,  6.23,  0.78, 25.96,212.01, 50.34,  1.35, 10.00,2,0,0,0,0,20400,2026-04-08 11:44:46, 15.50,  1.95, 25.96,212.01, 50.37,  1.20, 10.00,2,0,0,0,0,20400,2026-04-08 11:47:04,  0.00,  0.00, 19.45,242.38, 53.43,  2.70, 10.00,2,0,0,0,0,20400, 50.54,  1.95, 25.96, 53.88,  6.90, 19.45, 50.34,  0.00,
850,2026-04-08 11:52:11,  2.52,  0.39, 21.00,211.39, 52.62,  0.00, 10.00,2,0,0,0,0,20400,2026-04-08 11:52:44,  7.18,  1.10, 21.33,211.39, 52.64,  0.00, 10.00,2,0,0,0,0,20400,2026-04-08 11:54:13,  0.00,  0.00, 17.32,230.82, 54.16,  1.95, 10.00,2,0,0,0,0,20400, 23.40,  1.10, 21.80, 54.83,  6.90, 17.32, 52.58,  0.00,
851,2026-04-08 11:58:10,  4.07,  0.51, 26.09,211.83, 50.27,  0.00, 10.00,2,0,0,0,0,20400,2026-04-08 11:58:18, 11.60,  1.45, 26.09,211.83, 50.31,  0.00, 10.00,2,0,0,0,0,20400,2026-04-08 12:00:02,  0.00,  0.00, 22.46,231.70, 52.19,  2.55, 10.00,2,0,0,0,0,20400, 37.82,  1.47, 26.09, 52.31,  6.90, 22.46, 50.27,  0.00,
852,2026-04-08 12:03:02,  5.31,  0.66, 26.21,211.74, 50.20,  0.00, 10.00,2,0,0,0,0,20400,2026-04-08 12:03:11, 12.51,  1.57, 25.96,211.74, 50.43,  0.00, 10.00,2,0,0,0,0,20400,2026-04-08 12:04:47,  0.00,  0.00, 15.52,229.05, 54.72,  2.10, 10.00,2,0,0,0,0,20400, 40.79,  1.57, 26.21, 55.75,  6.90, 15.24, 50.20,  0.00,
853,2026-04-08 12:09:14,  3.20,  0.37, 28.09,211.74, 49.15,  0.00, 10.00,2,0,0,0,0,20400,2026-04-08 12:09:14,  3.20,  0.37, 28.09,211.74, 49.15,  0.00, 10.00,2,0,0,0,0,20400,2026-04-08 12:09:49,  0.59,  0.08, 22.99,220.31, 52.76,  0.00, 10.00,2,0,0,0,0,20400, 10.45,  0.37, 28.09, 52.76,  6.90, 22.99, 49.15,  0.00,
854,2026-04-08 12:15:36,  8.73,  1.12, 25.32,211.92, 50.69,  0.00, 10.00,2,0,0,0,0,20400,2026-04-08 12:15:48, 13.94,  1.80, 25.32,212.01, 50.79,  0.00, 10.00,2,0,0,0,0,20400,2026-04-08 12:17:40,  0.00,  0.00, 16.01,229.14, 54.57,  1.05, 10.00,2,0,0,0,0,20400, 45.45,  1.80, 25.32, 55.31,  6.90, 15.94, 50.69,  0.00,
855,2026-04-08 12:20:42,  5.20,  0.67, 25.26,211.57, 50.71,  0.00, 10.00,2,0,0,0,0,20400,2026-04-08 12:20:49, 10.82,  1.40, 25.26,211.48, 50.76,  0.00, 10.00,2,0,0,0,0,20400,2026-04-08 12:22:22,  0.00,  0.00, 24.62,230.82, 51.13,  2.10, 10.00,2,0,0,0,0,20400, 35.28,  1.40, 25.26, 52.06,  6.90, 24.36, 50.71,  0.00,
856,2026-04-08 12:24:51,  3.68,  0.54, 22.40,250.95, 52.40,  3.30, 10.00,2,0,0,0,0,20400,2026-04-08 12:26:25,  4.96,  0.58, 28.02,271.08, 49.30,  1.80, 10.00,2,0,0,0,0,20400,2026-04-08 12:26:34,  0.00,  0.00, 28.02,271.08, 49.23,  1.95, 10.00,2,0,0,0,0,20400, 16.17,  0.58, 28.02, 52.98,  6.90, 22.40, 49.23,  0.00,
857,2026-04-08 12:36:45, 16.81,  1.98, 27.72,271.17, 49.47,  2.70, 10.00,2,0,0,0,0,20400,2026-04-08 12:36:49, 18.99,  2.24, 27.65,271.17, 49.59,  2.85, 10.00,2,0,0,0,0,20400,2026-04-08 12:38:35,  0.00,  0.00, 10.07,250.51, 56.03,  3.15, 10.00,2,40,2000,0,0,20400, 61.92,  2.24, 27.72, 56.82,  6.90, 10.07, 49.47,  0.00,
858,2026-04-08 12:48:01,  1.55,  0.52,  9.71,248.48, 56.24,  2.40, 10.00,2,C0,2000,2000,0,20400,2026-04-08 12:49:13,  4.46,  0.56, 26.09,271.08, 50.53,  0.00, 10.00,2,0,0,0,0,20400,2026-04-08 12:49:33,  0.00,  0.00, 26.09,271.08, 50.37,  1.20, 10.00,2,0,0,0,0,20400, 14.55,  0.56, 26.15, 56.84,  6.90,  9.64, 50.34,  0.00,
859,2026-04-08 12:51:07,  4.34,  0.64, 22.06,270.91, 52.22,  1.05, 10.00,2,0,0,0,0,20400,2026-04-08 12:51:14,  7.37,  1.09, 22.06,271.08, 52.36,  1.65, 10.00,2,0,0,0,0,20400,2026-04-08 12:52:52,  0.00,  0.00, 11.78,306.40, 55.59,  2.85, 10.00,2,40,2000,0,0,20400, 24.03,  1.09, 22.06, 56.13,  6.90, 11.78, 52.22,  0.00,
860,2026-04-08 12:55:30,  4.89,  0.82, 19.45,305.43, 53.45,  3.45, 10.00,2,0,0,0,0,20400,2026-04-08 12:57:15,  8.11,  1.18, 22.46,292.45, 52.27,  2.55, 10.00,2,0,0,0,0,20400,2026-04-08 12:57:34,  0.00,  0.00, 21.53,292.27, 52.60,  1.95, 10.00,2,0,0,0,0,20400, 26.42,  1.18, 22.53, 53.86,  6.90, 19.45, 52.27,  0.00,
861,2026-04-08 13:03:16, 12.97,  1.61, 26.21,272.76, 50.20,  1.05, 10.00,2,0,0,0,0,20400,2026-04-08 13:03:22, 16.39,  2.04, 26.21,272.76, 50.26,  0.00, 10.00,2,0,0,0,0,20400,2026-04-08 13:05:23,  0.00,  0.00, 10.71,305.43, 55.88,  2.85, 10.00,2,40,2000,0,0,20400, 53.42,  2.04, 26.28, 56.08,  6.90, 10.64, 50.20,  0.00,
862,2026-04-08 13:35:37, 12.50,  1.30, 31.39,278.15, 46.86,  1.20, 10.00,2,0,0,0,0,20400,2026-04-08 13:36:21, 13.30,  1.38, 31.39,278.15, 46.92,  2.10, 10.00,2,0,0,0,0,20400,2026-04-08 13:38:24,  0.00,  0.00, 31.39,264.46, 46.94,  2.10, 10.00,2,0,0,0,0,20400, 43.36,  1.38, 31.39, 47.65,  6.90, 31.39, 46.86,  0.00,
863,2026-04-08 13:44:09, 12.29,  1.24, 32.37,277.26, 46.12,  1.05, 10.00,2,0,0,0,0,20400,2026-04-08 13:44:22, 14.02,  1.41, 32.37,277.26, 46.15,  0.00, 10.00,2,0,0,0,0,20400,2026-04-08 13:46:12,  0.00,  0.00, 28.94,262.96, 48.62,  1.05, 10.00,2,0,0,0,0,20400, 45.70,  1.41, 32.43, 49.11,  6.90, 28.88, 46.08,  0.00,
864,2026-04-08 13:55:43, 12.56,  1.21, 33.45,277.70, 45.28,  0.00,  9.61,2,0,0,0,0,20400,2026-04-08 13:55:52, 13.97,  1.41, 32.26,277.70, 46.26,  1.20, 10.00,2,0,0,0,0,20400,2026-04-08 13:57:25,  0.00,  0.00, 27.47,262.87, 49.54,  2.55, 10.00,2,0,0,0,0,20400, 45.54,  1.41, 33.45, 50.04,  6.90, 26.72, 45.28,  0.00,
865,2026-04-08 14:01:48, 12.93,  1.23, 33.67,277.70, 45.12,  1.65,  9.51,2,0,0,0,0,20400,2026-04-08 14:01:51, 14.41,  1.37, 33.67,277.70, 45.21,  1.65,  9.51,2,0,0,0,0,20400,2026-04-08 14:03:30,  0.00,  0.00, 32.43,261.19, 46.08,  1.05, 10.00,2,0,0,0,0,20400, 46.13,  1.37, 33.73, 46.13,  6.90, 32.43, 45.12,  0.00,
866,2026-04-08 14:07:58, 12.86,  1.20, 34.00,277.97, 44.83,  2.25,  9.36,2,0,0,0,0,20400,2026-04-08 14:08:03, 14.64,  1.37, 34.00,277.97, 44.86,  1.80,  9.36,2,0,0,0,0,20400,2026-04-08 14:09:58,  0.00,  0.00, 33.11,261.10, 45.55,  1.65,  9.77,2,0,0,0,0,20400, 46.59,  1.37, 34.00, 45.82,  6.90, 32.94, 44.83,  0.00,
867,2026-04-08 15:13:21,  1.22,  0.29, 13.63,226.05, 55.10,  2.70, 10.00,2,40,2000,0,0,20400,2026-04-08 15:15:07,  3.68,  0.35, 33.95,257.04, 45.03,  1.80,  9.38,2,0,0,0,0,20400,2026-04-08 15:15:42,  0.00,  0.00, 33.95,257.04, 44.99,  2.25,  9.38,2,0,0,0,0,20400, 11.72,  0.35, 34.00, 55.77,  6.90, 13.63, 44.95,  0.00,
868,2026-04-09 07:41:55,  9.14,  0.99, 29.97,245.03, 47.96,  2.10, 10.00,2,0,0,0,0,20400,2026-04-09 07:44:53, 23.69,  1.18, 48.86,222.34, 23.84,  0.00,  4.97,2,10,1000,0,0,20400,2026-04-09 07:45:12,  0.00,  0.00, 48.98,222.34, 23.40,  1.05,  4.94,2,10,1000,0,0,20400, 57.48,  1.18, 48.98, 48.80,  6.90, 29.97, 23.40,  0.00,
869,2026-04-09 07:50:14,  7.31,  0.79, 30.03,245.03, 47.93,  2.40, 10.00,2,0,0,0,0,20400,2026-04-09 07:52:49, 19.19,  0.94, 49.21,223.31, 22.97,  1.50,  4.88,2,10,1000,0,0,20400,2026-04-09 07:53:31,  0.00,  0.00, 49.62,223.31, 21.48,  1.95,  4.79,2,10,1000,0,0,20400, 46.13,  0.98, 49.62, 48.83,  6.90, 30.03, 21.48,  0.00,
870,2026-04-09 07:58:45,  6.15,  0.77, 26.15,244.06, 50.23,  1.80, 10.00,2,0,0,0,0,20400,2026-04-09 08:01:34, 18.96,  1.04, 46.36,223.05, 29.52,  1.05,  5.46,2,0,0,0,0,20400,2026-04-09 08:01:54,  0.00,  0.00, 46.55,223.05, 29.02,  0.00,  5.44,2,0,0,0,0,20400, 48.03,  1.04, 46.55, 51.22,  6.90, 26.02, 29.02,  0.00,
871,2026-04-09 08:06:52,  3.56,  0.58, 19.85,246.45, 53.22,  2.25, 10.00,2,0,0,0,0,20400,2026-04-09 08:09:27, 14.48,  0.71, 49.14,223.05, 23.09,  2.10,  4.90,2,10,1000,0,0,20400,2026-04-09 08:09:52,  0.00,  0.00, 49.39,223.13, 22.21,  2.70,  4.84,2,10,1000,0,0,20400, 34.88,  0.71, 49.39, 54.22,  6.90, 19.85, 22.21,  0.00,
872,2026-04-09 08:15:26,  2.41,  0.45, 17.53,233.20, 54.08,  1.05, 10.00,2,0,0,0,0,20400,2026-04-09 08:19:47, 10.18,  0.50, 49.21,223.13, 22.83,  2.25,  4.88,2,10,1000,0,0,20400,2026-04-09 08:20:07,  0.00,  0.00, 49.56,223.13, 21.66,  2.10,  4.80,2,10,1000,0,0,20400, 24.47,  0.56, 49.56, 54.66,  6.90, 17.46, 21.66,  0.00,
873,2026-04-09 08:25:13,  2.75,  0.65, 13.84,237.88, 55.08,  1.05, 10.00,2,40,2000,0,0,20400,2026-04-09 08:28:06, 13.93,  0.77, 45.41,222.34, 31.31,  0.00,  5.56,2,0,0,0,0,20400,2026-04-09 08:28:36,  0.28,  0.02, 46.90,222.34, 28.37,  1.05,  5.41,2,0,0,0,0,20400, 35.15,  0.79, 46.90, 55.78,  6.90, 13.84, 28.37,  0.00,
874,2026-04-09 08:32:51,  3.84,  0.70, 17.81,234.00, 53.96,  1.20, 10.00,2,0,0,0,0,20400,2026-04-09 08:35:27, 19.35,  1.05, 46.87,222.34, 28.52,  1.65,  5.41,2,0,0,0,0,20400,2026-04-09 08:35:42,  0.00,  0.00, 46.87,222.34, 28.44,  1.95,  5.41,2,0,0,0,0,20400, 49.09,  1.06, 47.02, 54.66,  6.90, 17.81, 28.21,  0.00,
875,2026-04-09 08:40:19,  1.65,  0.34, 15.73,232.49, 54.60,  0.00, 10.00,2,0,0,0,0,20400,2026-04-09 08:43:15,  8.20,  0.44, 46.87,222.34, 28.53,  0.00,  5.41,2,0,0,0,0,20400,2026-04-09 08:43:28,  0.00,  0.00, 47.38,222.34, 27.34,  0.00,  5.31,2,0,0,0,0,20400, 20.81,  0.48, 47.38, 55.14,  6.90, 15.73, 27.34,  0.00,
876,2026-04-09 08:47:36,  3.95,  0.63, 20.46,232.58, 52.91,  0.00, 10.00,2,0,0,0,0,20400,2026-04-09 08:50:15, 13.94,  0.76, 46.29,222.52, 29.62,  0.00,  5.47,2,0,0,0,0,20400,2026-04-09 08:50:31,  0.14,  0.01, 46.65,222.52, 28.84,  0.00,  5.44,2,0,0,0,0,20400, 35.31,  0.81, 46.65, 53.38,  6.90, 20.46, 28.84,  0.00,
877,2026-04-09 08:54:55, 10.76,  1.19, 29.43,231.08, 48.34,  1.20, 10.00,2,0,0,0,0,20400,2026-04-09 08:57:24, 27.96,  1.37, 49.14,222.78, 23.01,  1.65,  4.90,2,10,1000,0,0,20400,2026-04-09 08:57:36,  0.00,  0.00, 49.28,222.78, 22.51,  1.50,  4.87,2,10,1000,0,0,20400, 67.33,  1.41, 49.30, 48.94,  6.90, 29.37, 22.47,  0.00,
878,2026-04-09 09:01:32,  5.52,  0.50, 34.77,231.08, 44.28,  0.00,  9.00,2,0,0,0,0,20400,2026-04-09 09:03:43, 12.04,  0.59, 49.07,223.05, 23.22,  1.20,  4.92,2,10,1000,0,0,20400,2026-04-09 09:04:00,  0.00,  0.00, 49.12,223.05, 22.99,  1.35,  4.91,2,10,1000,0,0,20400, 29.05,  0.60, 49.14, 45.02,  6.90, 34.77, 22.99,  0.00,
879,2026-04-09 09:07:51,  6.09,  0.45, 39.04,230.11, 40.10,  0.00,  7.42,2,0,0,0,0,20400,2026-04-09 09:11:03, 11.31,  0.56, 48.86,223.05, 23.81,  0.00,  4.97,2,10,1000,0,0,20400,2026-04-09 09:11:25,  0.00,  0.00, 49.07,223.05, 23.10,  0.00,  4.92,2,10,1000,0,0,20400, 27.44,  0.60, 49.07, 40.71,  6.90, 38.99, 23.10,  0.00,
880,2026-04-09 09:15:21, 12.32,  1.00, 37.00,230.29, 42.24,  0.00,  8.10,2,0,0,0,0,20400,2026-04-09 09:17:09, 23.34,  1.15, 49.03,223.13, 23.35,  1.05,  4.93,2,10,1000,0,0,20400,2026-04-09 09:17:25,  0.00,  0.00, 49.14,223.13, 22.92,  1.05,  4.90,2,10,1000,0,0,20400, 56.38,  1.18, 49.14, 42.88,  6.90, 36.94, 22.92,  0.00,
881,2026-04-09 09:22:21,  2.03,  0.31, 21.00,230.55, 52.78,  0.00, 10.00,2,0,0,0,0,20400,2026-04-09 09:24:45,  9.22,  0.51, 45.44,221.99, 31.19,  0.00,  5.56,2,0,0,0,0,20400,2026-04-09 09:25:00,  0.41,  0.02, 45.44,221.99, 31.12,  0.00,  5.56,2,0,0,0,0,20400, 23.28,  0.51, 45.55, 53.46,  6.90, 20.93, 31.12,  0.00,
882,2026-04-09 10:12:36, 12.74,  1.12, 35.21,217.75, 43.80,  2.55,  8.82,2,0,0,0,0,20400,2026-04-09 10:12:43, 15.37,  1.36, 35.15,217.75, 43.91,  1.95,  8.84,2,0,0,0,0,20400,2026-04-09 10:15:47,  0.00,  0.00, 33.11,260.31, 45.51,  1.50,  9.77,2,0,0,0,0,20400, 47.76,  1.36, 35.21, 46.26,  6.90, 33.11, 43.80,  0.00,
883,2026-04-09 10:21:02, 14.37,  1.22, 36.06,218.10, 43.02,  2.25,  8.48,2,0,0,0,0,20400,2026-04-09 10:21:06, 16.48,  1.40, 36.06,218.10, 43.08,  2.10,  8.48,2,0,0,0,0,20400,2026-04-09 10:23:40,  0.00,  0.00, 35.58,259.34, 43.44,  2.10,  8.67,2,0,0,0,0,20400, 50.36,  1.40, 36.11, 44.37,  6.90, 35.58, 43.02,  0.00,
884,2026-04-10 08:53:05,  3.65,  0.43, 27.72,211.21, 49.48,  1.05, 10.00,2,0,0,0,0,20400,2026-04-10 08:53:07,  4.55,  0.54, 27.72,211.21, 49.53,  1.05, 10.00,2,0,0,0,0,20400,2026-04-10 08:54:49,  0.00,  0.00, 18.01,224.81, 53.95,  2.55, 10.00,2,0,0,0,0,20400, 14.83,  0.54, 27.78, 54.02,  6.90, 18.01, 49.48,  0.00,
885,2026-04-10 08:57:21,  5.54,  0.99, 18.29,224.90, 53.89,  2.70, 10.00,2,0,0,0,0,20400,2026-04-10 08:58:51,  8.68,  1.04, 27.22,213.95, 49.80,  0.00, 10.00,2,0,0,0,0,20400,2026-04-10 08:59:02,  0.00,  0.00, 28.02,213.95, 49.25,  0.00, 10.00,2,0,0,0,0,20400, 28.30,  1.09, 28.02, 54.52,  6.90, 18.29, 49.25,  0.00,
886,2026-04-10 09:08:31,  3.01,  0.78, 12.56,223.58, 55.24,  3.75, 10.00,2,40,2000,0,0,20400,2026-04-10 09:10:32,  6.21,  0.83, 24.49,228.26, 51.20,  1.95, 10.00,2,0,0,0,0,20400,2026-04-10 09:10:57,  0.00,  0.00, 24.55,228.34, 51.04,  1.95, 10.00,2,0,0,0,0,20400, 20.26,  0.89, 24.55, 56.10,  6.90, 12.49, 51.04,  0.00,
887,2026-04-10 09:14:04,  4.11,  0.90, 14.82,224.72, 54.68,  2.70, 10.00,2,0,0,0,0,20400,2026-04-10 09:16:10,  5.87,  0.87, 21.93,228.79, 52.39,  3.60, 10.00,2,0,0,0,0,20400,2026-04-10 09:16:38,  0.00,  0.00, 21.93,228.79, 52.24,  3.60, 10.00,2,0,0,0,0,20400, 19.14,  0.91, 22.00, 55.58,  6.90, 14.82, 52.23,  0.00,
888,2026-04-10 09:19:20,  1.90,  0.49, 12.78,225.17, 55.19,  1.95, 10.00,2,40,2000,0,0,20400,2026-04-10 09:20:40,  2.94,  0.58, 16.49,228.34, 54.35,  2.10, 10.00,2,0,0,0,0,20400,2026-04-10 09:21:00,  0.00,  0.00, 18.22,228.34, 53.72,  2.40, 10.00,2,0,0,0,0,20400,  9.58,  0.59, 18.22, 56.01,  6.90, 12.78, 53.72,  0.00,
889,2026-04-10 09:36:00,  9.38,  0.70, 38.84,216.69, 40.24,  1.50,  7.49,2,0,0,0,0,20400,2026-04-10 09:36:06, 12.73,  0.95, 38.84,216.69, 40.24,  1.20,  7.49,2,0,0,0,0,20400,2026-04-10 09:39:02,  0.00,  0.00, 35.69,253.69, 43.46,  5.55,  8.62,2,0,0,0,0,20400, 37.00,  0.95, 38.84, 43.54,  6.90, 35.69, 40.24,  0.00,
890,2026-04-10 09:53:58,  3.40,  0.51, 21.80,213.25, 52.33,  0.00, 10.00,2,0,0,0,0,20400,2026-04-10 09:59:16, 10.03,  0.71, 40.17,254.83, 38.98,  4.50,  7.04,2,0,0,0,0,20400,2026-04-10 09:59:57,  0.00,  0.00, 40.22,254.83, 38.79,  2.70,  7.02,2,0,0,0,0,20400, 28.36,  0.80, 40.22, 53.45,  6.90, 21.60, 38.79,  0.00,
891,2026-04-10 10:04:11,  6.64,  0.77, 28.09,211.39, 49.23,  1.05, 10.00,2,0,0,0,0,20400,2026-04-10 10:06:02, 15.16,  1.48, 33.17,194.35, 45.84,  5.25,  9.74,2,0,0,0,0,20400,2026-04-10 10:06:15,  0.00,  0.00, 33.17,194.35, 45.77,  6.00,  9.74,2,0,0,0,0,20400, 48.96,  1.49, 33.17, 50.27,  6.90, 27.72, 45.77,  0.00,
892,2026-04-10 10:11:15,  1.52,  0.83,  5.96,219.87, 56.27,  1.20, 10.00,2,C0,2000,2000,0,20400,2026-04-10 10:12:48,  8.48,  0.92, 30.09,213.16, 47.76,  1.05, 10.00,2,0,0,0,0,20400,2026-04-10 10:13:00,  0.00,  0.00, 30.33,213.16, 47.50,  0.00, 10.00,2,0,0,0,0,20400, 27.63,  0.94, 30.33, 56.78,  6.90,  5.96, 47.50,  0.00,
893,2026-04-10 10:15:16,  1.99,  0.76,  8.49,221.28, 56.04,  3.60, 10.00,2,C0,2000,2000,0,20400,2026-04-10 10:16:50,  3.68,  0.76, 15.80,229.05, 54.68,  4.50, 10.00,2,0,0,0,0,20400,2026-04-10 10:17:13,  0.00,  0.00, 15.80,229.05, 54.53,  3.75, 10.00,2,0,0,0,0,20400, 11.99,  0.80, 15.80, 56.81,  6.90,  8.49, 54.53,  0.00,
894,2026-04-10 10:23:10,  1.60,  0.72,  7.26,221.72, 56.23,  1.95, 10.00,2,C0,2000,2000,0,20400,2026-04-10 10:24:36,  4.55,  0.71, 20.80,229.14, 52.89,  5.10, 10.00,2,0,0,0,0,20400,2026-04-10 10:24:55,  0.00,  0.00, 20.80,229.14, 52.77,  4.80, 10.00,2,0,0,0,0,20400, 14.84,  0.74, 20.86, 56.82,  7.50,  7.26, 52.75,  0.00,
895,2026-04-10 13:11:58,  3.69,  0.33, 35.15,218.10, 43.90,  1.20,  8.84,2,0,0,0,0,20400,2026-04-10 13:11:59,  3.99,  0.35, 35.15,218.10, 43.94,  1.20,  8.84,2,0,0,0,0,20400,2026-04-10 13:12:50,  0.32,  0.09, 11.50,215.36, 56.34,  1.80, 10.00,2,40,2000,0,0,20400, 12.41,  0.35, 35.15, 56.34,  7.50, 11.50, 43.90,  0.00,
896,2026-04-10 13:20:00,  1.98,  0.77,  8.41,225.43, 56.06,  1.95, 10.00,2,C0,2000,2000,0,20400,2026-04-10 13:21:04,  7.78,  0.81, 31.39,213.25, 46.86,  1.65, 10.00,2,0,0,0,0,20400,2026-04-10 13:21:14,  0.00,  0.00, 31.80,213.16, 46.48,  2.25, 10.00,2,0,0,0,0,20400, 25.37,  0.84, 31.80, 56.15,  7.50,  8.41, 46.48,  0.00,
897,2026-04-10 13:31:08, 11.45,  2.32, 16.08,215.81, 54.39,  1.50, 10.00,2,0,0,0,0,20400,2026-04-10 13:33:25, 19.66,  2.33, 27.47,201.32, 49.61,  2.10, 10.00,2,0,0,0,0,20400,2026-04-10 13:33:51,  0.00,  0.00, 27.90,201.24, 49.27,  3.45, 10.00,2,0,0,0,0,20400, 64.11,  2.33, 27.90, 55.13,  7.50, 16.08, 49.27,  0.00,
898,2026-04-10 13:37:46, 10.38,  1.25, 27.09,212.54, 49.62,  1.35, 10.00,2,0,0,0,0,20400,2026-04-10 13:37:47, 11.41,  1.37, 27.16,212.54, 49.61,  1.35, 10.00,2,0,0,0,0,20400,2026-04-10 13:39:31,  0.00,  0.00, 17.46,200.88, 53.94,  1.50, 10.00,2,0,0,0,0,20400, 37.20,  1.37, 27.16, 55.21,  7.50, 16.08, 49.61,  0.00,
899,2026-04-10 13:54:09,  5.50,  1.28, 13.98,153.82, 54.97,  1.65, 10.00,2,40,2000,0,0,20400,2026-04-10 13:56:29, 19.40,  1.28, 41.39,138.72, 37.31,  3.45,  6.61,2,0,0,0,0,20400,2026-04-10 13:57:17,  0.00,  0.00, 42.51,138.72, 35.73,  2.40,  6.26,2,0,0,0,0,20400, 53.10,  1.40, 42.51, 55.71,  7.50, 13.91, 35.73,  0.00,
900,2026-04-10 14:02:19, 10.76,  2.36, 14.89,154.00, 54.72,  0.00, 10.00,2,0,0,0,0,20400,2026-04-10 14:03:50, 19.18,  2.25, 27.78,137.57, 49.46,  3.60, 10.00,2,0,0,0,0,20400,2026-04-10 14:04:45,  0.00,  0.00, 27.78,137.57, 49.33,  3.75, 10.00,2,0,0,0,0,20400, 62.51,  2.36, 27.78, 55.48,  7.50, 14.89, 49.33,  0.00,
901,2026-04-10 14:08:25,  3.59,  0.82, 14.33,151.70, 54.91,  1.20, 10.00,2,0,0,0,0,20400,2026-04-10 14:10:39,  8.39,  0.79, 33.89,133.33, 45.12,  1.05,  9.41,2,0,0,0,0,20400,2026-04-10 14:11:00,  0.80,  0.08, 33.84,133.33, 45.06,  0.00,  9.43,2,0,0,0,0,20400, 26.76,  0.82, 33.89, 55.61,  7.50, 14.33, 45.04,  0.00,
902,2026-04-10 14:16:59,  5.84,  1.41, 13.48, 91.48, 55.11,  2.25, 10.00,2,40,2000,0,0,20400,2026-04-10 14:18:34, 11.79,  1.29, 29.79, 80.35, 48.24,  6.45, 10.00,2,0,0,0,0,20400,2026-04-10 14:19:06,  0.00,  0.00, 30.03, 80.35, 47.81,  3.15, 10.00,2,0,0,0,0,20400, 38.44,  1.43, 30.03, 55.83,  7.50, 13.48, 47.81,  0.00,
903,2026-04-10 15:43:49,  0.86,  0.41,  6.90, 92.10, 56.35,  1.50, 10.00,2,C0,2000,2000,0,20400,2026-04-10 15:44:16,  1.27,  0.36, 11.57, 92.10, 55.66,  1.05, 10.00,2,40,2000,0,0,20400,2026-04-10 15:44:26,  0.09,  0.02, 12.63, 92.10, 55.39,  1.50, 10.00,2,40,2000,0,0,20400,  4.13,  0.41, 12.63, 56.40,  7.50,  6.90, 55.39,  0.00,
904,2026-04-11 07:50:59,  3.29,  0.61, 17.53, 92.72, 53.94,  0.00, 10.00,2,0,0,0,0,20400,2026-04-11 07:53:14,  8.45,  0.71, 36.37, 73.11, 42.87,  0.00,  8.35,2,0,0,0,0,20400,2026-04-11 07:53:30,  0.00,  0.00, 36.37, 73.11, 42.79,  0.00,  8.35,2,0,0,0,0,20400, 25.68,  0.72, 36.37, 55.04,  7.50, 17.46, 42.79,  0.00,
905,2026-04-11 07:59:07,  4.41,  0.82, 17.53, 92.19, 53.86,  0.00, 10.00,2,0,0,0,0,20400,2026-04-11 08:01:18, 10.02,  0.95, 33.67, 71.88, 45.31,  0.00,  9.51,2,0,0,0,0,20400,2026-04-11 08:01:44,  0.00,  0.00, 33.73, 71.88, 45.08,  1.35,  9.48,2,0,0,0,0,20400, 32.07,  0.98, 34.00, 54.95,  7.50, 17.53, 45.08,  0.00,
906,2026-04-11 09:11:29,  2.52,  0.42, 19.65, 46.36, 53.32,  0.00, 10.00,2,0,0,0,0,20400,2026-04-11 09:13:39,  6.46,  0.36, 45.19, 35.06, 31.63,  0.00,  5.58,2,0,0,0,0,20400,2026-04-11 09:13:54,  0.00,  0.00, 46.13, 35.06, 29.86,  0.00,  5.49,2,0,0,0,0,20400, 16.29,  0.43, 46.13, 53.97,  7.50, 19.65, 29.86,  0.00,
907,2026-04-11 09:20:30,  3.02,  0.63, 15.73, 31.17, 54.51,  0.00, 10.00,2,0,0,0,0,20400,2026-04-11 09:24:10,  4.55,  0.51, 29.19, 22.52, 48.47,  0.00, 10.00,2,0,0,0,0,20400,2026-04-11 09:24:39,  0.00,  0.00, 30.39, 22.52, 47.56,  0.00, 10.00,2,0,0,0,0,20400, 14.84,  0.63, 30.39, 55.58,  7.50, 15.66, 47.56,  0.00,
908,2026-04-11 09:29:40,  3.10,  0.58, 17.39, 30.73, 53.98,  1.05, 10.00,2,0,0,0,0,20400,2026-04-11 09:32:01,  4.85,  0.55, 28.52, 22.52, 48.83,  0.00, 10.00,2,0,0,0,0,20400,2026-04-11 09:32:14,  0.00,  0.00, 28.70, 22.52, 48.67,  0.00, 10.00,2,0,0,0,0,20400, 15.80,  0.69, 28.76, 54.99,  7.50, 17.32, 48.63,  0.00,
909,2026-04-11 10:07:52, 12.93,  1.23, 33.67, 25.87, 45.10,  0.00,  9.51,2,0,0,0,0,20400,2026-04-11 10:07:57, 15.12,  1.45, 33.50, 25.87, 45.29,  0.00,  9.59,2,0,0,0,0,20400,2026-04-11 10:10:17,  0.00,  0.00, 17.94, 22.43, 53.79,  0.00, 10.00,2,0,0,0,0,20400, 48.57,  1.45, 33.67, 54.95,  7.50, 17.67, 45.10,  0.00,
910,2026-04-11 10:14:07,  2.57,  0.48, 17.39, 26.75, 54.02,  0.00, 10.00,2,0,0,0,0,20400,2026-04-11 10:16:06, 10.29,  1.00, 33.17,  0.00, 45.79,  0.00,  9.74,2,0,0,0,0,20404,2026-04-11 10:16:36,  0.12,  0.01, 33.28,  0.00, 45.57,  0.00,  9.69,2,0,0,0,0,20404, 33.23,  1.05, 33.28, 54.97,  7.50, 17.32, 45.57,  0.00,
911,2026-04-11 10:21:59,  1.19,  0.32, 12.21, 25.61, 55.41,  0.00, 10.00,2,40,2000,0,0,20400,2026-04-11 10:24:04, 17.88,  1.74, 33.17,  0.00, 45.77,  0.00,  9.74,2,0,0,0,0,20404,2026-04-11 10:24:47,  0.00,  0.00, 33.11,  0.00, 45.67,  0.00,  9.77,2,0,0,0,0,20404, 57.77,  1.79, 33.22, 56.46,  7.50, 12.21, 45.64,  0.00,
912,2026-04-11 10:28:44,  0.96,  0.29, 10.71, 25.25, 55.70,  0.00, 10.00,2,40,2000,0,0,20400,2026-04-11 10:30:57, 23.77,  2.11, 35.10,  0.00, 44.15,  0.00,  8.86,2,0,0,0,0,20404,2026-04-11 10:31:24,  0.00,  0.00, 34.99,  0.00, 44.13,  0.00,  8.90,2,0,0,0,0,20404, 73.93,  2.17, 35.10, 56.77,  7.50, 10.71, 44.10,  0.00,
913,2026-04-11 10:35:45,  1.39,  0.36, 12.56, 25.34, 55.33,  0.00, 10.00,2,40,2000,0,0,20400,2026-04-11 10:37:53, 17.88,  1.78, 32.66,  0.00, 46.21,  1.35,  9.97,2,0,0,0,0,20404,2026-04-11 10:39:11,  0.00,  0.00, 32.83,  0.00, 45.92,  1.80,  9.90,2,0,0,0,0,20404, 58.25,  1.85, 32.83, 56.46,  7.50, 12.49, 45.92,  0.00,
914,2026-04-11 10:51:21,  1.79,  0.48, 12.14, 25.52, 55.42,  1.35, 10.00,2,40,2000,0,0,20400,2026-04-11 10:53:29, 20.76,  2.05, 32.88,  0.00, 45.96,  2.70,  9.87,2,0,0,0,0,20404,2026-04-11 10:53:52,  0.00,  0.00, 33.22,  0.00, 45.60,  3.00,  9.71,2,0,0,0,0,20404, 67.39,  2.10, 33.28, 56.53,  7.50, 12.07, 45.56,  0.00,
915,2026-04-11 11:35:17,  2.98,  0.77, 12.56, 26.14, 55.32,  1.20, 10.00,2,40,2000,0,0,20400,2026-04-11 11:37:08, 26.69,  2.77, 31.45,  0.00, 47.08,  2.25, 10.00,2,0,0,0,0,20404,2026-04-11 11:38:00,  0.00,  0.00, 31.50,  0.00, 46.91,  2.40, 10.00,2,0,0,0,0,20404, 87.00,  2.86, 31.50, 56.14,  7.50, 12.49, 46.91,  0.00,
916,2026-04-11 11:40:56,  2.90,  0.74, 12.71, 25.17, 55.31,  1.35, 10.00,2,40,2000,0,0,20400,2026-04-11 11:42:21, 16.75,  1.71, 31.91,  0.00, 46.71,  2.55, 10.00,2,0,0,0,0,20404,2026-04-11 11:43:38,  0.00,  0.00, 31.97,  0.00, 46.56,  1.95, 10.00,2,0,0,0,0,20404, 54.62,  1.72, 31.97, 56.07,  7.50, 12.71, 46.56,  0.00,
917,2026-04-11 11:46:28,  1.32,  0.44,  9.78, 24.72, 55.87,  1.20, 10.00,2,C0,2000,2000,0,20400,2026-04-11 11:48:01, 13.97,  1.43, 31.91,  0.00, 46.71,  3.30, 10.00,2,0,0,0,0,20404,2026-04-11 11:48:24,  0.15,  0.02, 31.91,  0.00, 46.60,  2.25, 10.00,2,0,0,0,0,20404, 45.53,  1.50, 31.91, 56.73,  7.50,  9.78, 46.60,  0.00,
918,2026-04-11 11:56:41,  1.43,  0.47,  9.92, 23.75, 55.85,  1.65, 10.00,2,C0,2000,2000,0,20400,2026-04-11 11:57:51,  4.78,  0.64, 24.29,  0.00, 51.41,  3.00, 10.00,2,0,0,0,0,20404,2026-04-11 11:58:10,  0.00,  0.00, 24.49,  0.00, 51.21,  1.95, 10.00,2,0,0,0,0,20404, 15.58,  0.76, 24.49, 56.63,  7.50,  9.85, 51.21,  0.00,
919,2026-04-11 12:01:18,  2.45,  0.63, 12.78, 24.46, 55.27,  0.00, 10.00,2,40,2000,0,0,20400,2026-04-11 12:02:35,  9.16,  1.37, 21.80,  0.00, 52.53,  1.95, 10.00,2,0,0,0,0,20404,2026-04-11 12:02:54,  0.00,  0.00, 21.80,  0.00, 52.46,  1.20, 10.00,2,0,0,0,0,20404, 29.86,  1.55, 21.93, 56.07,  7.50, 12.78, 52.44,  0.00,
920,2026-04-11 12:06:29,  2.81,  0.71, 12.99, 24.11, 55.21,  0.00, 10.00,2,40,2000,0,0,20400,2026-04-11 12:08:13, 14.98,  2.03, 24.10,  0.00, 51.48,  1.65, 10.00,2,0,0,0,0,20404,2026-04-11 12:09:05,  0.00,  0.00, 24.23,  0.00, 51.33,  2.25, 10.00,2,0,0,0,0,20404, 48.84,  2.25, 24.23, 56.02,  7.50, 12.99, 51.33,  0.00,
921,2026-04-11 12:14:08,  2.12,  0.36, 19.38, 25.25, 53.31,  0.00, 10.00,2,0,0,0,0,20400,2026-04-11 12:14:08,  2.12,  0.36, 19.38, 25.25, 53.31,  0.00, 10.00,2,0,0,0,0,20400,2026-04-11 12:14:38,  0.18,  0.04, 14.12, 22.52, 55.76,  1.20, 10.00,2,40,2000,0,0,20400,  6.91,  0.36, 19.38, 55.76,  7.50, 14.12, 53.31,  0.00,
922,2026-04-11 12:30:02, 12.16,  0.61, 48.74, 25.61, 24.32,  0.00,  4.99,2,10,1000,0,0,20400,2026-04-11 12:30:02, 12.16,  0.61, 48.74, 25.61, 24.32,  0.00,  4.99,2,10,1000,0,0,20400,2026-04-11 12:31:59,  0.04,  0.01, 12.49, 25.08, 55.44,  0.00, 10.00,2,40,2000,0,0,20400, 29.59,  0.65, 48.74, 55.60,  7.50, 12.49, 24.32,  0.00,
923,2026-04-11 12:38:31,  9.69,  2.38, 13.27, 24.64, 55.35,  1.05, 10.00,2,40,2000,0,0,20400,2026-04-11 12:40:18, 42.96,  2.43, 44.83,  0.00, 32.58,  3.15,  5.64,2,0,0,0,0,20404,2026-04-11 12:40:28,  1.69,  0.09, 44.94,  0.00, 32.33,  3.30,  5.62,2,0,0,0,0,20404,108.72,  2.64, 44.94, 56.07,  7.50, 13.27, 32.33,  0.00,
924,2026-04-11 12:45:51, 10.90,  0.61, 44.98,  0.00, 32.29,  0.00,  5.61,2,0,0,0,0,20404,2026-04-11 12:45:56, 12.84,  0.72, 44.94,  0.00, 32.49,  1.35,  5.62,2,0,0,0,0,20404,2026-04-11 12:47:35,  0.22,  0.05, 13.55, 24.55, 55.17,  1.20, 10.00,2,40,2000,0,0,20400, 32.41,  0.72, 44.98, 55.36,  7.50, 13.55, 32.29,  0.00,
925,2026-04-11 12:54:24,  7.44,  1.82, 13.34, 24.55, 55.35,  1.95, 10.00,2,40,2000,0,0,20400,2026-04-11 12:56:02, 31.50,  1.87, 43.73,  0.00, 34.35,  3.15,  5.94,2,0,0,0,0,20404,2026-04-11 12:56:14,  1.92,  0.11, 43.73,  0.00, 34.22,  4.20,  5.94,2,0,0,0,0,20404, 82.51,  2.02, 43.73, 56.01,  7.50, 13.34, 34.22,  0.00,
926,2026-04-11 13:02:04, 11.45,  0.67, 44.12,  0.00, 33.73,  3.90,  5.84,2,0,0,0,0,20404,2026-04-11 13:03:22, 13.43,  0.66, 49.07, 25.25, 23.52,  0.00,  4.92,2,10,1000,0,0,20400,2026-04-11 13:03:49,  2.00,  0.10, 49.05, 25.25, 23.38,  1.65,  4.92,2,10,1000,0,0,20400, 32.41,  0.71, 49.07, 34.26,  7.50, 44.12, 23.32,  0.00,
927,2026-04-11 13:08:54,  3.53,  0.39, 29.13, 22.52, 48.40,  2.55, 10.00,2,0,0,0,0,20400,2026-04-11 13:11:29,  8.94,  0.71, 37.61, 27.90, 41.59,  1.35,  7.90,2,0,0,0,0,20400,2026-04-11 13:11:50,  0.96,  0.07, 38.84, 27.81, 40.21,  1.35,  7.49,2,0,0,0,0,20400, 26.55,  0.71, 38.84, 49.09,  7.50, 29.06, 40.21,  0.00,
928,2026-04-11 13:21:34,  2.79,  0.56, 16.29, 24.19, 54.35,  1.50, 10.00,2,0,0,0,0,20400,2026-04-11 13:23:00,  9.18,  1.41, 21.20,  0.00, 52.85,  3.90, 10.00,2,0,0,0,0,20404,2026-04-11 13:23:48,  0.00,  0.00, 21.00,  0.00, 52.81,  2.85, 10.00,2,0,0,0,0,20404, 29.93,  1.52, 21.20, 55.19,  7.50, 16.29, 52.78,  0.00,
929,2026-04-11 13:26:59,  1.52,  0.50, 10.00, 23.49, 55.84,  1.05, 10.00,2,40,2000,0,0,20400,2026-04-11 13:28:20,  5.47,  1.08, 16.49,  0.00, 54.48,  3.15, 10.00,2,0,0,0,0,20404,2026-04-11 13:28:29,  0.00,  0.00, 16.49,  0.00, 54.43,  3.00, 10.00,2,0,0,0,0,20404, 17.84,  1.24, 16.63, 56.57,  7.50, 10.00, 54.43,  0.00,
930,2026-04-11 13:38:39,  1.58,  0.23, 22.26, 22.43, 52.27,  3.45, 10.00,2,0,0,0,0,20400,2026-04-11 13:38:39,  1.58,  0.23, 22.26, 22.43, 52.27,  3.45, 10.00,2,0,0,0,0,20400,2026-04-11 13:41:30,  0.00,  0.00, 16.84, 22.52, 54.31,  4.05, 10.00,2,0,0,0,0,20400,  5.15,  0.23, 22.26, 54.38,  7.50, 16.84, 52.27,  0.00,
931,2026-04-13 07:33:09,  9.28,  0.69, 38.84, 26.49, 40.26,  0.00,  7.49,2,0,0,0,0,20400,2026-04-13 07:34:24, 44.84,  2.45, 46.33, 22.52, 29.66,  0.00,  5.47,2,0,0,0,0,20400,2026-04-13 07:34:47,  0.00,  0.00, 46.87, 22.52, 28.49,  0.00,  5.41,2,0,0,0,0,20400,113.57,  2.58, 46.87, 40.83,  7.50, 38.65, 28.49,  0.00,
932,2026-04-13 07:36:53,  7.79,  0.58, 38.94, 26.75, 40.16,  0.00,  7.45,2,0,0,0,0,20400,2026-04-13 07:37:59, 18.66,  1.06, 44.80, 22.43, 32.40,  0.00,  5.65,2,0,0,0,0,20400,2026-04-13 07:38:16,  0.00,  0.00, 44.76, 22.52, 32.38,  0.00,  5.66,2,0,0,0,0,20400, 47.26,  1.11, 44.80, 40.46,  7.50, 38.94, 32.38,  0.00,
933,2026-04-13 07:54:48, 12.78,  0.99, 38.06, 27.02, 41.10,  0.00,  7.75,2,0,0,0,0,20400,2026-04-13 07:56:19, 26.51,  1.31, 48.98, 22.69, 23.54,  0.00,  4.94,2,10,1000,0,0,20400,2026-04-13 07:56:36,  0.00,  0.00, 49.41, 22.69, 22.20,  0.00,  4.84,2,10,1000,0,0,20400, 64.39,  1.40, 49.41, 41.43,  7.50, 38.01, 22.20,  0.00,
934,2026-04-13 08:04:23,  4.82,  0.43, 34.83, 24.99, 44.17,  0.00,  8.98,2,0,0,0,0,20400,2026-04-13 08:05:08,  4.94,  0.33, 41.39, 22.52, 37.32,  0.00,  6.61,2,0,0,0,0,20400,2026-04-13 08:05:20,  0.00,  0.00, 41.39, 22.52, 37.23,  0.00,  6.61,2,0,0,0,0,20400, 15.07,  0.43, 41.39, 44.38,  7.50, 34.83, 37.23,  0.00,
935,2026-04-13 08:09:04,  5.29,  0.90, 19.11, 27.11, 53.41,  0.00, 10.00,2,0,0,0,0,20400,2026-04-13 08:11:52, 11.30,  1.31, 28.21,360.00, 49.17,  0.00, 10.00,2,0,0,0,0,20400,2026-04-13 08:12:25,  0.00,  0.00, 28.21,360.00, 49.12,  0.00, 10.00,2,0,0,0,0,20400, 36.83,  1.40, 28.21, 55.94,  7.50, 13.34, 49.12,  0.00,
936,2026-04-13 08:15:43,  6.36,  1.07, 19.45, 27.55, 53.30,  0.00, 10.00,2,0,0,0,0,20400,2026-04-13 08:17:25,  9.99,  1.15, 28.33,360.00, 49.14,  0.00, 10.00,2,0,0,0,0,20400,2026-04-13 08:17:47,  0.00,  0.00, 28.45,360.00, 48.95,  0.00, 10.00,2,0,0,0,0,20400, 32.58,  1.16, 28.52, 54.13,  7.50, 19.38, 48.91,  0.00,
937,2026-04-13 08:22:15,  6.05,  1.02, 19.38, 27.73, 53.31,  0.00, 10.00,2,0,0,0,0,20400,2026-04-13 08:25:12, 14.75,  1.71, 28.15,360.00, 49.19,  0.00, 10.00,2,0,0,0,0,20400,2026-04-13 08:25:26,  0.00,  0.00, 28.15,360.00, 49.14,  0.00, 10.00,2,0,0,0,0,20400, 48.07,  1.78, 28.64, 54.06,  7.50, 19.31, 49.14,  0.00,
938,2026-04-13 08:29:06,  7.50,  1.30, 18.83, 27.28, 53.50,  0.00, 10.00,2,0,0,0,0,20400,2026-04-13 08:32:44, 26.34,  2.22, 36.22,  0.00, 43.13,  0.00,  8.41,2,0,0,0,0,20404,2026-04-13 08:33:14,  0.00,  0.00, 34.99,  0.00, 44.11,  0.00,  8.90,2,0,0,0,0,20404, 80.27,  2.30, 36.22, 54.23,  7.50, 18.77, 43.09,  0.00,
939,2026-04-13 08:37:01,  3.37,  0.56, 19.58, 27.46, 53.21,  1.05, 10.00,2,0,0,0,0,20400,2026-04-13 08:39:27, 21.70,  2.02, 34.12,  0.00, 44.94,  0.00,  9.31,2,0,0,0,0,20404,2026-04-13 08:39:41,  0.00,  0.00, 34.56,  0.00, 44.53,  0.00,  9.10,2,0,0,0,0,20404, 68.88,  2.11, 34.61, 54.05,  7.50, 19.51, 44.49,  0.00,
940,2026-04-13 08:45:36,  6.42,  1.05, 19.99, 28.08, 53.08,  0.00, 10.00,2,0,0,0,0,20400,2026-04-13 08:46:56, 11.64,  1.06, 34.50, 22.43, 44.69,  1.20,  9.13,2,0,0,0,0,20400,2026-04-13 08:47:50,  0.00,  0.00, 35.15, 22.43, 43.99,  1.50,  8.84,2,0,0,0,0,20400, 36.66,  1.17, 35.15, 53.80,  7.50, 19.99, 43.99,  0.00,
941,2026-04-13 08:53:01,  3.91,  0.64, 19.85, 27.99, 53.11,  0.00, 10.00,2,0,0,0,0,20400,2026-04-13 08:55:27, 34.89,  1.97, 44.87,  0.00, 32.41,  0.00,  5.64,2,0,0,0,0,20404,2026-04-13 08:56:06,  0.00,  0.00, 45.23,  0.00, 31.69,  0.00,  5.58,2,0,0,0,0,20404, 88.20,  2.13, 45.23, 53.99,  7.50, 19.85, 31.69,  0.00,
942,2026-04-13 09:02:47,  2.75,  0.50, 18.01, 26.84, 53.81,  0.00, 10.00,2,0,0,0,0,20400,2026-04-13 09:04:47,  8.60,  0.61, 39.99,  0.00, 39.12,  0.00,  7.10,2,0,0,0,0,20404,2026-04-13 09:04:59,  0.00,  0.00, 39.99,  0.00, 39.08,  0.00,  7.10,2,0,0,0,0,20404, 24.43,  0.61, 40.40, 55.70,  7.50, 14.61, 38.75,  0.00,
943,2026-04-13 09:08:50,  2.85,  0.63, 14.75, 28.26, 54.81,  0.00, 10.00,2,0,0,0,0,20400,2026-04-13 09:10:59,  5.24,  0.69, 24.87, 22.43, 51.09,  0.00, 10.00,2,0,0,0,0,20400,2026-04-13 09:11:14,  0.00,  0.00, 24.87, 22.52, 51.02,  0.00, 10.00,2,0,0,0,0,20400, 17.09,  0.74, 24.87, 55.67,  7.50, 14.75, 51.02,  0.00,
944,2026-04-13 09:14:26,  4.78,  1.08, 14.47, 27.99, 54.87,  0.00, 10.00,2,0,0,0,0,20400,2026-04-13 09:16:27, 29.90,  1.66, 45.41,  0.00, 31.47,  0.00,  5.56,2,0,0,0,0,20404,2026-04-13 09:16:56,  1.44,  0.08, 45.79,  0.00, 30.69,  0.00,  5.52,2,0,0,0,0,20404, 75.48,  1.68, 45.79, 55.69,  7.50, 14.47, 30.69,  0.00,
945,2026-04-13 09:47:56,  1.50,  0.47, 10.28,335.98, 55.77,  0.00, 10.00,2,40,2000,0,0,20400,2026-04-13 09:49:07,  6.16,  0.57, 34.12,322.56, 44.81,  0.00,  9.31,2,0,0,0,0,20400,2026-04-13 09:49:20,  0.99,  0.09, 35.15,322.47, 43.83,  0.00,  8.84,2,0,0,0,0,20400, 19.55,  0.57, 35.15, 55.99,  7.50, 10.28, 43.83,  0.00,
946,2026-04-14 07:34:49,  4.70,  0.89, 17.19,323.44, 54.20,  1.65, 10.00,2,0,0,0,0,20400,2026-04-14 07:36:37, 16.31,  1.00, 42.97,307.11, 35.47,  0.00,  6.14,2,0,0,0,0,20400,2026-04-14 07:37:19,  0.00,  0.00, 43.09,307.11, 35.14,  0.00,  6.11,2,0,0,0,0,20400, 43.05,  1.06, 43.13, 54.88,  7.50, 17.19, 35.14,  0.00,
947,2026-04-14 07:41:35,  6.33,  1.17, 17.60,322.38, 54.06,  1.80, 10.00,2,0,0,0,0,20400,2026-04-14 07:43:21, 20.54,  1.30, 42.30,306.84, 36.37,  0.00,  6.32,2,0,0,0,0,20400,2026-04-14 07:43:53,  0.00,  0.00, 42.68,306.84, 35.74,  0.00,  6.22,2,0,0,0,0,20400, 54.90,  1.31, 42.68, 54.84,  7.50, 17.60, 35.74,  0.00,
948,2026-04-14 07:52:30,  6.33,  1.21, 17.05,323.00, 54.25,  2.10, 10.00,2,0,0,0,0,20400,2026-04-14 07:54:17, 18.59,  1.32, 39.99,306.40, 39.24,  0.00,  7.10,2,0,0,0,0,20400,2026-04-14 07:55:05,  0.00,  0.00, 40.27,306.40, 38.86,  1.05,  7.01,2,0,0,0,0,20400, 52.81,  1.33, 40.27, 55.02,  7.50, 17.05, 38.86,  0.00,
949,2026-04-14 07:58:31,  4.10,  0.80, 16.70,322.65, 54.35,  2.25, 10.00,2,0,0,0,0,20400,2026-04-14 08:00:10, 22.15,  1.55, 40.27,306.14, 38.97,  0.00,  7.01,2,0,0,0,0,20400,2026-04-14 08:00:57,  0.00,  0.00, 40.22,306.23, 38.89,  0.00,  7.02,2,0,0,0,0,20400, 62.50,  1.56, 40.27, 55.18,  7.50, 16.63, 38.88,  0.00,
950,2026-04-14 08:04:38,  1.69,  0.35, 15.80,322.30, 54.54,  1.50, 10.00,2,0,0,0,0,20400,2026-04-14 08:06:40, 17.77,  1.36, 38.31,306.49, 41.07,  0.00,  7.66,2,0,0,0,0,20400,2026-04-14 08:07:02,  0.00,  0.00, 38.60,306.49, 40.68,  1.20,  7.57,2,0,0,0,0,20400, 52.19,  1.39, 38.60, 55.32,  7.50, 15.80, 40.68,  0.00,
951,2026-04-14 08:10:19,  2.19,  0.64, 11.21,323.62, 55.66,  1.80, 10.00,2,40,2000,0,0,20400,2026-04-14 08:12:24, 39.90,  2.66, 41.26,306.75, 37.70,  1.20,  6.66,2,0,0,0,0,20400,2026-04-14 08:13:19,  0.23,  0.02, 41.44,306.75, 37.38,  0.00,  6.60,2,0,0,0,0,20400,109.61,  2.71, 41.48, 56.52,  7.50, 11.14, 37.32,  0.00,
952,2026-04-14 08:17:08,  0.81,  0.22, 12.00,323.09, 55.51,  1.65, 10.00,2,40,2000,0,0,20400,2026-04-14 08:19:00, 14.84,  0.93, 42.51,305.87, 36.01,  1.20,  6.26,2,0,0,0,0,20400,2026-04-14 08:19:17,  0.50,  0.03, 43.33,305.87, 34.77,  1.50,  6.04,2,0,0,0,0,20400, 39.53,  0.95, 43.33, 56.30,  7.50, 12.00, 34.77,  0.00,
953,2026-04-14 08:24:17,  2.28,  0.63, 11.85,323.18, 55.55,  1.50, 10.00,2,40,2000,0,0,20400,2026-04-14 08:36:22, 20.29,  1.24, 43.13,306.05, 35.17,  0.00,  6.10,2,0,0,0,0,20400,2026-04-14 08:36:56,  1.02,  0.06, 43.69,305.96, 34.23,  0.00,  5.95,2,0,0,0,0,20400, 53.36,  1.24, 43.69, 56.50,  7.50, 11.85, 34.23,  0.00,
954,2026-04-14 08:43:13,  1.90,  0.60, 10.35,324.33, 55.88,  1.50, 10.00,2,40,2000,0,0,20400,2026-04-14 08:45:09, 11.55,  0.64, 45.48,306.58, 31.38,  1.20,  5.55,2,0,0,0,0,20400,2026-04-14 08:45:30,  0.82,  0.05, 45.72,306.58, 30.89,  1.50,  5.53,2,0,0,0,0,20400, 29.17,  0.64, 45.72, 56.54,  7.50, 10.35, 30.89,  0.00,
955,2026-04-14 08:49:07,  2.35,  0.74, 10.35,323.97, 55.87,  1.05, 10.00,2,40,2000,0,0,20400,2026-04-14 08:51:02, 13.00,  0.80, 43.01,306.58, 35.31,  0.00,  6.13,2,0,0,0,0,20400,2026-04-14 08:51:16,  0.00,  0.00, 43.01,306.58, 35.27,  0.00,  6.13,2,0,0,0,0,20400, 34.28,  0.82, 43.01, 56.58,  7.50, 10.28, 35.27,  0.00,
956,2026-04-14 08:56:13,  1.53,  0.20, 25.26,308.17, 50.99,  1.95, 10.00,2,0,0,0,0,20400,2026-04-14 08:57:11,  5.14,  0.33, 42.17,307.20, 36.47,  1.65,  6.35,2,0,0,0,0,20400,2026-04-14 08:57:23,  0.00,  0.00, 42.17,307.20, 36.43,  1.95,  6.35,2,0,0,0,0,20400, 13.76,  0.33, 42.17, 51.11,  7.50, 25.19, 36.43,  0.00,
957,2026-04-14 09:33:14,  8.57,  0.50, 44.08,269.67, 33.76,  1.35,  5.85,2,0,0,0,0,20400,2026-04-14 09:33:18,  8.96,  0.52, 44.08,269.67, 33.84,  1.20,  5.85,2,0,0,0,0,20400,2026-04-14 09:34:41,  0.00,  0.00, 33.34,261.10, 45.61,  1.20,  9.66,2,0,0,0,0,20400, 23.09,  0.57, 44.12, 45.82,  7.50, 33.22, 33.76,  0.00,
958,2026-04-14 09:37:23,  2.97,  0.20, 40.95,260.49, 37.99,  1.35,  6.77,2,0,0,0,0,20400,2026-04-14 09:37:38,  3.88,  0.33, 36.22,260.31, 43.09,  1.20,  8.41,2,0,0,0,0,20400,2026-04-14 09:37:52,  0.00,  0.00, 34.23,260.22, 44.77,  1.05,  9.25,2,0,0,0,0,20400, 11.82,  0.33, 40.95, 44.84,  7.50, 34.23, 37.99,  0.00,
959,2026-04-14 14:14:01,  2.17,  0.54, 13.13,325.12, 55.44,  1.65, 10.00,2,40,2000,0,0,20400,2026-04-14 14:14:02,  2.49,  0.62, 13.13,325.12, 55.45,  1.65, 10.00,2,40,2000,0,0,20400,2026-04-14 14:16:14,  0.00,  0.00, 11.64,348.79, 55.80,  1.05, 10.00,2,40,2000,0,0,20400,  8.12,  0.62, 13.13, 56.56,  7.50, 11.64, 55.44,  0.00,
960,2026-04-14 14:29:21,  4.30,  1.22, 11.50,348.34, 55.86,  0.00, 10.00,2,40,2000,0,0,20400,2026-04-14 14:31:02,  9.00,  1.35, 21.67,359.91, 52.78,  1.35, 10.00,2,0,0,0,0,20400,2026-04-14 14:31:15,  0.00,  0.00, 21.67,359.91, 52.67,  0.00, 10.00,2,0,0,0,0,20400, 29.35,  1.40, 21.73, 56.37,  7.50, 11.35, 52.65,  0.00,
961,2026-04-14 14:38:33,  4.93,  0.76, 21.27,359.91, 52.86,  0.00, 10.00,2,0,0,0,0,20400,2026-04-14 14:38:37, 12.48,  1.91, 21.27,359.91, 52.89,  0.00, 10.00,2,0,0,0,0,20400,2026-04-14 14:40:58,  0.00,  0.00, 12.63, 27.28, 55.43,  1.65, 10.00,2,40,2000,0,0,20400, 40.67,  1.91, 21.33, 55.56,  7.50, 12.63, 52.86,  0.00,
962,2026-04-14 15:00:16,  4.48,  0.44, 32.77, 25.70, 46.05,  1.20,  9.92,2,0,0,0,0,20400,2026-04-14 15:00:25,  6.69,  0.66, 32.77, 25.70, 46.08,  1.20,  9.92,2,0,0,0,0,20400,2026-04-14 15:02:30,  0.00,  0.00, 35.15,  0.00, 44.15,  1.50,  8.84,2,0,0,0,0,20404, 21.76,  0.66, 35.15, 46.97,  7.50, 32.71, 44.15,  0.00,
963,2026-04-14 15:04:36,  8.20,  0.76, 34.23,  0.00, 45.04,  0.00,  9.25,2,0,0,0,0,20404,2026-04-14 15:04:39,  9.33,  0.86, 34.28,  0.00, 45.05,  0.00,  9.23,2,0,0,0,0,20404,2026-04-14 15:05:51,  0.00,  0.00, 21.20,359.91, 52.87,  0.00, 10.00,2,0,0,0,0,20400, 29.53,  0.86, 34.28, 53.00,  7.50, 21.13, 45.01,  0.00,
964,2026-04-15 08:04:18,  5.26,  1.24, 13.77,322.65, 55.07,  0.00, 10.00,2,40,2000,0,0,20400,2026-04-15 08:06:16, 13.39,  1.26, 33.95,311.17, 45.07,  0.00,  9.38,2,0,0,0,0,20400,2026-04-15 08:06:34,  0.00,  0.00, 34.94,311.26, 44.16,  0.00,  8.93,2,0,0,0,0,20400, 42.65,  1.26, 34.94, 55.85,  7.50, 13.77, 44.16,  0.00,
965,2026-04-15 08:24:46,  3.57,  0.25, 40.22,  0.00, 38.88,  0.00,  7.02,2,0,0,0,0,20404,2026-04-15 08:24:46,  3.57,  0.25, 40.22,  0.00, 38.88,  0.00,  7.02,2,0,0,0,0,20404,2026-04-15 08:25:33,  0.00,  0.00, 33.05,  0.00, 45.76,  0.00,  9.79,2,0,0,0,0,20404, 10.07,  0.28, 40.22, 45.86,  7.50, 33.00, 38.88,  0.00,
966,2026-04-15 08:27:31,  6.33,  0.38, 43.73,  0.00, 34.11,  0.00,  5.94,2,0,0,0,0,20404,2026-04-15 08:27:35,  9.39,  0.56, 43.73,  0.00, 34.12,  0.00,  5.94,2,0,0,0,0,20404,2026-04-15 08:28:31,  0.00,  0.00, 32.77,  0.00, 45.93,  0.00,  9.92,2,0,0,0,0,20404, 24.40,  0.56, 43.73, 46.00,  7.50, 32.77, 34.11,  0.00,
967,2026-04-15 08:30:28,  3.14,  0.20, 41.66,  0.00, 37.06,  0.00,  6.52,2,0,0,0,0,20404,2026-04-15 08:30:33,  4.51,  0.30, 41.04,  0.00, 37.87,  0.00,  6.74,2,0,0,0,0,20404,2026-04-15 08:31:14,  0.00,  0.00, 32.49,  0.00, 46.17,  0.00, 10.00,2,0,0,0,0,20404, 12.46,  0.30, 41.66, 46.35,  7.50, 32.37, 37.06,  0.00,
968,2026-04-15 13:48:16,  3.42,  0.53, 21.00,320.53, 52.79,  1.05, 10.00,2,0,0,0,0,20400,2026-04-15 13:48:24,  3.87,  0.60, 20.93,320.62, 52.86,  1.05, 10.00,2,0,0,0,0,20400,2026-04-15 13:51:28,  0.00,  0.00, 20.26,353.20, 53.14,  3.00, 10.00,2,0,0,0,0,20400, 12.63,  0.60, 21.00, 53.78,  7.50, 20.26, 52.79,  0.00,
969,2026-04-15 13:56:17,  3.93,  0.62, 20.73,320.88, 52.86,  0.00, 10.00,2,0,0,0,0,20400,2026-04-15 13:56:25,  6.11,  0.96, 20.73,320.88, 52.92,  1.35, 10.00,2,0,0,0,0,20400,2026-04-15 13:59:46,  0.00,  0.00,  8.49,346.67, 56.21,  0.00, 10.00,2,C0,2000,2000,0,20400, 19.90,  0.96, 20.73, 56.65,  7.50,  8.41, 52.86,  0.00,
970,2026-04-15 14:04:08,  4.20,  0.64, 21.47,320.62, 52.56,  1.05, 10.00,2,0,0,0,0,20400,2026-04-15 14:04:18,  7.77,  1.18, 21.47,320.62, 52.66,  0.00, 10.00,2,0,0,0,0,20400,2026-04-15 14:06:12,  0.36,  0.06, 20.80,343.49, 52.92,  2.25, 10.00,2,0,0,0,0,20400, 25.34,  1.18, 21.53, 53.58,  7.50, 20.80, 52.53,  0.00,
971,2026-04-15 14:09:23,  4.29,  0.66, 21.20,320.62, 52.66,  1.95, 10.00,2,0,0,0,0,20400,2026-04-15 14:09:32,  8.00,  1.23, 21.27,320.62, 52.75,  1.35, 10.00,2,0,0,0,0,20400,2026-04-15 14:12:22,  0.00,  0.00, 12.42,347.99, 55.47,  3.90, 10.00,2,40,2000,0,0,20400, 26.07,  1.23, 21.27, 56.38,  7.50, 12.21, 52.66,  0.00,
972,2026-04-15 14:16:16,  3.22,  0.49, 21.47,320.71, 52.55,  0.00, 10.00,2,0,0,0,0,20400,2026-04-15 14:18:15, 13.02,  1.11, 35.90,340.22, 43.63,  1.35,  8.54,2,0,0,0,0,20400,2026-04-15 14:19:10,  0.00,  0.00, 36.32,340.57, 42.95,  2.70,  8.37,2,0,0,0,0,20400, 39.92,  1.15, 36.32, 53.42,  7.50, 21.40, 42.95,  0.00,
973,2026-04-15 14:23:25,  2.35,  0.36, 21.47,320.79, 52.54,  0.00, 10.00,2,0,0,0,0,20400,2026-04-15 14:23:33,  3.30,  0.50, 21.47,320.71, 52.58,  1.20, 10.00,2,0,0,0,0,20400,2026-04-15 14:25:42,  0.00,  0.00, 16.49,344.46, 54.45,  2.25, 10.00,2,0,0,0,0,20400, 10.75,  0.50, 21.47, 54.50,  7.50, 16.43, 52.54,  0.00,
974,2026-04-15 14:31:11,  2.36,  0.36, 21.33,321.06, 52.60,  4.20, 10.00,2,0,0,0,0,20400,2026-04-15 14:31:26,  7.30,  1.12, 21.20,321.06, 52.68,  3.45, 10.00,2,0,0,0,0,20400,2026-04-15 14:34:07,  0.00,  0.00, 16.29,353.20, 54.54,  4.35, 10.00,2,0,0,0,0,20400, 23.81,  1.12, 21.33, 55.07,  7.50, 16.29, 52.60,  0.00,
975,2026-04-15 14:38:34,  2.40,  0.37, 21.06,320.71, 52.66,  2.25, 10.00,2,0,0,0,0,20400,2026-04-15 14:38:42,  7.89,  1.24, 20.80,320.71, 52.85,  2.55, 10.00,2,0,0,0,0,20400,2026-04-15 14:40:32,  0.07,  0.01, 20.86,343.13, 52.91,  4.80, 10.00,2,0,0,0,0,20400, 25.73,  1.24, 21.06, 53.57,  7.50, 20.80, 52.66,  0.00,
976,2026-04-15 14:44:25,  4.27,  0.65, 21.33,320.53, 52.61,  1.20, 10.00,2,0,0,0,0,20400,2026-04-15 14:44:32,  4.94,  0.76, 21.33,320.53, 52.66,  1.50, 10.00,2,0,0,0,0,20400,2026-04-15 14:46:31,  0.00,  0.00, 19.65,343.31, 53.39,  2.40, 10.00,2,0,0,0,0,20400, 16.11,  0.76, 21.33, 53.87,  7.50, 19.65, 52.61,  0.00,
977,2026-04-15 14:50:19,  1.88,  0.28, 21.53,320.53, 52.47,  3.30, 10.00,2,0,0,0,0,20400,2026-04-15 14:50:40,  7.97,  1.21, 21.40,320.53, 52.62,  1.80, 10.00,2,0,0,0,0,20400,2026-04-15 14:52:47,  0.00,  0.00, 16.91,344.28, 54.33,  3.75, 10.00,2,0,0,0,0,20400, 25.99,  1.21, 21.53, 54.64,  7.50, 16.84, 52.47,  0.00,
978,2026-04-15 14:55:00,  7.30,  0.96, 24.68,341.81, 51.16,  3.30, 10.00,2,0,0,0,0,20400,2026-04-15 14:55:50,  9.21,  1.01, 29.73,341.99, 48.24,  2.25, 10.00,2,0,0,0,0,20400,2026-04-15 14:56:08,  0.73,  0.08, 29.73,341.90, 48.18,  2.70, 10.00,2,0,0,0,0,20400, 30.01,  1.06, 29.73, 51.22,  7.50, 24.68, 48.18,  0.00,
979,2026-04-18 07:54:21, 12.95,  0.95, 39.23,327.95, 39.83,  1.20,  7.36,2,0,0,0,0,20400,2026-04-18 07:56:22, 21.96,  1.04, 49.85,329.27, 21.04,  1.35,  4.74,2,10,1000,0,0,20400,2026-04-18 07:57:12,  0.00,  0.00, 49.96,329.27, 20.57,  1.35,  4.71,2,10,1000,0,0,20400, 51.83,  1.12, 49.98, 40.63,  7.50, 38.99, 20.51,  0.00,
980,2026-04-18 08:07:43,  5.71,  0.80, 23.25,360.00, 51.80,  0.00, 10.00,2,0,0,0,0,20400,2026-04-18 08:08:58,  7.39,  0.93, 26.02, 23.22, 50.32,  0.00, 10.00,2,0,0,0,0,20400,2026-04-18 08:09:18,  0.00,  0.00, 26.02, 23.13, 50.20,  0.00, 10.00,2,0,0,0,0,20400, 24.10,  0.93, 26.02, 52.46,  7.50, 23.18, 50.20,  0.00,
981,2026-04-18 08:12:08,  7.48,  0.84, 29.06,360.00, 48.55,  1.65, 10.00,2,0,0,0,0,20400,2026-04-18 08:13:32, 12.65,  1.01, 37.35, 22.52, 41.88,  1.05,  7.98,2,0,0,0,0,20400,2026-04-18 08:13:54,  0.00,  0.00, 37.05, 22.52, 42.08,  0.00,  8.08,2,0,0,0,0,20400, 37.71,  1.04, 37.35, 49.22,  7.50, 29.00, 41.88,  0.00,
982,2026-04-18 08:17:29,  8.76,  0.88, 32.43,360.00, 46.11,  0.00, 10.00,2,0,0,0,0,20400,2026-04-18 08:18:50, 14.39,  1.05, 39.47, 22.52, 39.58,  0.00,  7.28,2,0,0,0,0,20400,2026-04-18 08:19:17,  0.00,  0.00, 39.71, 22.52, 39.19,  1.05,  7.20,2,0,0,0,0,20400, 41.34,  1.05, 39.71, 46.83,  7.50, 32.37, 39.19,  0.00,
983,2026-04-18 08:23:01,  6.12,  0.58, 33.73,360.00, 45.14,  0.00,  9.48,2,0,0,0,0,20400,2026-04-18 08:24:15, 11.26,  0.84, 38.84, 22.52, 40.29,  1.20,  7.49,2,0,0,0,0,20400,2026-04-18 08:24:34,  0.00,  0.00, 38.84, 22.52, 40.19,  0.00,  7.49,2,0,0,0,0,20400, 32.73,  0.84, 38.89, 45.88,  7.50, 33.56, 40.13,  0.00,
984,2026-04-18 08:28:19, 20.64,  1.27, 42.97,360.00, 35.24,  1.20,  6.14,2,0,0,0,0,20400,2026-04-18 08:28:22, 20.82,  1.28, 42.97,360.00, 35.33,  1.35,  6.14,2,0,0,0,0,20400,2026-04-18 08:31:21,  0.00,  0.00, 34.28, 22.52, 44.59,  1.20,  9.23,2,0,0,0,0,20400, 54.95,  1.30, 42.97, 44.70,  7.50, 34.23, 35.24,  0.00,
985,2026-04-18 08:45:47,  8.30,  0.55, 41.22, 68.87, 37.55,  0.00,  6.67,2,0,0,0,0,20400,2026-04-18 08:47:05, 10.12,  0.56, 45.48, 81.50, 31.14,  0.00,  5.55,2,0,0,0,0,20400,2026-04-18 08:47:25,  0.00,  0.00, 45.48, 81.68, 31.06,  0.00,  5.55,2,0,0,0,0,20400, 25.54,  0.56, 45.48, 38.14,  7.50, 41.22, 31.06,  0.00,
986,2026-04-18 09:07:01,  9.27,  0.49, 47.67, 81.24, 26.96,  0.00,  5.24,2,0,0,0,0,20400,2026-04-18 09:07:02, 10.13,  0.53, 47.67, 81.24, 26.99,  0.00,  5.24,2,0,0,0,0,20400,2026-04-18 09:08:54,  0.00,  0.00, 48.06, 68.52, 26.03,  0.00,  5.15,2,0,0,0,0,20400, 25.33,  0.53, 48.06, 27.73,  7.50, 47.67, 26.03,  0.00,
987,2026-04-18 09:13:32, 10.09,  0.52, 48.06, 68.43, 26.10,  0.00,  5.15,2,0,0,0,0,20400,2026-04-18 09:13:37, 24.02,  1.24, 48.06, 68.43, 26.14,  0.00,  5.15,2,0,0,0,0,20400,2026-04-18 09:16:27,  0.00,  0.00, 47.62, 81.41, 27.01,  0.00,  5.26,2,0,0,0,0,20400, 59.46,  1.24, 48.06, 28.16,  7.50, 47.47, 26.09,  0.00,
988,2026-04-20 09:54:53, 23.16,  1.47, 42.22, 22.52, 36.19,  0.00,  6.34,2,0,0,0,0,20400,2026-04-20 09:54:59, 35.65,  2.28, 42.05, 22.52, 36.45,  0.00,  6.39,2,0,0,0,0,20400,2026-04-20 09:57:44,  0.00,  0.00, 16.49, 47.15, 54.43,  2.85, 10.00,2,0,0,0,0,20400, 95.74,  2.28, 42.22, 55.03,  7.50, 16.49, 36.19,  0.00,
989,2026-04-20 10:37:09,  7.49,  1.26, 19.38, 26.84, 53.29,  0.00, 10.00,2,0,0,0,0,20400,2026-04-20 10:37:22, 16.47,  2.77, 19.38, 26.84, 53.31,  0.00, 10.00,2,0,0,0,0,20400,2026-04-20 10:39:56,  0.00,  0.00, 14.96, 45.83, 54.82,  4.05, 10.00,2,0,0,0,0,20400, 53.69,  2.77, 19.45, 55.12,  7.50, 14.89, 53.29,  0.00,
990,2026-04-20 10:44:09,  5.54,  1.12, 16.08, 27.46, 54.41,  1.35, 10.00,2,0,0,0,0,20400,2026-04-20 10:46:37, 11.95,  2.28, 17.05,  0.00, 54.31,  3.45, 10.00,2,0,0,0,0,20404,2026-04-20 10:46:51,  0.89,  0.17, 17.05,  0.00, 54.28,  2.70, 10.00,2,0,0,0,0,20404, 38.95,  2.28, 17.12, 55.52,  7.50, 15.31, 54.28,  0.00,
991,2026-04-20 10:49:53,  7.98,  1.51, 17.26, 26.05, 54.04,  0.00, 10.00,2,0,0,0,0,20400,2026-04-20 10:50:01, 13.32,  2.52, 17.26, 26.05, 54.05,  0.00, 10.00,2,0,0,0,0,20400,2026-04-20 10:52:37,  0.00,  0.00, 16.77,  0.00, 54.33,  1.50, 10.00,2,0,0,0,0,20404, 43.42,  2.52, 17.39, 54.89,  7.50, 16.70, 54.02,  0.00,
992,2026-04-20 14:06:42,  6.32,  0.50, 37.71, 31.26, 41.45,  0.00,  7.86,2,0,0,0,0,20400,2026-04-20 14:08:02,  9.91,  0.54, 46.99, 34.26, 28.30,  3.00,  5.40,2,0,0,0,0,20400,2026-04-20 14:08:24,  0.00,  0.00, 47.14, 34.26, 27.89,  3.00,  5.37,2,0,0,0,0,20400, 25.15,  0.63, 47.14, 42.22,  7.50, 37.51, 27.89,  0.00,
993,2026-04-20 14:12:14,  4.17,  0.70, 19.45, 25.52, 53.29,  1.05, 10.00,2,0,0,0,0,20400,2026-04-20 14:13:33, 19.89,  1.43, 39.66, 22.52, 39.54,  0.00,  7.21,2,0,0,0,0,20400,2026-04-20 14:13:55,  0.00,  0.00, 40.17, 22.52, 38.87,  0.00,  7.04,2,0,0,0,0,20400, 56.89,  1.50, 40.17, 54.04,  7.50, 19.45, 38.87,  0.00,
994,2026-04-20 14:17:07,  4.78,  0.79, 19.65, 24.55, 53.20,  0.00, 10.00,2,0,0,0,0,20400,2026-04-20 14:19:01, 40.81,  2.15, 47.59, 22.52, 27.15,  2.85,  5.26,2,0,0,0,0,20400,2026-04-20 14:19:18,  0.00,  0.00, 47.70, 22.52, 26.82,  3.45,  5.24,2,0,0,0,0,20400,102.22,  2.21, 47.70, 54.00,  7.50, 19.58, 26.82,  0.00,
995,2026-04-20 14:22:25,  5.50,  0.92, 19.51, 24.90, 53.25,  0.00, 10.00,2,0,0,0,0,20400,2026-04-20 14:24:13, 28.63,  2.06, 39.71,  0.00, 39.50,  1.35,  7.20,2,0,0,0,0,20404,2026-04-20 14:24:31,  0.00,  0.00, 40.13,  0.00, 38.92,  1.80,  7.06,2,0,0,0,0,20404, 81.82,  2.24, 40.13, 54.01,  7.50, 19.51, 38.92,  0.00,
996,2026-04-20 14:27:04,  3.48,  0.58, 19.65, 24.55, 53.20,  0.00, 10.00,2,0,0,0,0,20400,2026-04-20 14:28:35, 19.80,  1.38, 40.40,  0.00, 38.77,  2.25,  6.96,2,0,0,0,0,20404,2026-04-20 14:29:02,  0.00,  0.00, 40.40,  0.00, 38.59,  2.25,  6.96,2,0,0,0,0,20404, 55.66,  1.48, 40.45, 54.03,  7.50, 19.58, 38.59,  0.00,
997,2026-04-20 14:31:57,  4.06,  0.86, 15.45, 25.70, 54.61,  1.35, 10.00,2,0,0,0,0,20400,2026-04-20 14:33:35, 24.08,  1.81, 38.70,  0.00, 40.61,  2.85,  7.53,2,0,0,0,0,20404,2026-04-20 14:33:56,  0.00,  0.00, 39.09,  0.00, 40.12,  3.00,  7.40,2,0,0,0,0,20404, 70.20,  1.81, 39.09, 55.42,  7.50, 15.45, 40.12,  0.00,
998,2026-04-20 14:36:21,  3.56,  0.75, 15.52, 25.87, 54.60,  0.00, 10.00,2,0,0,0,0,20400,2026-04-20 14:37:57, 18.32,  1.34, 39.42,  0.00, 39.83,  2.55,  7.29,2,0,0,0,0,20404,2026-04-20 14:38:22,  0.00,  0.00, 39.75,  0.00, 39.36,  3.00,  7.18,2,0,0,0,0,20404, 52.66,  1.37, 39.80, 55.41,  7.50, 15.52, 39.30,  0.00,
999,2026-04-20 14:40:55,  4.06,  0.87, 15.24, 25.96, 54.70,  0.00, 10.00,2,0,0,0,0,20400,2026-04-20 14:42:02,  7.48,  0.84, 28.94, 22.52, 48.78,  1.35, 10.00,2,0,0,0,0,20400,2026-04-20 14:42:27,  0.00,  0.00, 29.00, 22.52, 48.63,  4.20, 10.00,2,0,0,0,0,20400, 24.38,  0.87, 29.06, 55.49,  7.50, 15.24, 48.63,  0.00,
1000,2026-04-20 14:44:43,  4.92,  1.07, 15.03, 25.87, 54.72,  1.05, 10.00,2,0,0,0,0,20400,2026-04-20 14:46:01, 16.49,  2.67, 20.12, 22.52, 53.24,  1.65, 10.00,2,0,0,0,0,20400,2026-04-20 14:46:31,  0.00,  0.00, 20.06, 22.52, 53.20,  2.25, 10.00,2,0,0,0,0,20400, 53.77,  2.80, 20.60, 55.48,  7.50, 15.03, 53.18,  0.00,
1001,2026-04-20 14:49:16,  4.45,  0.96, 15.17, 25.61, 54.71,  0.00, 10.00,2,0,0,0,0,20400,2026-04-20 14:50:46, 14.41,  1.03, 39.89,  0.00, 39.28,  1.65,  7.14,2,0,0,0,0,20404,2026-04-20 14:51:09,  0.00,  0.00, 40.17,  0.00, 38.87,  2.10,  7.04,2,0,0,0,0,20404, 41.03,  1.07, 40.22, 55.49,  7.50, 15.17, 38.82,  0.00,
1002,2026-04-20 14:53:55,  8.22,  1.10, 24.42, 24.37, 51.17,  0.00, 10.00,2,0,0,0,0,20400,2026-04-20 14:55:43, 20.61,  1.30, 42.39,  0.00, 36.14,  2.40,  6.30,2,0,0,0,0,20404,2026-04-20 14:55:57,  0.00,  0.00, 42.39,  0.00, 36.06,  2.55,  6.30,2,0,0,0,0,20404, 55.01,  1.40, 42.51, 51.83,  7.50, 24.42, 36.06,  0.00,
1003,2026-04-20 14:59:01,  6.86,  0.87, 25.83, 24.55, 50.41,  0.00, 10.00,2,0,0,0,0,20400,2026-04-20 15:00:38, 34.50,  2.57, 38.99,  0.00, 40.37,  1.65,  7.44,2,0,0,0,0,20404,2026-04-20 15:01:14,  0.00,  0.00, 39.18,  0.00, 39.99,  1.65,  7.37,2,0,0,0,0,20404,100.03,  2.61, 39.47, 51.38,  7.50, 25.45, 39.99,  0.00,
1004,2026-04-20 15:04:06,  4.06,  0.51, 26.02, 24.64, 50.29,  0.00, 10.00,2,0,0,0,0,20400,2026-04-20 15:06:22, 36.08,  1.96, 46.62, 22.52, 29.22,  1.65,  5.44,2,0,0,0,0,20400,2026-04-20 15:06:52, 10.35,  0.56, 46.71, 22.52, 28.97,  2.40,  5.43,2,0,0,0,0,20400, 91.46,  2.31, 46.71, 51.43,  7.50, 25.39, 28.97,  0.00,
1005,2026-04-20 15:10:06,  9.31,  1.16, 26.21, 24.46, 50.19,  0.00, 10.00,2,0,0,0,0,20400,2026-04-20 15:11:25, 18.60,  2.01, 30.15,  0.00, 47.96,  3.75, 10.00,2,0,0,0,0,20404,2026-04-20 15:11:47,  0.00,  0.00, 30.39,  0.00, 47.73,  2.85, 10.00,2,0,0,0,0,20404, 60.64,  2.09, 30.39, 50.94,  7.50, 26.15, 47.73,  0.00,
1006,2026-04-20 15:14:13,  6.72,  0.87, 25.32, 24.37, 50.69,  2.10, 10.00,2,0,0,0,0,20400,2026-04-20 15:15:29, 13.59,  0.94, 40.49,  0.00, 38.58,  2.70,  6.93,2,0,0,0,0,20404,2026-04-20 15:15:54,  0.00,  0.00, 40.63,  0.00, 38.37,  3.30,  6.88,2,0,0,0,0,20404, 38.11,  0.95, 40.63, 51.53,  7.50, 25.26, 38.37,  0.00,
1007,2026-04-20 15:19:30,  2.86,  0.38, 24.55, 24.11, 51.01,  1.80, 10.00,2,0,0,0,0,20400,2026-04-20 15:21:30, 26.90,  1.97, 39.37,  0.00, 39.88,  1.05,  7.31,2,0,0,0,0,20404,2026-04-20 15:21:50,  0.00,  0.00, 39.75,  0.00, 39.37,  0.00,  7.18,2,0,0,0,0,20404, 77.40,  2.08, 39.75, 51.89,  7.50, 24.36, 39.37,  0.00,
1008,2026-04-20 15:24:38,  2.39,  0.37, 20.93, 23.84, 52.71,  0.00, 10.00,2,0,0,0,0,20400,2026-04-20 15:25:43,  4.43,  0.39, 35.42,  0.00, 43.81,  3.45,  8.73,2,0,0,0,0,20404,2026-04-20 15:25:55,  0.00,  0.00, 35.42,  0.00, 43.75,  2.70,  8.73,2,0,0,0,0,20404, 13.71,  0.39, 35.42, 53.37,  7.50, 20.93, 43.75,  0.00,
1009,2026-04-20 15:28:00,  6.76,  0.50, 39.23,  0.00, 40.15,  4.05,  7.36,2,0,0,0,0,20404,2026-04-20 15:28:00,  6.76,  0.50, 39.23,  0.00, 40.15,  4.05,  7.36,2,0,0,0,0,20404,2026-04-20 15:29:12,  0.00,  0.00, 24.81, 24.55, 51.01,  0.00, 10.00,2,0,0,0,0,20400, 19.50,  0.50, 39.28, 51.32,  7.50, 24.81, 40.11,  0.00,
1010,2026-04-20 15:30:47,  4.94,  0.91, 17.67, 23.93, 53.90,  2.70, 10.00,2,0,0,0,0,20400,2026-04-20 15:32:02, 12.57,  1.10, 35.37,  0.00, 43.86,  2.70,  8.75,2,0,0,0,0,20404,2026-04-20 15:32:23,  0.00,  0.00, 35.10,  0.00, 44.01,  4.20,  8.86,2,0,0,0,0,20404, 38.92,  1.14, 35.42, 54.61,  7.50, 17.67, 43.84,  0.00,
1011,2026-04-20 15:39:05, 13.40,  1.94, 22.53, 25.17, 52.23,  1.20, 10.00,2,0,0,0,0,20400,2026-04-20 15:40:12, 22.77,  1.97, 35.58,  0.00, 43.93,  3.15,  8.67,2,0,0,0,0,20404,2026-04-20 15:40:38,  0.00,  0.00, 35.58,  0.00, 43.73,  3.90,  8.67,2,0,0,0,0,20404, 70.22,  2.00, 35.58, 52.92,  7.50, 22.53, 43.73,  0.00,
1012,2026-04-20 15:45:51,  4.66,  0.39, 36.48,  0.00, 43.04,  6.60,  8.31,2,0,0,0,0,20404,2026-04-20 15:45:54,  5.12,  0.43, 36.11,  0.00, 43.53,  6.60,  8.46,2,0,0,0,0,20404,2026-04-20 15:47:09,  0.00,  0.00, 23.71, 24.37, 51.59,  1.50, 10.00,2,0,0,0,0,20400, 15.62,  0.49, 36.48, 52.41,  7.50, 23.71, 43.04,  0.00,
1013,2026-04-20 15:50:02,  9.96,  1.41, 23.05, 24.46, 52.02,  2.25, 10.00,2,0,0,0,0,20400,2026-04-20 15:51:03, 14.69,  1.40, 33.56,  0.00, 45.53,  4.65,  9.56,2,0,0,0,0,20404,2026-04-20 15:51:12,  0.00,  0.00, 33.67,  0.00, 45.36,  4.80,  9.51,2,0,0,0,0,20404, 47.12,  1.41, 33.67, 52.65,  7.50, 23.05, 45.36,  0.00,
1014,2026-04-21 07:29:24, 16.25,  1.62, 32.71, 33.29, 45.94,  0.00,  9.95,2,0,0,0,0,20400,2026-04-21 07:31:32, 22.62,  1.64, 39.61, 44.59, 39.74,  0.00,  7.23,2,0,0,0,0,20400,2026-04-21 07:32:40,  0.00,  0.00, 40.08, 44.68, 39.03,  0.00,  7.07,2,0,0,0,0,20400, 64.79,  1.78, 40.08, 47.08,  7.50, 32.43, 39.03,  0.00,
1015,2026-04-21 08:02:57,  2.26,  0.38, 19.24, 24.37, 53.32,  0.00, 10.00,2,0,0,0,0,20400,2026-04-21 08:05:26,  4.24,  0.43, 32.20, 72.67, 46.42,  0.00, 10.00,2,0,0,0,0,20400,2026-04-21 08:05:38,  0.00,  0.00, 32.20, 72.67, 46.34,  0.00, 10.00,2,0,0,0,0,20400, 13.81,  0.53, 32.20, 54.18,  7.50, 19.24, 46.34,  0.00,
1016,2026-04-21 08:11:49,  9.50,  1.89, 16.36, 47.86, 54.40,  1.80, 10.00,2,0,0,0,0,20400,2026-04-21 08:14:38, 18.65,  2.14, 28.45, 70.02, 49.00,  0.00, 10.00,2,0,0,0,0,20400,2026-04-21 08:15:13,  0.00,  0.00, 28.88, 69.93, 48.66,  0.00, 10.00,2,0,0,0,0,20400, 60.80,  2.23, 28.88, 55.21,  7.50, 16.29, 48.66,  0.00,
1017,2026-04-21 08:19:04,  2.20,  0.49, 14.75, 84.94, 54.79,  0.00, 10.00,2,0,0,0,0,20400,2026-04-21 08:21:19,  5.17,  0.41, 37.51, 74.08, 41.83,  1.65,  7.93,2,0,0,0,0,20400,2026-04-21 08:21:45,  0.00,  0.00, 38.40, 74.08, 40.80,  0.00,  7.63,2,0,0,0,0,20400, 15.37,  0.49, 38.40, 55.68,  7.50, 14.75, 40.80,  0.00,
1018,2026-04-21 08:33:04,  6.28,  1.48, 13.84, 45.74, 55.09,  1.95, 10.00,2,40,2000,0,0,20400,2026-04-21 08:35:19, 14.09,  2.67, 17.19, 70.99, 54.28,  1.65, 10.00,2,0,0,0,0,20400,2026-04-21 08:36:12,  0.00,  0.00, 17.39, 70.99, 54.05,  1.35, 10.00,2,0,0,0,0,20400, 45.92,  2.79, 17.39, 55.72,  7.50, 13.48, 54.05,  0.00,
1019,2026-04-21 08:43:35,  5.59,  0.35, 42.60, 93.51, 35.67,  2.40,  6.24,2,0,0,0,0,20400,2026-04-21 08:43:35,  5.78,  0.36, 42.60, 93.51, 35.68,  2.40,  6.24,2,0,0,0,0,20400,2026-04-21 08:44:35,  0.91,  0.10, 29.91, 81.77, 48.98,  1.05, 10.00,2,0,0,0,0,20400, 15.36,  0.36, 42.60, 48.98,  7.50, 29.91, 35.67,  0.00,
1020,2026-04-21 10:29:11,  6.06,  0.37, 43.21, 26.93, 34.79,  0.00,  6.08,2,0,0,0,0,20400,2026-04-21 10:29:16,  6.31,  0.38, 43.21, 26.93, 34.88,  1.05,  6.08,2,0,0,0,0,20400,2026-04-21 10:29:36,  1.96,  0.15, 38.06, 26.93, 41.92,  0.00,  7.75,2,0,0,0,0,20400, 16.56,  0.38, 43.25, 41.92,  7.50, 38.06, 34.73,  0.00,
1021,2026-04-21 10:35:35,  2.93,  0.18, 43.17, 26.05, 34.83,  3.15,  6.09,2,0,0,0,0,20400,2026-04-21 10:35:38,  5.73,  0.35, 43.13, 26.05, 34.92,  2.85,  6.10,2,0,0,0,0,20400,2026-04-21 10:36:26,  0.94,  0.09, 34.17, 22.52, 45.52,  0.00,  9.28,2,0,0,0,0,20400, 15.06,  0.35, 43.17, 45.52,  7.50, 34.17, 34.83,  0.00,
1022,2026-04-21 10:41:53,  6.49,  0.39, 43.21, 25.34, 34.81,  0.00,  6.08,2,0,0,0,0,20400,2026-04-21 10:41:56,  8.26,  0.50, 43.25, 25.43, 34.82,  0.00,  6.07,2,0,0,0,0,20400,2026-04-21 10:42:41,  1.89,  0.17, 34.66, 22.52, 45.25,  1.95,  9.05,2,0,0,0,0,20400, 21.67,  0.50, 43.25, 45.29,  7.50, 34.61, 34.76,  0.00,
1023,2026-04-21 10:54:09,  5.86,  0.34, 44.39, 26.05, 33.00,  1.05,  5.76,2,0,0,0,0,20400,2026-04-21 10:54:13,  7.49,  0.44, 44.16, 26.05, 33.49,  1.05,  5.82,2,0,0,0,0,20400,2026-04-21 10:54:55,  1.71,  0.14, 36.11, 22.52, 43.96,  4.95,  8.46,2,0,0,0,0,20400, 19.27,  0.44, 44.39, 43.96,  7.50, 36.11, 33.00,  0.00,
1024,2026-04-21 13:09:50, 13.92,  0.84, 43.41, 35.14, 34.52,  2.10,  6.02,2,0,0,0,0,20400,2026-04-21 13:09:53, 15.75,  0.95, 43.41, 35.14, 34.58,  2.55,  6.02,2,0,0,0,0,20400,2026-04-21 13:12:48,  0.00,  0.00, 21.06,360.00, 52.79,  7.20, 10.00,2,0,0,0,0,20400, 41.19,  0.95, 43.41, 53.66,  7.50, 20.60, 34.52,  0.00,
1025,2026-04-21 13:15:10,  5.41,  0.50, 34.06,  0.00, 45.16,  3.30,  9.33,2,0,0,0,0,20404,2026-04-21 13:16:58,  7.54,  0.50, 41.31, 26.05, 37.57,  1.65,  6.64,2,0,0,0,0,20400,2026-04-21 13:17:09,  0.00,  0.00, 41.31, 26.14, 37.47,  1.80,  6.64,2,0,0,0,0,20400, 20.69,  0.50, 41.31, 45.70,  7.50, 34.06, 37.47,  0.00,
1026,2026-04-21 13:23:30, 30.55,  2.14, 40.27, 26.84, 38.82,  1.50,  7.01,2,0,0,0,0,20400,2026-04-21 13:25:11, 35.63,  2.51, 40.17,  0.00, 39.08,  2.70,  7.04,2,0,0,0,0,20404,2026-04-21 13:25:34,  0.00,  0.00, 40.49,  0.00, 38.63,  4.65,  6.93,2,0,0,0,0,20404,100.77,  2.51, 40.49, 47.71,  7.50, 31.74, 38.63,  0.00,
1027,2026-04-21 13:34:33,  6.16,  0.41, 41.26,  0.00, 37.78,  1.95,  6.66,2,0,0,0,0,20404,2026-04-21 13:36:29,  7.96,  0.44, 45.23, 34.88, 31.78,  1.80,  5.58,2,0,0,0,0,20400,2026-04-21 13:36:44,  0.00,  0.00, 45.44, 34.88, 31.29,  1.05,  5.56,2,0,0,0,0,20400, 20.08,  0.44, 45.44, 46.99,  7.50, 32.60, 31.29,  0.00,
1028,2026-04-21 14:11:44, 11.98,  1.05, 35.31,341.81, 43.90,  4.95,  8.77,2,0,0,0,0,20400,2026-04-21 14:11:53, 19.81,  1.74, 35.31,341.81, 43.95,  3.90,  8.77,2,0,0,0,0,20400,2026-04-21 14:13:53,  0.00,  0.00, 31.74,355.67, 46.77,  3.00, 10.00,2,0,0,0,0,20400, 61.38,  1.74, 35.37, 46.82,  7.50, 31.74, 43.85,  0.00,
1029,2026-04-21 14:18:02, 15.73,  1.24, 37.71,341.19, 41.64,  2.55,  7.86,2,0,0,0,0,20400,2026-04-21 14:18:20, 17.85,  1.40, 37.71,341.72, 41.67,  3.75,  7.86,2,0,0,0,0,20400,2026-04-21 14:20:22,  0.00,  0.00, 29.43,356.11, 48.38,  4.35, 10.00,2,0,0,0,0,20400, 52.95,  1.40, 37.71, 48.84,  7.50, 29.37, 41.64,  0.00,
1030,2026-04-21 14:27:34, 29.85,  1.84, 42.93,332.19, 35.36,  2.55,  6.15,2,0,0,0,0,20400,2026-04-21 14:29:30, 35.67,  2.05, 44.50,319.47, 33.02,  1.35,  5.73,2,0,0,0,0,20400,2026-04-21 14:29:48,  0.00,  0.00, 44.94,319.38, 32.17,  0.00,  5.62,2,0,0,0,0,20400, 91.02,  2.05, 44.94, 35.99,  7.50, 42.93, 32.17,  0.00,
1031,2026-04-21 14:40:38,  9.34,  0.52, 45.72,319.47, 30.92,  0.00,  5.53,2,0,0,0,0,20400,2026-04-21 14:40:38,  9.34,  0.52, 45.72,319.47, 30.92,  0.00,  5.53,2,0,0,0,0,20400,2026-04-21 14:43:16,  0.00,  0.00, 44.54,331.83, 32.85,  1.20,  5.72,2,0,0,0,0,20400, 23.60,  0.52, 45.72, 32.87,  7.50, 44.54, 30.88,  0.00,
1032,2026-04-21 14:47:32,  8.22,  0.67, 36.94,314.97, 42.37,  0.00,  8.12,2,0,0,0,0,20400,2026-04-21 14:47:32,  8.27,  0.67, 36.94,314.97, 42.40,  0.00,  8.12,2,0,0,0,0,20400,2026-04-21 14:49:18,  0.00,  0.00, 20.46,305.87, 53.12,  2.25, 10.00,2,0,0,0,0,20400, 24.82,  0.67, 37.00, 54.13,  7.50, 19.99, 42.37,  0.00,
1033,2026-04-21 15:22:04, 21.47,  1.28, 43.73,332.19, 34.18,  1.65,  5.94,2,0,0,0,0,20400,2026-04-21 15:23:32, 25.39,  1.44, 44.76,319.47, 32.60,  2.25,  5.66,2,0,0,0,0,20400,2026-04-21 15:23:52,  0.00,  0.00, 45.30,319.47, 31.57,  1.50,  5.57,2,0,0,0,0,20400, 64.38,  1.45, 45.30, 34.85,  7.50, 43.69, 31.57,  0.00,
1034,2026-04-22 08:22:37, 15.75,  0.92, 44.04,325.39, 33.51,  0.00,  5.86,2,0,0,0,0,20400,2026-04-22 08:25:24, 18.98,  1.06, 45.41,304.46, 31.42,  1.65,  5.56,2,0,0,0,0,20400,2026-04-22 08:25:43,  0.00,  0.00, 45.65,304.46, 30.89,  1.50,  5.53,2,0,0,0,0,20400, 48.64,  1.10, 45.65, 34.38,  2.25, 44.04, 30.89,  0.00,
1035,2026-04-22 09:17:41,  2.47,  0.41, 19.85,290.42, 53.30,  0.00, 10.00,2,0,0,0,0,20400,2026-04-22 09:19:54,  6.28,  0.51, 36.84,278.68, 42.50,  0.00,  8.16,2,0,0,0,0,20400,2026-04-22 09:20:05,  0.00,  0.00, 36.84,278.76, 42.44,  0.00,  8.16,2,0,0,0,0,20400, 18.87,  0.51, 37.10, 53.88,  2.25, 19.79, 42.35,  0.00,
1036,2026-04-22 09:58:28,  1.34,  0.27, 16.22,294.75, 54.59,  0.00, 10.00,2,0,0,0,0,20400,2026-04-22 10:00:34,  3.30,  0.30, 34.83,277.17, 44.37,  0.00,  8.98,2,0,0,0,0,20400,2026-04-22 10:00:47,  0.00,  0.00, 35.21,277.17, 43.98,  0.00,  8.82,2,0,0,0,0,20400, 10.31,  0.30, 35.21, 55.08,  2.25, 16.22, 43.98,  0.00,
1037,2026-04-22 13:57:36,  4.52,  1.10, 13.34,265.17, 55.14,  1.50, 10.00,2,40,2000,0,0,20400,2026-04-22 13:59:13, 19.07,  1.13, 43.69,268.52, 34.06,  0.00,  5.95,2,0,0,0,0,20400,2026-04-22 13:59:33,  0.00,  0.00, 43.93,268.52, 33.65,  1.35,  5.89,2,0,0,0,0,20400, 49.58,  1.24, 43.96, 55.31,  2.25, 13.34, 33.60,  0.00,
1038,2026-04-22 15:12:08, 19.94,  1.38, 40.49,277.53, 38.55,  3.30,  6.93,2,0,0,0,0,20400,2026-04-22 15:12:17, 25.32,  1.80, 40.03,277.53, 39.13,  3.00,  7.09,2,0,0,0,0,20400,2026-04-22 15:14:35,  0.00,  0.00, 33.11,290.60, 45.74,  3.60,  9.77,2,0,0,0,0,20400, 71.86,  1.80, 40.49, 46.16,  3.60, 32.88, 38.55,  0.00,
1039,2026-04-22 15:18:18, 17.59,  1.31, 39.04,278.68, 40.21,  2.25,  7.42,2,0,0,0,0,20400,2026-04-22 15:18:24, 23.73,  1.77, 38.94,278.68, 40.36,  2.70,  7.45,2,0,0,0,0,20400,2026-04-22 15:20:47,  0.00,  0.00, 21.00,293.77, 52.86,  5.10, 10.00,2,0,0,0,0,20400, 68.87,  1.77, 39.04, 53.50,  5.10, 20.26, 40.21,  0.00,
1040,2026-04-22 15:23:28,  2.86,  0.85, 10.93,292.72, 55.86,  2.85, 10.00,2,40,2000,0,0,20400,2026-04-22 15:24:30,  4.23,  0.86, 16.08,293.25, 54.63,  4.05, 10.00,2,0,0,0,0,20400,2026-04-22 15:24:43,  0.00,  0.00, 16.08,293.25, 54.57,  2.55, 10.00,2,0,0,0,0,20400, 13.79,  0.86, 16.15, 55.97,  5.10, 10.93, 54.54,  0.00,
1041,2026-04-22 15:27:01,  3.56,  0.55, 21.27,280.97, 52.80,  2.85, 10.00,2,0,0,0,0,20400,2026-04-22 15:27:01,  3.56,  0.55, 21.27,280.97, 52.80,  2.85, 10.00,2,0,0,0,0,20400,2026-04-22 15:28:00,  0.00,  0.00, 11.35,284.15, 55.68,  4.50, 10.00,2,40,2000,0,0,20400, 11.62,  0.58, 21.33, 56.00,  5.10, 11.35, 52.78,  0.00,
1042,2026-04-22 15:29:06,  2.62,  0.73, 11.64,284.15, 55.63,  3.75, 10.00,2,40,2000,0,0,20400,2026-04-22 15:30:12,  5.70,  0.95, 19.58,289.54, 53.43,  4.50, 10.00,2,0,0,0,0,20400,2026-04-22 15:30:19,  0.00,  0.00, 19.58,289.54, 53.39,  3.90, 10.00,2,0,0,0,0,20400, 18.58,  1.08, 19.58, 55.90,  5.40, 11.64, 53.39,  0.00,
1043,2026-04-23 09:09:26,  4.48,  0.74, 19.65,270.46, 53.25,  3.00, 10.00,2,0,0,0,0,20400,2026-04-23 09:11:49,  6.58,  0.72, 29.91,288.92, 48.05,  0.00, 10.00,2,0,0,0,0,20400,2026-04-23 09:13:15,  0.00,  0.00, 30.33,288.92, 47.72,  1.20, 10.00,2,0,0,0,0,20400, 21.45,  0.76, 30.33, 54.17,  5.40, 19.58, 47.72,  0.00,
1044,2026-04-23 10:49:21,  3.68,  0.67, 17.88,261.81, 53.83,  2.85, 10.00,2,0,0,0,0,20400,2026-04-23 10:51:24,  5.39,  0.74, 23.64,243.62, 51.66,  3.60, 10.00,2,0,0,0,0,20400,2026-04-23 10:51:32,  0.00,  0.00, 23.84,243.62, 51.51,  3.75, 10.00,2,0,0,0,0,20400, 17.59,  0.78, 23.84, 54.63,  5.40, 17.88, 51.51,  0.00,
1045,2026-04-23 10:56:18,  1.58,  0.29, 17.81,261.02, 53.87,  3.90, 10.00,2,0,0,0,0,20400,2026-04-23 10:58:20,  4.76,  0.37, 38.11,243.44, 41.20,  1.35,  7.73,2,0,0,0,0,20400,2026-04-23 10:58:37,  0.00,  0.00, 38.31,243.44, 40.94,  0.00,  7.66,2,0,0,0,0,20400, 14.03,  0.37, 38.35, 54.70,  5.40, 17.81, 40.89,  0.00,
1046,2026-04-23 13:34:06,  7.82,  0.67, 35.90,191.70, 43.21,  3.00,  8.54,2,0,0,0,0,20400,2026-04-23 13:34:13, 10.13,  0.87, 35.90,191.70, 43.26,  3.30,  8.54,2,0,0,0,0,20400,2026-04-23 13:36:32,  0.00,  0.00, 26.21,219.87, 50.23,  1.35, 10.00,2,0,0,0,0,20400, 31.06,  0.87, 35.95, 51.17,  5.40, 26.15, 43.16,  0.00,
1047,2026-04-23 13:40:10,  7.45,  0.64, 35.85,192.05, 43.25,  2.85,  8.56,2,0,0,0,0,20400,2026-04-23 13:40:16, 10.77,  0.92, 35.85,192.05, 43.26,  2.25,  8.56,2,0,0,0,0,20400,2026-04-23 13:42:28,  0.00,  0.00, 25.70,220.13, 50.49,  3.15, 10.00,2,0,0,0,0,20400, 33.06,  0.92, 35.85, 51.73,  5.40, 25.39, 43.25,  0.00,
1048,2026-04-23 13:45:13,  1.78,  0.55, 10.64,202.03, 55.74,  2.70, 10.00,2,40,2000,0,0,20400,2026-04-23 13:46:55, 19.03,  2.09, 29.61,221.90, 48.22,  0.00, 10.00,2,0,0,0,0,20400,2026-04-23 13:47:14,  0.00,  0.00, 29.73,221.90, 48.09,  0.00, 10.00,2,0,0,0,0,20400, 62.03,  2.11, 30.09, 56.49,  5.40, 10.57, 48.09,  0.00,
1049,2026-04-23 13:49:53,  1.98,  0.71,  9.06,200.88, 56.01,  2.25, 10.00,2,C0,2000,2000,0,20400,2026-04-23 13:52:23, 34.89,  1.97, 44.83,217.75, 32.51,  2.55,  5.64,2,0,0,0,0,20400,2026-04-23 13:52:51,  0.00,  0.00, 45.48,217.66, 31.23,  1.80,  5.55,2,0,0,0,0,20400, 88.30,  2.11, 45.48, 56.79,  5.40,  8.99, 31.23,  0.00,
1050,2026-04-23 13:57:33,  1.51,  0.41, 12.14,201.85, 55.42,  2.25, 10.00,2,40,2000,0,0,20400,2026-04-23 13:59:45, 67.37,  4.21, 42.55,217.40, 36.13,  0.00,  6.25,2,80000,2000000,0,0,20400,2026-04-23 14:01:20,  0.00,  0.00, 42.68,218.01, 35.64,  3.45,  6.22,2,0,0,0,0,20400,179.26,  4.38, 42.68, 56.28,  5.40, 11.85, 35.64,  0.00,
1051,2026-04-23 14:04:35,  2.04,  0.56, 11.85,201.85, 55.49,  2.10, 10.00,2,40,2000,0,0,20400,2026-04-23 14:07:20, 35.23,  1.99, 44.83,217.75, 32.41,  2.70,  5.64,2,0,0,0,0,20400,2026-04-23 14:07:59,  0.00,  0.00, 43.69,217.66, 34.16,  2.40,  5.95,2,0,0,0,0,20400, 89.15,  2.04, 45.27, 56.30,  5.40, 11.78, 31.76,  0.00,
1052,2026-04-23 14:13:07,  3.28,  1.21,  8.85,200.44, 56.08,  1.80, 10.00,2,C0,2000,2000,0,20400,2026-04-23 14:15:16, 19.55,  1.20, 42.93,217.13, 35.40,  1.65,  6.15,2,0,0,0,0,20400,2026-04-23 14:15:37,  0.00,  0.00, 42.47,217.13, 35.94,  0.00,  6.27,2,0,0,0,0,20400, 51.64,  1.24, 43.73, 56.92,  5.40,  8.85, 34.58,  0.00,
1053,2026-04-23 14:18:49,  0.87,  0.28, 10.28,200.62, 55.80,  1.20, 10.00,2,40,2000,0,0,20400,2026-04-23 14:20:13,  9.43,  1.86, 16.49,215.28, 55.04,  1.50, 10.00,2,0,0,0,0,20400,2026-04-23 14:21:20,  0.00,  0.00, 11.92,222.96, 55.57,  1.05, 10.00,2,40,2000,0,0,20400, 30.74,  2.13, 16.56, 56.52,  5.40, 10.28, 55.02,  0.00,
1054,2026-04-23 14:23:47,  1.22,  0.34, 11.78,204.59, 55.56,  4.05, 10.00,2,40,2000,0,0,20400,2026-04-23 14:23:47,  1.22,  0.34, 11.78,204.59, 55.56,  4.05, 10.00,2,40,2000,0,0,20400,2026-04-23 14:25:09,  0.00,  0.00, 11.78,223.22, 55.61,  2.55, 10.00,2,40,2000,0,0,20400,  3.98,  0.34, 11.85, 56.32,  5.40, 11.78, 55.56,  0.00,
1055,2026-04-23 14:27:26,  3.16,  0.89, 11.57,204.50, 55.60,  0.00, 10.00,2,40,2000,0,0,20400,2026-04-23 14:27:26,  3.16,  0.89, 11.57,204.50, 55.60,  0.00, 10.00,2,40,2000,0,0,20400,2026-04-23 14:29:08,  0.00,  0.00, 10.57,223.66, 55.85,  0.00, 10.00,2,40,2000,0,0,20400, 10.32,  0.89, 11.57, 56.39,  5.40, 10.50, 55.60,  0.00,
1056,2026-04-23 14:31:43,  2.24,  0.54, 13.63,205.47, 55.11,  2.40, 10.00,2,40,2000,0,0,20400,2026-04-23 14:33:30, 21.39,  1.20, 44.98,217.31, 32.20,  3.90,  5.61,2,0,0,0,0,20400,2026-04-23 14:33:51,  0.00,  0.00, 45.55,217.40, 31.12,  3.45,  5.55,2,0,0,0,0,20400, 53.94,  1.27, 45.55, 55.88,  5.40, 13.55, 31.12,  0.00,
1057,2026-04-23 14:36:57,  1.84,  0.43, 13.84,205.47, 55.04,  2.70, 10.00,2,40,2000,0,0,20400,2026-04-23 14:38:51, 26.63,  1.64, 42.97,217.57, 35.35,  0.00,  6.14,2,0,0,0,0,20400,2026-04-23 14:39:41,  0.00,  0.00, 42.64,217.75, 35.70,  1.05,  6.23,2,0,0,0,0,20400, 70.28,  1.64, 42.97, 55.85,  5.40, 13.77, 35.29,  0.00,
1058,2026-04-23 15:39:59,  9.25,  0.89, 33.39,196.38, 45.27,  3.30,  9.64,2,0,0,0,0,20400,2026-04-23 15:43:43, 16.16,  0.92, 44.68,180.66, 32.59,  0.00,  5.68,2,0,0,0,0,20400,2026-04-23 15:44:03,  0.27,  0.02, 45.19,180.66, 31.66,  0.00,  5.58,2,0,0,0,0,20400, 41.04,  0.98, 45.19, 53.47,  5.40, 21.27, 31.66,  0.00,
1059,2026-04-24 07:29:08,  6.60,  0.57, 35.85,191.35, 43.26,  0.00,  8.56,2,0,0,0,0,20400,2026-04-24 07:29:14,  9.26,  0.79, 35.85,191.35, 43.32,  0.00,  8.56,2,0,0,0,0,20400,2026-04-24 07:31:23,  0.00,  0.00, 23.32,175.10, 51.79,  0.00, 10.00,2,0,0,0,0,20400, 28.43,  0.79, 35.85, 52.31,  5.40, 23.25, 43.26,  0.00,
1060,2026-04-24 07:35:44,  4.18,  0.36, 35.69,191.61, 43.38,  0.00,  8.62,2,0,0,0,0,20400,2026-04-24 07:35:59, 12.32,  1.06, 35.85,191.61, 43.34,  0.00,  8.56,2,0,0,0,0,20400,2026-04-24 07:38:23,  0.00,  0.00, 28.64,175.45, 48.85,  0.00, 10.00,2,0,0,0,0,20400, 37.82,  1.06, 35.90, 51.30,  5.40, 25.96, 43.29,  0.00,
1061,2026-04-24 07:41:48,  6.82,  0.60, 35.42,191.43, 43.61,  1.05,  8.73,2,0,0,0,0,20400,2026-04-24 07:42:05, 24.73,  2.16, 35.42,191.43, 43.66,  0.00,  8.73,2,0,0,0,0,20400,2026-04-24 07:44:14,  0.00,  0.00, 21.06,174.75, 52.75,  0.00, 10.00,2,0,0,0,0,20400, 76.49,  2.16, 35.53, 53.03,  5.40, 21.06, 43.61,  0.00,
1062,2026-04-24 07:54:13,  5.98,  0.82, 23.90,179.34, 51.49,  1.05, 10.00,2,0,0,0,0,20400,2026-04-24 07:57:36, 19.76,  0.98, 48.91,144.37, 23.67,  0.00,  4.95,2,10,1000,0,0,20400,2026-04-24 07:57:55,  0.00,  0.00, 49.10,144.37, 23.05,  0.00,  4.91,2,10,1000,0,0,20400, 47.89,  0.98, 49.10, 52.32,  5.40, 23.90, 23.05,  0.00,
1063,2026-04-24 08:09:19,  3.16,  0.35, 29.19,159.65, 48.51,  0.00, 10.00,2,0,0,0,0,20400,2026-04-24 08:10:37,  7.27,  0.41, 45.16,155.23, 31.86,  0.00,  5.58,2,0,0,0,0,20400,2026-04-24 08:10:52,  0.00,  0.00, 45.16,155.23, 31.79,  0.00,  5.58,2,0,0,0,0,20400, 18.34,  0.41, 45.19, 48.54,  5.40, 29.19, 31.73,  0.00,
1064,2026-04-24 08:13:16, 13.07,  0.79, 43.45,154.79, 34.53,  0.00,  6.01,2,0,0,0,0,20400,2026-04-24 08:13:22, 16.47,  0.99, 43.45,154.79, 34.57,  0.00,  6.01,2,0,0,0,0,20400,2026-04-24 08:14:36,  0.00,  0.00, 29.55,160.18, 48.20,  0.00, 10.00,2,0,0,0,0,20400, 43.04,  1.06, 43.45, 48.88,  5.40, 28.70, 34.53,  0.00,
1065,2026-04-24 08:17:50,  2.28,  0.35, 21.06,180.22, 52.92,  1.20, 10.00,2,0,0,0,0,20400,2026-04-24 08:20:20,  5.31,  0.31, 44.04,197.53, 33.65,  1.80,  5.86,2,0,0,0,0,20400,2026-04-24 08:20:27,  0.00,  0.00, 44.65,197.53, 32.64,  1.65,  5.69,2,0,0,0,0,20400, 13.71,  0.35, 44.65, 53.76,  5.40, 21.00, 32.64,  0.00,
1066,2026-04-24 08:32:20, 10.65,  0.63, 43.69,217.31, 34.16,  0.00,  5.95,2,0,0,0,0,20400,2026-04-24 08:32:28, 35.15,  2.09, 43.69,217.40, 34.23,  0.00,  5.95,2,0,0,0,0,20400,2026-04-24 08:33:59,  0.00,  0.00, 27.16,222.43, 49.69,  0.00, 10.00,2,0,0,0,0,20400, 91.36,  2.13, 43.73, 50.17,  5.40, 26.91, 34.10,  0.00,
1067,2026-04-24 08:36:49, 16.80,  0.99, 43.81,218.72, 34.00,  0.00,  5.92,2,0,0,0,0,20400,2026-04-24 08:36:54, 17.35,  1.03, 43.77,218.81, 34.15,  0.00,  5.93,2,0,0,0,0,20400,2026-04-24 08:37:55,  0.00,  0.00, 37.15,222.43, 42.06,  0.00,  8.05,2,0,0,0,0,20400, 45.01,  1.04, 43.81, 42.11,  5.40, 37.15, 34.00,  0.00,
1068,2026-04-24 08:49:33,  5.07,  1.48, 11.14,201.94, 55.65,  1.35, 10.00,2,40,2000,0,0,20400,2026-04-24 08:52:03, 37.25,  2.04, 46.19,218.01, 30.14,  0.00,  5.48,2,0,0,0,0,20400,2026-04-24 08:53:14,  0.00,  0.00, 44.39,217.84, 33.07,  0.00,  5.76,2,0,0,0,0,20400, 94.32,  2.18, 46.46, 56.64,  5.40, 11.07, 29.50,  0.00,
1069,2026-04-24 08:57:07,  1.82,  0.50, 11.92,222.78, 55.57,  0.00, 10.00,2,40,2000,0,0,20400,2026-04-24 08:58:29,  6.67,  0.77, 28.09,223.13, 49.19,  0.00, 10.00,2,0,0,0,0,20400,2026-04-24 08:58:43,  0.00,  0.00, 28.21,223.40, 49.08,  0.00, 10.00,2,0,0,0,0,20400, 21.74,  0.80, 28.21, 55.84,  5.40, 11.92, 49.08,  0.00,
1070,2026-04-24 09:02:24,  2.14,  0.63, 11.07,203.53, 55.66,  1.50, 10.00,2,40,2000,0,0,20400,2026-04-24 09:05:20, 35.28,  2.16, 43.05,218.90, 35.23,  1.50,  6.12,2,0,0,0,0,20400,2026-04-24 09:05:55,  0.00,  0.00, 43.77,218.81, 34.04,  1.20,  5.93,2,0,0,0,0,20400, 92.96,  2.19, 43.77, 56.68,  5.40, 11.07, 34.04,  0.00,
1071,2026-04-24 09:10:14,  6.67,  1.98, 11.00,202.91, 55.69,  0.00, 10.00,2,40,2000,0,0,20400,2026-04-24 09:12:11, 18.59,  2.15, 28.21,223.40, 49.13,  0.00, 10.00,2,0,0,0,0,20400,2026-04-24 09:12:35,  0.00,  0.00, 28.70,223.40, 48.75,  0.00, 10.00,2,0,0,0,0,20400, 60.59,  2.20, 28.70, 56.57,  5.40, 11.00, 48.75,  0.00,
1072,2026-04-24 09:19:58,  5.43,  0.96, 18.36,199.82, 53.85,  0.00, 10.00,2,0,0,0,0,20400,2026-04-24 09:23:10, 53.76,  4.02, 38.89,219.16, 40.46,  1.05,  7.47,2,80000,2000000,0,0,20400,2026-04-24 09:25:58, 17.34,  1.16, 41.22,219.78, 37.71,  0.00,  6.67,2,0,0,0,0,20400,156.16,  4.22, 41.22, 55.02,  5.40, 17.88, 37.71,  0.00,
1073,2026-04-24 09:44:28,  2.67,  0.41, 21.40,217.22, 52.70,  0.00, 10.00,2,0,0,0,0,20400,2026-04-24 09:46:05,  4.09,  0.41, 32.77,230.29, 46.01,  0.00,  9.92,2,0,0,0,0,20400,2026-04-24 09:46:18,  0.00,  0.00, 32.71,230.20, 45.98,  0.00,  9.95,2,0,0,0,0,20400, 13.31,  0.41, 32.88, 53.10,  5.40, 21.40, 45.96,  0.00,
1074,2026-04-24 09:49:41, 11.98,  0.75, 42.47,219.16, 35.94,  0.00,  6.27,2,0,0,0,0,20400,2026-04-24 09:49:44, 14.21,  0.89, 42.47,219.16, 35.96,  0.00,  6.27,2,0,0,0,0,20400,2026-04-24 09:50:57,  0.00,  0.00, 33.62,223.40, 45.21,  0.00,  9.53,2,0,0,0,0,20400, 37.88,  0.89, 42.47, 45.42,  5.40, 33.62, 35.94,  0.00,
1075,2026-04-24 09:52:48,  9.30,  0.52, 45.48,218.72, 31.30,  0.00,  5.55,2,0,0,0,0,20400,2026-04-24 09:52:48,  9.30,  0.52, 45.48,218.72, 31.30,  0.00,  5.55,2,0,0,0,0,20400,2026-04-24 09:54:12,  0.00,  0.00, 32.66,222.87, 45.98,  1.20,  9.97,2,0,0,0,0,20400, 23.47,  0.52, 45.48, 46.53,  5.40, 32.60, 31.30,  0.00,
1076,2026-04-24 09:57:01,  2.20,  0.59, 12.21,222.96, 55.52,  0.00, 10.00,2,40,2000,0,0,20400,2026-04-24 09:57:46,  4.60,  0.68, 22.20,223.40, 52.29,  0.00, 10.00,2,0,0,0,0,20400,2026-04-24 09:57:56,  0.00,  0.00, 22.20,223.40, 52.24,  0.00, 10.00,2,0,0,0,0,20400, 14.99,  0.68, 22.20, 55.87,  5.40, 12.14, 52.24,  0.00,
1077,2026-04-24 10:06:24,  5.57,  0.81, 22.46,237.53, 52.22,  1.05, 10.00,2,0,0,0,0,20400,2026-04-24 10:08:15,  9.45,  0.83, 35.37,223.40, 43.79,  0.00,  8.75,2,0,0,0,0,20400,2026-04-24 10:08:28,  0.00,  0.00, 35.37,223.40, 43.72,  0.00,  8.75,2,0,0,0,0,20400, 29.26,  0.83, 35.37, 52.91,  5.40, 22.40, 43.72,  0.00,
1078,2026-04-24 10:11:20,  2.28,  0.35, 21.27,236.82, 52.72,  0.00, 10.00,2,0,0,0,0,20400,2026-04-24 10:12:46,  4.28,  0.44, 31.68,222.78, 46.79,  1.35, 10.00,2,0,0,0,0,20400,2026-04-24 10:12:56,  0.00,  0.00, 31.68,222.78, 46.73,  1.05, 10.00,2,0,0,0,0,20400, 13.95,  0.44, 31.68, 53.41,  5.40, 21.27, 46.73,  0.00,
1079,2026-04-24 10:15:45,  4.00,  0.61, 21.47,237.00, 52.67,  0.00, 10.00,2,0,0,0,0,20400,2026-04-24 10:17:20,  6.26,  0.61, 33.00,225.25, 45.78,  1.35,  9.82,2,0,0,0,0,20400,2026-04-24 10:17:28,  0.00,  0.00, 33.00,225.25, 45.72,  1.20,  9.82,2,0,0,0,0,20400, 20.29,  0.63, 33.00, 53.37,  5.40, 21.47, 45.72,  0.00,
1080,2026-04-24 10:20:14,  5.16,  0.79, 21.40,236.91, 52.64,  1.35, 10.00,2,0,0,0,0,20400,2026-04-24 10:21:41,  8.76,  0.87, 32.77,226.23, 45.97,  0.00,  9.92,2,0,0,0,0,20400,2026-04-24 10:21:57,  0.00,  0.00, 32.77,226.23, 45.89,  0.00,  9.92,2,0,0,0,0,20400, 28.48,  0.88, 32.77, 53.30,  5.40, 21.33, 45.89,  0.00,
1081,2026-04-24 10:27:52,  1.56,  0.50, 10.07,195.50, 55.84,  1.35, 10.00,2,40,2000,0,0,20400,2026-04-24 10:29:54,  4.78,  0.52, 29.73,224.46, 48.18,  0.00, 10.00,2,0,0,0,0,20400,2026-04-24 10:30:08,  0.00,  0.00, 29.79,224.46, 48.03,  0.00, 10.00,2,0,0,0,0,20400, 15.57,  0.58, 30.15, 56.86,  5.40, 10.07, 48.03,  0.00,
1082,2026-04-24 10:33:50,  1.86,  0.68,  8.92,196.20, 56.02,  0.00, 10.00,2,C0,2000,2000,0,20400,2026-04-24 10:35:50,  6.22,  0.69, 29.19,220.93, 48.48,  0.00, 10.00,2,0,0,0,0,20400,2026-04-24 10:35:59,  0.00,  0.00, 29.19,220.93, 48.42,  0.00, 10.00,2,0,0,0,0,20400, 20.27,  0.75, 29.19, 57.08,  5.40,  8.92, 48.42,  0.00,
1083,2026-04-24 10:44:49,  3.34,  0.39, 28.15,237.17, 49.18,  0.00, 10.00,2,0,0,0,0,20400,2026-04-24 10:44:57,  4.06,  0.47, 28.15,237.26, 49.27,  0.00, 10.00,2,0,0,0,0,20400,2026-04-24 10:46:35,  0.00,  0.00, 27.65,226.31, 49.38,  0.00, 10.00,2,0,0,0,0,20400, 13.25,  0.47, 28.21, 50.05,  5.40, 27.65, 49.11,  0.00,
1084,2026-04-24 10:48:53,  2.63,  0.30, 28.21,237.62, 49.18,  1.05, 10.00,2,0,0,0,0,20400,2026-04-24 10:50:18,  2.91,  0.30, 31.68,225.52, 46.79,  0.00, 10.00,2,0,0,0,0,20400,2026-04-24 10:50:38,  0.00,  0.00, 31.68,225.52, 46.73,  0.00, 10.00,2,0,0,0,0,20400,  9.50,  0.32, 31.68, 49.88,  5.40, 28.15, 46.73,  0.00,
1085,2026-04-24 11:42:26,  2.92,  0.35, 27.53,214.83, 49.57,  1.50, 10.00,2,0,0,0,0,20400,2026-04-24 11:43:40,  3.96,  0.40, 32.43,229.49, 46.33,  1.35, 10.00,2,0,0,0,0,20400,2026-04-24 11:44:03,  0.00,  0.00, 32.71,229.49, 46.01,  0.00,  9.95,2,0,0,0,0,20400, 12.92,  0.40, 32.71, 50.00,  5.40, 27.53, 46.01,  0.00,
1086,2026-04-24 11:51:45,  2.41,  0.78, 10.07,229.32, 56.02,  0.00, 10.00,2,40,2000,0,0,20400,2026-04-24 11:52:47,  5.15,  0.85, 19.65,239.38, 53.45,  1.05, 10.00,2,0,0,0,0,20400,2026-04-24 11:53:28,  0.00,  0.00, 19.85,240.00, 53.27,  1.35, 10.00,2,0,0,0,0,20400, 16.78,  0.85, 19.92, 56.37,  5.40, 10.00, 53.25,  0.00,
1087,2026-04-24 11:58:44,  1.12,  0.35, 10.43,228.70, 55.95,  0.00, 10.00,2,40,2000,0,0,20400,2026-04-24 11:59:46,  2.92,  0.47, 20.06,239.65, 53.35,  0.00, 10.00,2,0,0,0,0,20400,2026-04-24 12:00:17,  0.00,  0.00, 20.06,239.65, 53.20,  0.00, 10.00,2,0,0,0,0,20400,  9.51,  0.47, 20.73, 56.32,  5.40, 10.43, 53.18,  0.00,
1088,2026-04-24 12:02:40,  2.82,  0.86, 10.71,230.38, 55.89,  0.00, 10.00,2,40,2000,0,0,20400,2026-04-24 12:04:05,  7.45,  0.96, 25.39,238.50, 50.79,  0.00, 10.00,2,0,0,0,0,20400,2026-04-24 12:04:15,  0.00,  0.00, 26.02,238.50, 50.41,  0.00, 10.00,2,0,0,0,0,20400, 24.28,  0.99, 26.02, 56.24,  5.40, 10.64, 50.41,  0.00,
1089,2026-04-24 12:23:00,  1.88,  0.38, 16.29,215.54, 54.55,  0.00, 10.00,2,0,0,0,0,20400,2026-04-24 12:23:04,  2.27,  0.46, 16.22,215.54, 54.59,  0.00, 10.00,2,0,0,0,0,20400,2026-04-24 12:24:30,  0.00,  0.00, 12.35,234.53, 55.49,  0.00, 10.00,2,40,2000,0,0,20400,  7.39,  0.50, 16.29, 55.76,  5.40, 12.35, 54.55,  0.00,
1090,2026-04-24 12:38:02,  8.68,  0.52, 43.69,218.81, 34.22,  1.80,  5.95,2,0,0,0,0,20400,2026-04-24 12:38:04, 10.18,  0.60, 43.77,218.81, 34.12,  1.80,  5.93,2,0,0,0,0,20400,2026-04-24 12:39:30,  0.00,  0.00, 28.88,222.16, 48.65,  2.40, 10.00,2,0,0,0,0,20400, 26.41,  0.60, 43.77, 48.79,  5.40, 28.88, 34.12,  0.00,
1091,2026-04-24 12:41:07,  3.36,  0.38, 29.19,221.90, 48.49,  1.20, 10.00,2,0,0,0,0,20400,2026-04-24 12:41:53,  6.00,  0.39, 41.48,219.07, 37.29,  1.50,  6.58,2,0,0,0,0,20400,2026-04-24 12:42:19,  0.00,  0.00, 41.48,218.28, 37.21,  1.65,  6.58,2,0,0,0,0,20400, 16.37,  0.43, 41.48, 48.56,  5.40, 29.19, 37.21,  0.00,
1092,2026-04-24 13:10:06, 13.02,  0.79, 43.37,218.37, 34.68,  1.95,  6.03,2,0,0,0,0,20400,2026-04-24 13:10:14, 17.67,  1.07, 43.37,218.28, 34.72,  1.80,  6.03,2,0,0,0,0,20400,2026-04-24 13:11:40,  0.00,  0.00, 23.84,223.58, 51.53,  1.95, 10.00,2,0,0,0,0,20400, 46.25,  1.07, 43.37, 51.58,  5.40, 23.77, 34.68,  0.00,
1093,2026-04-24 13:14:32, 17.37,  1.01, 44.12,218.72, 33.54,  0.00,  5.84,2,0,0,0,0,20400,2026-04-24 13:14:35, 19.12,  1.12, 44.12,218.81, 33.56,  0.00,  5.84,2,0,0,0,0,20400,2026-04-24 13:15:52,  0.00,  0.00, 26.72,220.57, 50.00,  1.20, 10.00,2,0,0,0,0,20400, 49.23,  1.14, 44.12, 50.06,  5.40, 26.72, 33.54,  0.00,
1094,2026-04-24 13:53:10,  2.94,  0.36, 26.34,221.99, 50.27,  0.00, 10.00,2,0,0,0,0,20400,2026-04-24 13:53:11,  3.04,  0.38, 26.34,221.99, 50.27,  0.00, 10.00,2,0,0,0,0,20400,2026-04-24 13:54:01,  0.00,  0.00, 20.73,223.49, 52.94,  0.00, 10.00,2,0,0,0,0,20400,  9.90,  0.38, 26.40, 52.94,  5.40, 20.73, 50.25,  0.00,
1095,2026-04-24 13:56:31,  5.46,  0.35, 42.30,218.72, 36.23,  0.00,  6.32,2,0,0,0,0,20400,2026-04-24 13:56:31,  6.25,  0.39, 42.30,218.63, 36.24,  0.00,  6.32,2,0,0,0,0,20400,2026-04-24 13:58:25,  0.00,  0.00, 24.62,220.49, 51.17,  0.00, 10.00,2,0,0,0,0,20400, 16.70,  0.39, 42.30, 51.17,  5.40, 24.62, 36.23,  0.00,
1096,2026-04-24 14:02:23,  7.53,  0.40, 47.23,247.77, 27.91,  0.00,  5.35,2,0,0,0,0,20400,2026-04-24 14:02:26,  9.51,  0.51, 47.23,247.77, 27.92,  0.00,  5.35,2,0,0,0,0,20400,2026-04-24 14:04:29,  0.00,  0.00, 10.35,236.82, 55.95,  0.00, 10.00,2,40,2000,0,0,20400, 24.02,  0.51, 47.23, 56.25,  5.40, 10.35, 27.91,  0.00,
1097,2026-04-24 14:09:31,  1.07,  0.31, 11.07,223.75, 55.86,  0.00, 10.00,2,40,2000,0,0,20400,2026-04-24 14:10:34,  2.87,  0.30, 31.62,226.84, 46.89,  0.00, 10.00,2,0,0,0,0,20400,2026-04-24 14:10:56,  0.00,  0.00, 32.20,226.75, 46.42,  1.35, 10.00,2,0,0,0,0,20400,  9.36,  0.31, 32.20, 56.04,  5.40, 11.07, 46.42,  0.00,
1098,2026-04-24 14:14:09,  3.62,  0.35, 33.17,225.34, 45.61,  1.05,  9.74,2,0,0,0,0,20400,2026-04-24 14:15:22,  9.85,  0.55, 44.91,220.49, 32.23,  0.00,  5.63,2,0,0,0,0,20400,2026-04-24 14:15:31,  0.68,  0.04, 44.94,220.49, 32.12,  0.00,  5.62,2,0,0,0,0,20400, 24.88,  0.55, 44.94, 45.85,  5.40, 33.17, 32.12,  0.00,
1099,2026-04-24 14:20:04, 13.70,  0.83, 43.25,218.72, 34.84,  1.20,  6.07,2,0,0,0,0,20400,2026-04-24 14:20:11, 25.46,  1.54, 43.25,218.72, 34.87,  1.05,  6.07,2,0,0,0,0,20400,2026-04-24 14:22:00,  0.00,  0.00, 31.10,223.75, 47.20,  0.00, 10.00,2,0,0,0,0,20400, 66.81,  1.54, 43.25, 48.73,  5.40, 29.13, 34.84,  0.00,
1100,2026-04-24 14:25:11,  5.71,  1.72, 10.86,203.53, 55.71,  1.50, 10.00,2,40,2000,0,0,20400,2026-04-24 14:27:10, 39.14,  2.35, 43.49,217.40, 34.70,  0.00,  6.00,2,0,0,0,0,20400,2026-04-24 14:28:11,  1.31,  0.08, 43.21,217.57, 34.86,  0.00,  6.08,2,0,0,0,0,20400,102.17,  2.44, 43.53, 56.58,  5.40, 10.57, 34.55,  0.00,
1101,2026-04-24 14:31:08,  2.68,  0.83, 10.57,203.27, 55.76,  1.35, 10.00,2,40,2000,0,0,20400,2026-04-24 14:32:57, 37.89,  2.31, 43.09,217.22, 35.21,  0.00,  6.11,2,0,0,0,0,20400,2026-04-24 14:33:23,  0.00,  0.00, 42.72,217.22, 35.57,  0.00,  6.21,2,0,0,0,0,20400, 99.75,  2.33, 43.25, 56.58,  5.40, 10.50, 34.89,  0.00,
1102,2026-04-24 14:43:08,  6.61,  0.87, 24.81,214.04, 50.98,  0.00, 10.00,2,0,0,0,0,20400,2026-04-24 14:43:50,  8.58,  0.95, 29.49,216.69, 48.43,  0.00, 10.00,2,0,0,0,0,20400,2026-04-24 14:44:18,  0.11,  0.01, 30.27,216.69, 47.70,  0.00, 10.00,2,0,0,0,0,20400, 27.98,  0.96, 30.27, 51.25,  5.40, 24.81, 47.70,  0.00,
1103,2026-04-24 14:46:21,  8.08,  0.50, 42.93,217.22, 35.30,  0.00,  6.15,2,0,0,0,0,20400,2026-04-24 14:46:28, 18.69,  1.15, 42.93,217.22, 35.33,  0.00,  6.15,2,0,0,0,0,20400,2026-04-24 14:47:59,  0.00,  0.00, 33.22,221.63, 45.57,  0.00,  9.71,2,0,0,0,0,20400, 49.36,  1.21, 42.97, 45.63,  5.40, 33.22, 35.30,  0.00,
1104,2026-04-24 14:50:00,  3.20,  0.18, 44.65,218.98, 32.70,  0.00,  5.69,2,0,0,0,0,20400,2026-04-24 14:50:01,  4.79,  0.27, 44.61,218.98, 32.76,  0.00,  5.70,2,0,0,0,0,20400,2026-04-24 14:51:45,  0.00,  0.00, 27.28,225.96, 49.66,  0.00, 10.00,2,0,0,0,0,20400, 12.19,  0.27, 44.65, 50.15,  5.40, 26.78, 32.70,  0.00,
1105,2026-04-24 14:53:48,  0.93,  0.28, 11.00,225.17, 55.93,  1.80, 10.00,2,40,2000,0,0,20400,2026-04-24 14:54:56,  3.66,  0.35, 33.39,224.99, 45.53,  1.50,  9.64,2,0,0,0,0,20400,2026-04-24 14:55:11,  0.00,  0.00, 34.12,224.99, 44.87,  2.10,  9.31,2,0,0,0,0,20400, 11.79,  0.35, 34.12, 56.01,  5.40, 11.00, 44.87,  0.00,
1106,2026-04-24 15:02:35, 13.42,  0.82, 43.09,218.54, 35.07,  1.65,  6.11,2,0,0,0,0,20400,2026-04-24 15:02:40, 18.73,  1.14, 43.13,218.54, 35.05,  1.80,  6.10,2,0,0,0,0,20400,2026-04-24 15:04:29,  0.07,  0.01, 31.33,221.19, 47.00,  1.80, 10.00,2,0,0,0,0,20400, 49.27,  1.14, 43.13, 47.08,  5.40, 31.33, 35.02,  0.00,
1107,2026-04-24 15:08:11,  6.58,  0.95, 22.59,214.22, 52.03,  1.80, 10.00,2,0,0,0,0,20400,2026-04-24 15:08:12,  6.79,  0.98, 22.59,214.22, 52.04,  1.80, 10.00,2,0,0,0,0,20400,2026-04-24 15:09:40,  0.00,  0.00, 16.63,219.51, 54.25,  1.05, 10.00,2,0,0,0,0,20400, 22.12,  0.98, 22.59, 54.47,  5.40, 16.56, 52.03,  0.00,
1108,2026-04-24 15:22:53,  9.68,  0.95, 32.94,213.86, 45.75,  1.50,  9.84,2,0,0,0,0,20400,2026-04-24 15:23:41, 13.20,  0.96, 39.56,216.16, 39.57,  1.65,  7.25,2,0,0,0,0,20400,2026-04-24 15:24:02,  0.00,  0.00, 39.85,216.25, 39.15,  1.80,  7.15,2,0,0,0,0,20400, 37.84,  1.07, 39.85, 46.08,  5.40, 32.88, 39.15,  0.00,
1109,2026-04-24 15:26:56, 10.44,  0.93, 34.99,213.77, 44.03,  2.10,  8.90,2,0,0,0,0,20400,2026-04-24 15:26:59, 11.72,  1.04, 34.99,213.77, 44.07,  2.10,  8.90,2,0,0,0,0,20400,2026-04-24 15:28:11,  0.00,  0.00, 17.94,216.60, 53.83,  1.35, 10.00,2,0,0,0,0,20400, 36.52,  1.04, 34.99, 54.51,  5.40, 17.26, 44.03,  0.00,
1110,2026-04-24 15:42:46,  4.89,  1.29, 12.35,210.68, 55.31,  0.00, 10.00,2,40,2000,0,0,20400,2026-04-24 15:44:48, 13.54,  1.34, 32.83,215.10, 45.89,  0.00,  9.90,2,0,0,0,0,20400,2026-04-24 15:45:52,  0.00,  0.00, 32.77,215.10, 45.88,  0.00,  9.92,2,0,0,0,0,20400, 43.98,  1.43, 33.00, 55.88,  5.40, 12.28, 45.79,  0.00,
1111,2026-04-24 15:48:46,  7.38,  1.85, 12.99,209.71, 55.18,  0.00, 10.00,2,40,2000,0,0,20400,2026-04-24 15:50:35, 23.59,  1.97, 36.37,214.57, 42.89,  0.00,  8.35,2,0,0,0,0,20400,2026-04-24 15:51:08,  0.00,  0.00, 37.05,214.57, 42.16,  0.00,  8.08,2,0,0,0,0,20400, 71.64,  1.99, 37.05, 55.72,  5.40, 12.99, 42.16,  0.00,
1112,2026-04-24 15:56:35,  7.09,  0.80, 28.88,214.04, 48.62,  0.00, 10.00,2,0,0,0,0,20400,2026-04-24 15:56:37,  7.92,  0.89, 28.94,214.04, 48.61,  0.00, 10.00,2,0,0,0,0,20400,2026-04-24 15:57:41,  0.62,  0.09, 21.33,217.75, 52.53,  0.00, 10.00,2,0,0,0,0,20400, 25.81,  0.98, 28.94, 53.16,  5.40, 20.80, 48.59,  0.00,
1113,2026-04-24 16:00:26,  3.32,  0.51, 21.27,215.19, 52.71,  2.10, 10.00,2,0,0,0,0,20400,2026-04-24 16:00:27,  3.71,  0.57, 21.27,215.19, 52.73,  2.10, 10.00,2,0,0,0,0,20400,2026-04-24 16:01:33,  0.00,  0.00,  8.92,217.75, 56.07,  2.40, 10.00,2,C0,2000,2000,0,20400, 12.11,  0.58, 21.27, 56.39,  5.40,  8.85, 52.71,  0.00,
1114,2026-04-24 16:04:02,  5.03,  0.54, 30.45,214.04, 47.62,  2.10, 10.00,2,0,0,0,0,20400,2026-04-24 16:05:02,  7.41,  0.57, 38.26,215.72, 41.00,  1.20,  7.68,2,0,0,0,0,20400,2026-04-24 16:05:18,  0.00,  0.00, 38.26,215.72, 40.91,  0.00,  7.68,2,0,0,0,0,20400, 21.78,  0.57, 38.31, 47.80,  5.40, 30.45, 40.85,  0.00,
1115,2026-04-24 16:09:03,  5.47,  1.06, 16.91,243.18, 54.23,  0.00, 10.00,2,0,0,0,0,20400,2026-04-24 16:11:11, 24.51,  2.71, 29.49,214.13, 48.32,  2.25, 10.00,2,0,0,0,0,20400,2026-04-24 16:11:26,  0.00,  0.00, 29.79,214.13, 48.07,  2.85, 10.00,2,0,0,0,0,20400, 79.90,  2.76, 29.85, 54.73,  5.40, 16.91, 48.04,  0.00,
1116,2026-04-24 16:22:48,  3.55,  0.88, 13.13,257.04, 55.13,  1.35, 10.00,2,40,2000,0,0,20400,2026-04-24 16:24:42,  4.22,  0.96, 14.33,279.12, 54.99,  2.55, 10.00,2,0,0,0,0,20400,2026-04-24 16:25:01,  0.00,  0.00, 14.54,279.21, 54.86,  2.10, 10.00,2,0,0,0,0,20400, 13.76,  1.00, 14.54, 55.78,  5.40, 13.06, 54.86,  0.00,
1117,2026-04-25 07:34:01,  8.33,  1.08, 25.19,259.43, 50.73,  0.00, 10.00,2,0,0,0,0,20400,2026-04-25 07:34:11,  9.15,  1.18, 25.19,259.43, 50.85,  0.00, 10.00,2,0,0,0,0,20400,2026-04-25 07:38:14,  0.00,  0.00,  4.72,231.17, 56.53,  0.00, 10.00,2,C0,2000,2000,0,20400, 29.83,  1.18, 25.19, 57.10,  5.40,  4.72, 50.73,  0.00,
1118,2026-04-25 08:17:35,  7.20,  0.74, 31.56,205.92, 46.73,  0.00, 10.00,2,0,0,0,0,20400,2026-04-25 08:17:38,  7.21,  0.74, 31.62,205.92, 46.76,  0.00, 10.00,2,0,0,0,0,20400,2026-04-25 08:20:46,  0.00,  0.00,  4.87,228.70, 56.51,  0.00, 10.00,2,C0,2000,2000,0,20400, 23.52,  0.74, 31.62, 57.07,  5.40,  4.87, 46.70,  0.00,
1119,2026-04-25 08:26:48, 18.20,  1.26, 40.45,202.12, 38.35,  0.00,  6.94,2,0,0,0,0,20400,2026-04-25 08:26:59, 29.70,  2.11, 39.99,202.12, 38.96,  0.00,  7.10,2,0,0,0,0,20400,2026-04-25 08:32:05,  0.00,  0.00, 16.08,237.53, 54.43,  0.00, 10.00,2,0,0,0,0,20400, 84.37,  2.11, 40.45, 56.40,  5.40, 12.07, 38.35,  0.00,
1120,2026-04-25 08:35:08,  1.24,  0.35, 11.50,236.82, 55.65,  0.00, 10.00,2,40,2000,0,0,20400,2026-04-25 08:37:48,  7.39,  0.54, 39.28,263.22, 39.85,  0.00,  7.34,2,0,0,0,0,20400,2026-04-25 08:38:12,  0.15,  0.01, 39.18,263.13, 39.85,  0.00,  7.37,2,0,0,0,0,20400, 21.32,  0.54, 39.33, 56.47,  5.40, 11.50, 39.77,  0.00,
1121,2026-04-25 08:49:48, 10.92,  0.75, 40.72,261.02, 38.07,  0.00,  6.85,2,0,0,0,0,20400,2026-04-25 08:49:51, 13.55,  0.93, 40.68,261.10, 38.15,  0.00,  6.86,2,0,0,0,0,20400,2026-04-25 08:52:15,  0.00,  0.00, 12.78,243.44, 55.36,  0.00, 10.00,2,40,2000,0,0,20400, 37.82,  0.93, 40.72, 55.72,  5.40, 12.71, 38.07,  0.00,
1122,2026-04-25 08:57:39, 10.49,  1.15, 29.85,266.14, 47.88,  0.00, 10.00,2,0,0,0,0,20400,2026-04-25 08:57:39, 10.49,  1.15, 29.85,266.14, 47.88,  0.00, 10.00,2,0,0,0,0,20400,2026-04-25 08:59:53,  0.00,  0.00, 15.52,276.11, 54.62,  0.00, 10.00,2,0,0,0,0,20400, 34.21,  1.15, 29.91, 55.03,  5.40, 15.52, 47.88,  0.00,
1123,2026-04-25 09:12:37, 11.13,  1.04, 34.12,265.70, 44.65,  0.00,  9.31,2,0,0,0,0,20400,2026-04-25 09:12:41, 12.44,  1.16, 34.12,265.70, 44.70,  0.00,  9.31,2,0,0,0,0,20400,2026-04-25 09:14:49,  0.00,  0.00, 25.26,277.53, 50.71,  0.00, 10.00,2,0,0,0,0,20400, 39.49,  1.16, 34.17, 51.88,  5.40, 24.87, 44.61,  0.00,
1124,2026-04-25 09:24:45,  9.89,  1.06, 30.33,267.55, 47.58,  0.00, 10.00,2,0,0,0,0,20400,2026-04-25 09:25:02, 10.56,  1.13, 30.33,267.55, 47.59,  0.00, 10.00,2,0,0,0,0,20400,2026-04-25 09:27:47,  0.00,  0.00,  5.16,284.42, 56.48,  0.00, 10.00,2,C0,2000,2000,0,20400, 34.41,  1.13, 30.33, 56.99,  5.40,  5.09, 47.58,  0.00,
1125,2026-04-25 09:31:49,  4.08,  0.41, 32.49,267.81, 46.03,  1.50, 10.00,2,0,0,0,0,20400,2026-04-25 09:31:50,  4.24,  0.43, 32.49,267.90, 46.06,  1.50, 10.00,2,0,0,0,0,20400,2026-04-25 09:33:25,  0.00,  0.00, 26.72,274.00, 49.97,  0.00, 10.00,2,0,0,0,0,20400, 13.81,  0.43, 32.49, 51.03,  5.40, 26.21, 46.03,  0.00,
1126,2026-04-25 09:41:02,  7.26,  0.93, 25.45,261.19, 50.53,  1.20, 10.00,2,0,0,0,0,20400,2026-04-25 09:41:11, 18.75,  2.40, 25.45,261.19, 50.61,  1.20, 10.00,2,0,0,0,0,20400,2026-04-25 09:43:54,  0.00,  0.00,  7.40,238.68, 56.29,  0.00, 10.00,2,C0,2000,2000,0,20400, 61.14,  2.40, 25.51, 56.78,  5.40,  7.40, 50.53,  0.00,
1127,2026-04-25 09:47:52,  3.52,  0.21, 43.37,218.81, 34.62,  0.00,  6.03,2,0,0,0,0,20400,2026-04-25 09:48:07, 24.09,  1.45, 43.37,218.81, 34.67,  0.00,  6.03,2,0,0,0,0,20400,2026-04-25 09:50:32,  0.00,  0.00, 34.28,219.96, 44.69,  0.00,  9.23,2,0,0,0,0,20400, 63.04,  1.46, 43.37, 44.80,  5.40, 34.28, 34.62,  0.00,
1128,2026-04-25 09:53:24,  7.24,  0.41, 44.76,219.07, 32.44,  0.00,  5.66,2,0,0,0,0,20400,2026-04-25 09:55:12, 28.02,  1.56, 45.19,219.07, 31.80,  0.00,  5.58,2,0,0,0,0,20400,2026-04-25 09:57:09,  0.00,  0.00, 37.10,220.66, 42.14,  0.00,  8.07,2,0,0,0,0,20400, 70.66,  1.60, 45.19, 42.44,  5.40, 37.10, 31.78,  0.00,
1129,2026-04-25 10:00:55,  7.68,  0.48, 42.47,218.19, 35.95,  0.00,  6.27,2,0,0,0,0,20400,2026-04-25 10:01:04, 10.22,  0.64, 42.47,218.37, 36.02,  0.00,  6.27,2,0,0,0,0,20400,2026-04-25 10:02:52,  0.00,  0.00, 34.99,220.40, 44.06,  0.00,  8.90,2,0,0,0,0,20400, 27.24,  0.64, 42.47, 44.13,  5.40, 34.99, 35.95,  0.00,
1130,2026-04-25 10:07:35, 15.96,  2.00, 25.96,198.15, 50.30,  1.20, 10.00,2,0,0,0,0,20400,2026-04-25 10:07:41, 17.23,  2.20, 25.51,198.15, 50.56,  1.20, 10.00,2,0,0,0,0,20400,2026-04-25 10:11:06,  0.00,  0.00,  6.61,173.95, 56.39,  0.00, 10.00,2,C0,2000,2000,0,20400, 56.16,  2.21, 25.96, 56.75,  5.40,  6.61, 50.30,  0.00,
1131,2026-04-25 10:16:40, 12.33,  1.57, 25.51,196.91, 50.48,  1.05, 10.00,2,0,0,0,0,20400,2026-04-25 10:18:31, 23.96,  2.38, 32.71,180.57, 46.11,  0.00,  9.95,2,0,0,0,0,20400,2026-04-25 10:19:19,  0.31,  0.03, 33.00,180.57, 45.72,  0.00,  9.82,2,0,0,0,0,20400, 77.97,  2.44, 33.05, 51.29,  5.40, 25.39, 45.72,  0.00,
1132,2026-04-25 10:25:09,  3.60,  0.22, 42.68,197.53, 35.69,  0.00,  6.22,2,0,0,0,0,20400,2026-04-25 10:25:09,  3.60,  0.22, 42.68,197.53, 35.69,  0.00,  6.22,2,0,0,0,0,20400,2026-04-25 10:25:29,  0.77,  0.07, 35.04,197.44, 44.82,  0.00,  8.88,2,0,0,0,0,20400,  9.56,  0.22, 42.68, 44.82,  5.40, 35.04, 35.69,  0.00,
1133,2026-04-25 10:32:35, 11.23,  1.43, 25.58,196.38, 50.48,  0.00, 10.00,2,0,0,0,0,20400,2026-04-25 10:34:22, 19.31,  2.21, 28.45,180.66, 49.01,  1.65, 10.00,2,0,0,0,0,20400,2026-04-25 10:35:43,  0.00,  0.00, 28.70,180.66, 48.76,  0.00, 10.00,2,0,0,0,0,20400, 62.96,  2.29, 28.76, 51.20,  5.40, 25.51, 48.72,  0.00,
1134,2026-04-25 10:41:18,  9.89,  1.08, 29.91,195.41, 48.03,  0.00, 10.00,2,0,0,0,0,20400,2026-04-25 10:41:20, 11.66,  1.28, 29.73,195.41, 48.16,  0.00, 10.00,2,0,0,0,0,20400,2026-04-25 10:43:39,  0.00,  0.00, 18.77,170.42, 53.74,  0.00, 10.00,2,0,0,0,0,20400, 38.02,  1.28, 29.91, 54.53,  5.40, 18.29, 48.03,  0.00,
1135,2026-04-25 10:46:34,  1.56,  0.35, 14.75,170.42, 54.95,  0.00, 10.00,2,0,0,0,0,20400,2026-04-25 10:47:34,  3.18,  0.46, 22.59,172.45, 52.18,  1.65, 10.00,2,0,0,0,0,20400,2026-04-25 10:47:49,  0.00,  0.00, 23.90,172.36, 51.47,  1.35, 10.00,2,0,0,0,0,20400, 10.37,  0.46, 23.90, 55.29,  5.40, 14.68, 51.47,  0.00,
1136,2026-04-25 10:49:40,  2.31,  0.52, 14.40,171.57, 55.02,  1.20, 10.00,2,0,0,0,0,20400,2026-04-25 10:50:32,  3.83,  0.54, 23.18,172.54, 51.89,  1.50, 10.00,2,0,0,0,0,20400,2026-04-25 10:50:49,  0.00,  0.00, 23.18,172.54, 51.81,  1.05, 10.00,2,0,0,0,0,20400, 12.49,  0.54, 23.25, 55.38,  5.40, 14.40, 51.78,  0.00,
1137,2026-04-25 11:31:10,  6.17,  0.85, 23.77,196.20, 51.37,  0.00, 10.00,2,0,0,0,0,20400,2026-04-25 11:32:24,  9.62,  0.96, 32.54,184.11, 46.09,  0.00, 10.00,2,0,0,0,0,20400,2026-04-25 11:32:47,  0.00,  0.00, 32.54,184.11, 46.04,  1.20, 10.00,2,0,0,0,0,20400, 31.37,  0.96, 32.54, 52.03,  5.40, 23.77, 46.04,  0.00,
1138,2026-04-25 11:42:42,  5.59,  0.83, 21.93,194.61, 52.22,  0.00, 10.00,2,0,0,0,0,20400,2026-04-25 11:44:40, 10.83,  0.92, 35.95,183.66, 43.24,  0.00,  8.52,2,0,0,0,0,20400,2026-04-25 11:45:06,  0.00,  0.00, 36.43,183.66, 42.71,  0.00,  8.33,2,0,0,0,0,20400, 33.16,  0.96, 36.43, 52.92,  5.40, 21.87, 42.71,  0.00,
1139,2026-04-25 12:08:57,  5.09,  0.87, 19.11,195.50, 53.41,  0.00, 10.00,2,0,0,0,0,20400,2026-04-25 12:10:35, 10.36,  0.92, 35.10,185.70, 44.12,  0.00,  8.86,2,0,0,0,0,20400,2026-04-25 12:10:50,  0.00,  0.00, 35.42,185.70, 43.68,  0.00,  8.73,2,0,0,0,0,20400, 32.23,  0.98, 35.42, 54.01,  5.40, 19.04, 43.68,  0.00,
1140,2026-04-25 12:14:51,  9.77,  1.54, 20.66,194.53, 52.71,  1.35, 10.00,2,0,0,0,0,20400,2026-04-25 12:16:23, 22.43,  1.73, 38.16,181.28, 41.05,  0.00,  7.71,2,0,0,0,0,20400,2026-04-25 12:16:36,  1.50,  0.11, 38.60,181.28, 40.52,  0.00,  7.57,2,0,0,0,0,20400, 66.03,  1.77, 38.60, 53.46,  5.40, 20.66, 40.52,  0.00,
1141,2026-04-25 12:18:27, 21.20,  1.64, 38.16,180.57, 41.26,  2.85,  7.71,2,0,0,0,0,20400,2026-04-25 12:18:28, 23.86,  1.84, 38.16,180.57, 41.27,  2.85,  7.71,2,0,0,0,0,20400,2026-04-25 12:20:35,  0.10,  0.02, 16.77,202.03, 54.33,  2.40, 10.00,2,0,0,0,0,20400, 70.23,  1.84, 38.16, 55.16,  5.40, 16.70, 41.26,  0.00,
1142,2026-04-25 12:33:13, 17.23,  3.32, 16.91,202.47, 54.32,  1.65, 10.00,2,0,0,0,0,20400,2026-04-25 12:34:58, 26.37,  3.76, 22.86,180.57, 52.27,  2.10, 10.00,2,0,0,0,0,20400,2026-04-25 12:35:27,  0.19,  0.03, 23.32,179.96, 51.89,  3.00, 10.00,2,0,0,0,0,20400, 85.96,  3.89, 23.45, 56.14,  5.40, 12.71, 51.89,  0.00,
1143,2026-04-25 12:45:54,  4.41,  1.00, 14.40,193.55, 54.84,  2.10, 10.00,2,0,0,0,0,20400,2026-04-25 12:47:37,  5.61,  1.08, 16.91,181.81, 54.32,  3.30, 10.00,2,0,0,0,0,20400,2026-04-25 12:47:59,  0.24,  0.05, 16.91,181.81, 54.16,  4.05, 10.00,2,0,0,0,0,20400, 18.29,  1.11, 16.91, 55.43,  5.40, 14.33, 54.16,  0.00,
1144,2026-04-25 12:53:59,  4.65,  1.04, 14.54,194.26, 54.80,  2.10, 10.00,2,0,0,0,0,20400,2026-04-25 12:55:29,  7.05,  1.15, 19.92,181.46, 53.30,  2.25, 10.00,2,0,0,0,0,20400,2026-04-25 12:56:24,  0.00,  0.00, 19.65,181.46, 53.19,  2.55, 10.00,2,0,0,0,0,20400, 22.98,  1.17, 19.92, 55.44,  5.40, 14.54, 53.19,  0.00,
1145,2026-04-25 13:00:53,  5.62,  1.18, 15.52,194.26, 54.54,  1.20, 10.00,2,0,0,0,0,20400,2026-04-25 13:00:53,  5.62,  1.18, 15.52,194.26, 54.54,  1.20, 10.00,2,0,0,0,0,20400,2026-04-25 13:02:30,  0.00,  0.00, 13.34,173.95, 55.12,  4.20, 10.00,2,40,2000,0,0,20400, 18.32,  1.18, 15.52, 55.98,  5.40, 12.35, 54.54,  0.00,
1146,2026-04-25 13:07:19,  4.29,  0.88, 15.80,193.29, 54.45,  2.85, 10.00,2,0,0,0,0,20400,2026-04-25 13:08:51,  8.90,  0.96, 30.09,181.46, 48.03,  3.30, 10.00,2,0,0,0,0,20400,2026-04-25 13:09:22,  0.00,  0.00, 30.33,181.37, 47.67,  3.00, 10.00,2,0,0,0,0,20400, 29.00,  1.00, 30.33, 55.06,  5.40, 15.80, 47.67,  0.00,
1147,2026-04-25 13:16:24,  4.50,  0.72, 20.26,179.25, 53.28,  1.80, 10.00,2,0,0,0,0,20400,2026-04-25 13:16:24,  4.50,  0.72, 20.26,179.25, 53.28,  1.80, 10.00,2,0,0,0,0,20400,2026-04-25 13:18:14,  0.02,  0.00, 15.73,152.58, 54.77,  5.25, 10.00,2,0,0,0,0,20400, 14.68,  0.72, 20.33, 55.03,  6.15, 15.73, 53.28,  0.00,
1148,2026-04-25 13:22:37,  5.62,  1.06, 17.26,131.92, 54.01,  2.40, 10.00,2,0,0,0,0,20400,2026-04-25 13:24:41,  7.13,  1.19, 19.51,118.59, 53.46,  4.35, 10.00,2,0,0,0,0,20400,2026-04-25 13:25:10,  0.00,  0.00, 20.12,118.50, 53.04,  5.25, 10.00,2,0,0,0,0,20400, 23.25,  1.19, 20.12, 54.58,  6.15, 17.19, 53.04,  0.00,
1149,2026-04-25 13:33:22, 16.32,  1.56, 33.62,106.75, 45.35,  1.95,  9.53,2,0,0,0,0,20400,2026-04-25 13:35:00, 22.96,  1.71, 38.94,114.08, 40.34,  2.10,  7.45,2,0,0,0,0,20400,2026-04-25 13:35:13,  0.00,  0.00, 39.42,114.08, 39.78,  2.40,  7.29,2,0,0,0,0,20400, 67.45,  1.79, 39.42, 45.99,  6.15, 33.28, 39.78,  0.00,
1150,2026-04-25 13:42:52,  4.71,  1.06, 14.54,130.68, 54.79,  2.70, 10.00,2,0,0,0,0,20400,2026-04-25 13:42:56,  4.87,  1.09, 14.54,130.68, 54.85,  2.70, 10.00,2,0,0,0,0,20400,2026-04-25 13:44:39,  0.00,  0.00, 15.94,109.40, 54.45,  4.95, 10.00,2,0,0,0,0,20400, 15.89,  1.09, 15.94, 55.47,  6.15, 14.47, 54.45,  0.00,
1151,2026-04-25 13:50:11,  4.60,  0.94, 15.94,130.42, 54.38,  3.90, 10.00,2,0,0,0,0,20400,2026-04-25 13:50:17,  4.95,  1.01, 15.94,130.42, 54.45,  4.05, 10.00,2,0,0,0,0,20400,2026-04-25 13:51:58,  0.00,  0.00, 15.31,109.05, 54.65,  4.65, 10.00,2,0,0,0,0,20400, 16.15,  1.01, 15.94, 55.30,  6.15, 13.77, 54.38,  0.00,
1152,2026-04-25 13:56:27,  4.78,  1.08, 14.47,131.57, 54.78,  1.05, 10.00,2,0,0,0,0,20400,2026-04-25 13:58:17,  9.01,  1.14, 25.70,107.02, 50.52,  4.50, 10.00,2,0,0,0,0,20400,2026-04-25 13:58:29,  0.93,  0.12, 25.70,107.02, 50.48,  4.95, 10.00,2,0,0,0,0,20400, 29.36,  1.16, 25.77, 55.46,  6.15, 14.47, 50.44,  0.00,
1153,2026-04-25 14:06:36, 12.28,  1.60, 25.00,133.42, 50.76,  1.05, 10.00,2,0,0,0,0,20400,2026-04-25 14:08:14, 20.99,  2.31, 29.61,149.49, 48.27,  1.50, 10.00,2,0,0,0,0,20400,2026-04-25 14:08:37,  0.00,  0.00, 30.15,149.49, 47.84,  2.10, 10.00,2,0,0,0,0,20400, 68.43,  2.44, 30.15, 51.40,  6.15, 25.00, 47.84,  0.00,
1154,2026-04-25 14:10:32, 11.98,  0.99, 36.58,149.40, 42.60,  2.40,  8.27,2,0,0,0,0,20400,2026-04-25 14:10:35, 13.23,  1.10, 36.53,149.40, 42.71,  2.25,  8.29,2,0,0,0,0,20400,2026-04-25 14:12:02,  0.11,  0.02, 23.58,152.05, 51.51,  4.20, 10.00,2,0,0,0,0,20400, 40.06,  1.10, 36.58, 52.71,  6.15, 22.13, 42.60,  0.00,
1155,2026-04-25 14:15:22,  1.97,  1.23,  5.23,141.55, 56.37,  1.35, 10.00,2,C0,2000,2000,0,20400,2026-04-25 14:17:04,  7.75,  1.20, 21.13,172.63, 52.73,  3.90, 10.00,2,0,0,0,0,20400,2026-04-25 14:17:23,  0.00,  0.00, 20.73,172.54, 52.77,  4.95, 10.00,2,0,0,0,0,20400, 25.26,  1.23, 21.13, 57.01,  6.15,  5.23, 52.67,  0.00,
1156,2026-04-25 14:20:04,  2.26,  0.39, 19.04,170.42, 53.72,  2.85, 10.00,2,0,0,0,0,20400,2026-04-25 14:20:47,  3.58,  0.43, 27.47,174.75, 49.77,  3.30, 10.00,2,0,0,0,0,20400,2026-04-25 14:21:02,  0.00,  0.00, 27.72,174.75, 49.48,  5.85, 10.00,2,0,0,0,0,20400, 11.67,  0.43, 27.78, 54.08,  6.15, 19.04, 49.44,  0.00,
1157,2026-04-25 14:28:11,  1.25,  0.87,  4.72,146.40, 56.44,  1.20, 10.00,2,C0,2000,2000,0,20400,2026-04-25 14:29:31,  2.76,  0.90, 10.00,165.47, 55.92,  2.70, 10.00,2,40,2000,0,0,20400,2026-04-25 14:29:49,  0.00,  0.00, 10.07,165.74, 55.83,  2.70, 10.00,2,40,2000,0,0,20400,  8.99,  0.93, 10.07, 56.94,  6.15,  4.72, 55.83,  0.00,
1158,2026-04-25 14:33:58,  1.52,  0.90,  5.52,145.96, 56.41,  1.50, 10.00,2,C0,2000,2000,0,20400,2026-04-25 14:35:30,  6.23,  0.93, 21.93,165.39, 52.48,  3.00, 10.00,2,0,0,0,0,20400,2026-04-25 14:36:05,  0.00,  0.00, 22.53,165.39, 52.07,  5.10, 10.00,2,0,0,0,0,20400, 20.31,  0.93, 24.55, 57.01,  6.15,  5.52, 51.63,  0.00,
1159,2026-04-25 14:39:37,  1.69,  0.85,  6.46,147.37, 56.29,  3.90, 10.00,2,C0,2000,2000,0,20400,2026-04-25 14:41:07,  4.49,  0.93, 15.73,165.39, 54.68,  1.80, 10.00,2,0,0,0,0,20400,2026-04-25 14:41:29,  0.00,  0.00, 15.73,165.39, 54.54,  1.05, 10.00,2,0,0,0,0,20400, 14.63,  0.96, 15.73, 56.93,  6.15,  6.46, 54.54,  0.00,
1160,2026-04-25 14:47:34,  1.47,  0.77,  6.17,148.96, 56.30,  3.45, 10.00,2,C0,2000,2000,0,20400,2026-04-25 14:48:57,  2.78,  0.98,  9.28,171.21, 56.02,  4.80, 10.00,2,C0,2000,2000,0,20400,2026-04-25 14:49:10,  0.00,  0.00,  9.28,171.30, 55.96,  5.10, 10.00,2,C0,2000,2000,0,20400,  9.05,  0.98,  9.28, 56.87,  6.15,  6.17, 55.96,  0.00,
1161,2026-04-25 14:57:57,  0.91,  0.55,  5.38,149.05, 56.36,  1.65, 10.00,2,C0,2000,2000,0,20400,2026-04-25 14:59:33,  5.28,  0.95, 18.08,169.45, 53.82,  3.75, 10.00,2,0,0,0,0,20400,2026-04-25 14:59:50,  0.00,  0.00, 18.08,169.71, 53.77,  3.30, 10.00,2,0,0,0,0,20400, 17.22,  0.96, 18.08, 56.97,  6.15,  5.30, 53.77,  0.00,
1162,2026-04-25 15:03:47,  1.33,  0.91,  4.72,146.05, 56.41,  3.15, 10.00,2,C0,2000,2000,0,20400,2026-04-25 15:05:22,  8.70,  0.91, 31.27,166.09, 47.04,  2.25, 10.00,2,0,0,0,0,20400,2026-04-25 15:05:42,  0.00,  0.00, 29.06,166.09, 48.47,  3.00, 10.00,2,0,0,0,0,20400, 28.36,  0.97, 31.27, 56.77,  6.15,  4.72, 47.03,  0.00,
1163,2026-04-25 15:10:33,  1.45,  0.86,  5.52,146.67, 56.38,  2.40, 10.00,2,C0,2000,2000,0,20400,2026-04-25 15:12:04,  3.69,  0.95, 12.63,168.30, 55.49,  5.10, 10.00,2,40,2000,0,0,20400,2026-04-25 15:12:23,  0.01,  0.00, 12.14,168.30, 55.44,  4.95, 10.00,2,40,2000,0,0,20400, 12.04,  0.97, 12.71, 56.97,  6.15,  5.52, 55.41,  0.00,
1164,2026-04-25 15:17:43,  6.22,  0.77, 26.47,132.72, 49.93,  1.05, 10.00,2,0,0,0,0,20400,2026-04-25 15:17:55, 19.53,  2.41, 26.47,132.72, 50.02,  1.05, 10.00,2,0,0,0,0,20400,2026-04-25 15:20:40,  0.00,  0.00, 19.65,110.82, 53.21,  2.70, 10.00,2,0,0,0,0,20400, 63.68,  2.41, 26.47, 56.75,  6.15,  8.99, 49.93,  0.00,
1165,2026-04-25 15:23:57,  3.88,  0.86, 14.68, 85.83, 54.83,  0.00, 10.00,2,0,0,0,0,20400,2026-04-25 15:24:03,  4.38,  0.97, 14.68, 85.83, 54.85,  0.00, 10.00,2,0,0,0,0,20400,2026-04-25 15:26:15,  0.00,  0.00,  6.90,101.55, 56.40,  1.50, 10.00,2,C0,2000,2000,0,20400, 14.26,  1.00, 14.68, 56.84,  6.15,  6.83, 54.83,  0.00,
1166,2026-04-25 15:28:43,  8.16,  1.34, 19.92, 72.85, 53.14,  1.95, 10.00,2,0,0,0,0,20400,2026-04-25 15:30:24, 10.08,  1.28, 25.70,106.67, 50.68,  4.35, 10.00,2,0,0,0,0,20400,2026-04-25 15:30:52,  0.28,  0.03, 26.78,106.67, 49.94,  3.45, 10.00,2,0,0,0,0,20400, 32.88,  1.34, 26.78, 56.18,  6.15, 12.00, 49.94,  0.00,
1167,2026-04-25 15:33:09,  2.17,  0.47, 15.03, 85.83, 54.81,  3.30, 10.00,2,0,0,0,0,20400,2026-04-25 15:33:09,  2.17,  0.47, 15.03, 85.83, 54.81,  3.30, 10.00,2,0,0,0,0,20400,2026-04-25 15:34:28,  0.00,  0.00,  8.78,101.72, 56.15,  1.65, 10.00,2,C0,2000,2000,0,20400,  7.07,  0.49, 15.03, 56.54,  6.15,  8.78, 54.81,  0.00,
1168,2026-04-27 07:31:14,  1.28,  0.80,  5.23, 87.15, 56.36,  0.00, 10.00,2,C0,2000,2000,0,20400,2026-04-27 07:33:41, 19.65,  0.98, 48.79, 92.36, 24.02,  1.05,  4.98,2,10,1000,0,0,20400,2026-04-27 07:34:07,  0.00,  0.00, 48.74, 92.36, 24.08,  1.50,  4.99,2,10,1000,0,0,20400, 47.77,  0.98, 48.79, 57.12,  6.15,  5.23, 24.02,  0.00,
1169,2026-04-27 07:40:29,  8.08,  0.49, 43.29, 74.35, 34.65,  0.00,  6.06,2,0,0,0,0,20400,2026-04-27 07:40:29,  8.08,  0.49, 43.29, 74.35, 34.65,  0.00,  6.06,2,0,0,0,0,20400,2026-04-27 07:43:55,  0.00,  0.00, 11.50,110.29, 55.60,  0.00, 10.00,2,40,2000,0,0,20400, 21.19,  0.49, 43.29, 56.62,  6.15, 10.93, 34.65,  0.00,
1170,2026-04-27 08:03:03,  1.08,  0.63,  5.60, 72.94, 56.41,  0.00, 10.00,2,C0,2000,2000,0,20400,2026-04-27 08:06:12, 12.87,  0.76, 44.00, 94.39, 33.76,  1.50,  5.87,2,0,0,0,0,20400,2026-04-27 08:06:40,  0.78,  0.05, 44.08, 94.30, 33.44,  1.65,  5.85,2,0,0,0,0,20400, 33.23,  0.78, 44.08, 57.43,  6.15,  5.60, 33.44,  0.00,
1171,2026-04-27 08:19:06,  3.07,  0.44, 22.53, 89.18, 52.27,  1.80, 10.00,2,0,0,0,0,20400,2026-04-27 08:19:06,  3.15,  0.46, 22.53, 89.18, 52.29,  1.80, 10.00,2,0,0,0,0,20400,2026-04-27 08:22:01,  0.00,  0.00, 12.78, 94.75, 55.51,  0.00, 10.00,2,40,2000,0,0,20400, 10.26,  0.46, 22.53, 56.15,  6.15, 11.28, 52.27,  0.00,
1172,2026-04-27 08:26:12,  1.36,  0.20, 22.53, 88.92, 52.16,  1.20, 10.00,2,0,0,0,0,20400,2026-04-27 08:26:33,  3.73,  0.54, 22.40, 89.01, 52.36,  0.00, 10.00,2,0,0,0,0,20400,2026-04-27 08:28:38,  0.00,  0.00, 16.49, 96.25, 54.52,  0.00, 10.00,2,0,0,0,0,20400, 12.15,  0.54, 22.59, 55.01,  6.15, 15.94, 52.16,  0.00,
1173,2026-04-27 08:45:16,  1.34,  0.22, 20.12, 94.22, 53.21,  0.00, 10.00,2,0,0,0,0,20400,2026-04-27 08:48:56,  3.74,  0.30, 37.25, 93.33, 42.27,  0.00,  8.02,2,0,0,0,0,20400,2026-04-27 08:50:05,  0.00,  0.00, 37.25, 93.42, 42.11,  0.00,  8.02,2,0,0,0,0,20400, 11.17,  0.35, 37.30, 53.29,  6.15, 20.12, 42.07,  0.00,
1174,2026-04-27 09:08:31,  3.05,  0.36, 27.28,112.32, 49.82,  0.00, 10.00,2,0,0,0,0,20400,2026-04-27 09:08:32,  3.11,  0.37, 27.28,112.32, 49.82,  0.00, 10.00,2,0,0,0,0,20400,2026-04-27 09:11:06,  0.00,  0.00, 13.91,135.36, 55.18,  0.00, 10.00,2,40,2000,0,0,20400, 10.15,  0.38, 27.34, 55.25,  6.15, 13.84, 49.82,  0.00,
1175,2026-04-27 09:15:07,  6.92,  1.64, 13.77,134.48, 55.20,  0.00, 10.00,2,40,2000,0,0,20400,2026-04-27 09:15:08,  7.90,  1.89, 13.63,134.48, 55.24,  0.00, 10.00,2,40,2000,0,0,20400,2026-04-27 09:17:39,  0.00,  0.00,  5.74,163.53, 56.67,  0.00, 10.00,2,C0,2000,2000,0,20400, 25.75,  1.89, 13.77, 57.27,  6.15,  5.67, 55.20,  0.00,
1176,2026-04-27 09:26:54,  6.02,  0.82, 23.84,132.36, 51.34,  0.00, 10.00,2,0,0,0,0,20400,2026-04-27 09:29:37, 14.67,  0.94, 41.96,123.80, 36.58,  0.00,  6.41,2,0,0,0,0,20400,2026-04-27 09:29:58,  0.00,  0.00, 41.96,123.71, 36.50,  0.00,  6.41,2,0,0,0,0,20400, 39.49,  0.98, 42.13, 52.06,  6.15, 23.77, 36.45,  0.00,
1177,2026-04-27 09:35:06,  5.57,  1.07, 16.98,133.07, 54.09,  0.00, 10.00,2,0,0,0,0,20400,2026-04-27 09:35:09,  5.63,  1.08, 16.98,133.07, 54.13,  0.00, 10.00,2,0,0,0,0,20400,2026-04-27 09:37:23,  0.00,  0.00,  7.19,156.11, 56.26,  0.00, 10.00,2,C0,2000,2000,0,20400, 18.37,  1.08, 17.05, 56.81,  6.15,  7.19, 54.07,  0.00,
1178,2026-04-27 09:40:41,  1.27,  0.41, 10.07,148.26, 55.85,  0.00, 10.00,2,40,2000,0,0,20400,2026-04-27 09:40:41,  1.27,  0.41, 10.07,148.26, 55.85,  0.00, 10.00,2,40,2000,0,0,20400,2026-04-27 09:42:24,  0.00,  0.00,  7.91,166.62, 56.23,  0.00, 10.00,2,C0,2000,2000,0,20400,  4.13,  0.41, 10.07, 56.90,  6.15,  7.84, 55.85,  0.00,
1179,2026-04-27 09:52:37,  5.46,  0.92, 19.31,133.07, 53.25,  0.00, 10.00,2,0,0,0,0,20400,2026-04-27 09:54:27, 10.58,  0.94, 34.94,125.03, 44.12,  0.00,  8.93,2,0,0,0,0,20400,2026-04-27 09:54:50,  0.00,  0.00, 35.37,125.12, 43.68,  0.00,  8.75,2,0,0,0,0,20400, 33.01,  0.99, 35.37, 54.08,  6.15, 19.24, 43.68,  0.00,
1180,2026-04-27 09:58:31,  9.32,  1.19, 25.58,134.39, 50.40,  0.00, 10.00,2,0,0,0,0,20400,2026-04-27 09:58:33, 10.33,  1.32, 25.58,134.39, 50.47,  0.00, 10.00,2,0,0,0,0,20400,2026-04-27 10:01:24,  0.00,  0.00,  5.81,167.95, 56.39,  0.00, 10.00,2,C0,2000,2000,0,20400, 33.68,  1.32, 25.58, 57.01,  6.15,  5.81, 50.40,  0.00,
1181,2026-04-27 10:17:41,  0.58,  0.30,  6.17,102.08, 56.72,  0.00, 10.00,2,C0,2000,2000,0,20400,2026-04-27 10:19:02,  2.99,  0.37, 26.21,112.94, 50.46,  0.00, 10.00,2,0,0,0,0,20400,2026-04-27 10:19:16,  0.00,  0.00, 26.21,112.94, 50.37,  0.00, 10.00,2,0,0,0,0,20400,  9.75,  0.37, 26.21, 57.18,  6.15,  6.17, 50.37,  0.00,
1182,2026-04-27 10:23:38, 13.79,  1.24, 34.72,137.48, 44.15,  0.00,  9.03,2,0,0,0,0,20400,2026-04-27 10:24:31, 22.70,  2.09, 34.28,137.48, 44.55,  0.00,  9.23,2,0,0,0,0,20400,2026-04-27 10:29:17,  0.00,  0.00,  5.89,162.83, 56.38,  0.00, 10.00,2,C0,2000,2000,0,20400, 71.81,  2.09, 34.72, 56.84,  6.15,  5.89, 44.15,  0.00,
1183,2026-04-27 10:34:00,  4.71,  0.97, 15.80,132.72, 54.39,  0.00, 10.00,2,0,0,0,0,20400,2026-04-27 10:36:18, 19.40,  1.15, 43.77,124.33, 34.13,  0.00,  5.93,2,0,0,0,0,20400,2026-04-27 10:36:52,  0.00,  0.00, 44.16,124.33, 33.32,  0.00,  5.82,2,0,0,0,0,20400, 50.33,  1.16, 44.20, 55.31,  6.15, 15.73, 33.26,  0.00,
1184,2026-04-27 10:46:06,  8.10,  0.65, 37.25,156.91, 42.03,  0.00,  8.02,2,0,0,0,0,20400,2026-04-27 10:48:08, 11.27,  0.71, 42.26,132.45, 36.24,  0.00,  6.33,2,0,0,0,0,20400,2026-04-27 10:48:28,  0.00,  0.00, 42.26,132.54, 36.12,  0.00,  6.33,2,0,0,0,0,20400, 30.15,  0.71, 42.26, 42.82,  6.15, 37.25, 36.12,  0.00,
1185,2026-04-27 10:51:10,  7.80,  1.22, 20.80,134.75, 52.73,  0.00, 10.00,2,0,0,0,0,20400,2026-04-27 10:53:17, 16.29,  1.25, 38.31,149.93, 41.03,  1.05,  7.66,2,0,0,0,0,20400,2026-04-27 10:54:32,  0.00,  0.00, 37.05,149.85, 42.17,  2.10,  8.08,2,0,0,0,0,20400, 47.83,  1.32, 38.35, 53.89,  6.15, 19.85, 40.97,  0.00,
1186,2026-04-27 11:52:20,  3.67,  0.37, 32.54,166.53, 46.15,  3.45, 10.00,2,0,0,0,0,20400,2026-04-27 11:54:21,  5.91,  0.58, 33.00,166.53, 45.85,  2.85,  9.82,2,0,0,0,0,20400,2026-04-27 11:57:14,  0.00,  0.00, 18.70,168.65, 53.78,  3.75, 10.00,2,0,0,0,0,20400, 19.16,  0.61, 33.00, 54.70,  6.15, 16.98, 45.84,  0.00,
1187,2026-04-27 12:03:10,  1.19,  0.38, 10.14,137.04, 55.80,  1.05, 10.00,2,40,2000,0,0,20400,2026-04-27 12:05:17,  2.42,  0.35, 22.33,112.49, 52.28,  5.70, 10.00,2,0,0,0,0,20400,2026-04-27 12:05:40,  0.00,  0.00, 22.26,112.49, 52.13,  4.05, 10.00,2,0,0,0,0,20400,  7.88,  0.39, 22.33, 56.72,  6.15, 10.14, 52.10,  0.00,
1188,2026-04-27 12:10:11,  2.95,  0.60, 16.15, 80.44, 54.32,  1.05, 10.00,2,0,0,0,0,20400,2026-04-27 12:12:27,  4.08,  0.57, 23.18,112.23, 51.83,  3.45, 10.00,2,0,0,0,0,20400,2026-04-27 12:12:45,  0.08,  0.01, 23.18,112.23, 51.68,  4.35, 10.00,2,0,0,0,0,20400, 13.29,  0.63, 23.97, 55.24,  6.15, 16.08, 51.68,  0.00,
1189,2026-04-27 12:17:28,  1.41,  0.62,  7.40, 87.24, 56.18,  2.10, 10.00,2,C0,2000,2000,0,20400,2026-04-27 12:19:39,  4.58,  0.73, 20.39,113.55, 53.01,  6.15, 10.00,2,0,0,0,0,20400,2026-04-27 12:19:57,  0.00,  0.00, 20.39,113.55, 52.89,  5.70, 10.00,2,0,0,0,0,20400, 14.94,  0.73, 20.46, 57.12,  7.20,  7.40, 52.89,  0.00,
1190,2026-04-27 12:25:31,  0.47,  0.29,  5.30,126.53, 56.43,  1.65, 10.00,2,C0,2000,2000,0,20400,2026-04-27 12:27:34,  1.91,  0.35, 17.81,109.40, 54.11,  4.50, 10.00,2,0,0,0,0,20400,2026-04-27 12:28:08,  0.00,  0.00, 17.74,109.40, 53.92,  3.60, 10.00,2,0,0,0,0,20400,  6.22,  0.36, 18.22, 57.34,  7.20,  5.16, 53.92,  0.00,
1191,2026-04-27 12:48:09,  0.87,  0.50,  5.67,141.63, 56.34,  1.65, 10.00,2,C0,2000,2000,0,20400,2026-04-27 12:49:58,  3.40,  0.44, 25.39,166.53, 50.81,  4.35, 10.00,2,0,0,0,0,20400,2026-04-27 12:50:28,  0.00,  0.00, 25.39,166.53, 50.64,  5.85, 10.00,2,0,0,0,0,20400, 11.08,  0.50, 25.45, 57.31,  7.20,  5.60, 50.64,  0.00,
1192,2026-04-27 12:58:23,  4.43,  0.85, 16.91,194.08, 54.07,  1.20, 10.00,2,0,0,0,0,20400,2026-04-27 13:01:34, 15.78,  1.02, 41.87,180.84, 36.68,  1.20,  6.44,2,0,0,0,0,20400,2026-04-27 13:01:45,  0.06,  0.00, 42.05,180.84, 36.39,  1.65,  6.39,2,0,0,0,0,20400, 42.59,  1.04, 42.05, 56.28,  7.20, 12.35, 36.39,  0.00,
1193,2026-04-27 13:44:04, 11.65,  1.17, 32.49,152.85, 46.13,  3.30, 10.00,2,0,0,0,0,20400,2026-04-27 13:44:24, 12.95,  1.30, 32.43,152.85, 46.20,  2.85, 10.00,2,0,0,0,0,20400,2026-04-27 13:46:51,  0.00,  0.00, 13.77,169.18, 55.07,  2.70, 10.00,2,40,2000,0,0,20400, 42.21,  1.30, 32.49, 56.86,  7.20,  8.20, 46.13,  0.00,
1194,2026-04-27 14:02:41,  4.54,  0.78, 19.04,132.45, 53.35,  0.00, 10.00,2,0,0,0,0,20400,2026-04-27 14:04:07,  8.21,  0.91, 29.37,125.47, 48.36,  2.10, 10.00,2,0,0,0,0,20400,2026-04-27 14:04:31,  0.00,  0.00, 29.43,125.47, 48.27,  1.35, 10.00,2,0,0,0,0,20400, 26.75,  0.93, 29.43, 54.13,  7.20, 19.04, 48.27,  0.00,
1195,2026-04-27 14:08:25,  4.53,  0.78, 18.90,131.57, 53.39,  0.00, 10.00,2,0,0,0,0,20400,2026-04-27 14:09:57,  7.99,  0.90, 28.94,122.83, 48.65,  1.80, 10.00,2,0,0,0,0,20400,2026-04-27 14:10:18,  0.00,  0.00, 29.19,122.83, 48.41,  1.95, 10.00,2,0,0,0,0,20400, 26.03,  0.95, 29.19, 54.27,  7.20, 18.90, 48.41,  0.00,
1196,2026-04-27 14:17:50,  4.47,  0.74, 19.58, 93.42, 53.36,  3.45, 10.00,2,0,0,0,0,20400,2026-04-27 14:17:52,  4.54,  0.76, 19.58, 93.42, 53.40,  3.45, 10.00,2,0,0,0,0,20400,2026-04-27 14:19:29,  0.00,  0.00, 16.36, 78.94, 54.28,  1.95, 10.00,2,0,0,0,0,20400, 14.79,  0.76, 19.58, 54.76,  7.20, 16.36, 53.36,  0.00,
1197,2026-04-27 14:24:12,  1.67,  0.81,  6.75, 86.62, 56.20,  2.10, 10.00,2,C0,2000,2000,0,20400,2026-04-27 14:25:50,  8.70,  0.93, 30.62, 92.19, 47.60,  1.05, 10.00,2,0,0,0,0,20400,2026-04-27 14:26:17,  0.00,  0.00, 30.33, 92.19, 47.65,  1.65, 10.00,2,0,0,0,0,20400, 28.36,  0.93, 30.62, 57.18,  7.20,  6.75, 47.60,  0.00,
1198,2026-04-27 14:36:19,  2.28,  0.57, 12.99, 78.68, 55.25,  1.05, 10.00,2,40,2000,0,0,20400,2026-04-27 14:36:19,  2.84,  0.71, 12.99, 78.68, 55.25,  0.00, 10.00,2,40,2000,0,0,20400,2026-04-27 14:38:23,  0.00,  0.00, 12.28,102.96, 55.47,  2.25, 10.00,2,40,2000,0,0,20400,  9.27,  0.71, 12.99, 56.35,  7.20, 12.21, 55.25,  0.00,
1199,2026-04-27 14:41:41,  2.77,  0.68, 13.27, 78.76, 55.16,  3.30, 10.00,2,40,2000,0,0,20400,2026-04-27 14:43:30,  7.07,  0.62, 35.37, 91.57, 43.86,  2.55,  8.75,2,0,0,0,0,20400,2026-04-27 14:43:52,  0.00,  0.00, 35.79, 91.57, 43.38,  2.25,  8.58,2,0,0,0,0,20400, 21.88,  0.69, 35.79, 56.19,  7.20, 13.27, 43.38,  0.00,
1200,2026-04-28 07:43:46,  1.87,  0.27, 22.26, 89.01, 52.27,  1.80, 10.00,2,0,0,0,0,20400,2026-04-28 07:45:22,  5.88,  0.64, 29.91, 93.42, 48.30,  3.30, 10.00,2,0,0,0,0,20400,2026-04-28 07:46:44,  0.73,  0.08, 29.97, 93.42, 48.08,  2.70, 10.00,2,0,0,0,0,20400, 19.18,  0.64, 30.03, 52.66,  7.20, 22.26, 48.08,  0.00,
1201,2026-04-28 08:01:18,  1.09,  0.16, 22.33, 89.18, 52.19,  2.55, 10.00,2,0,0,0,0,20400,2026-04-28 08:03:00,  6.54,  0.75, 28.52, 93.77, 49.18,  3.30, 10.00,2,0,0,0,0,20400,2026-04-28 08:04:39,  0.54,  0.06, 28.94, 93.77, 48.73,  3.00, 10.00,2,0,0,0,0,20400, 21.32,  0.75, 29.00, 52.62,  7.20, 22.33, 48.69,  0.00,
1202,2026-04-28 08:08:54,  1.90,  0.31, 19.92, 93.16, 53.31,  3.15, 10.00,2,0,0,0,0,20400,2026-04-28 08:10:03,  3.08,  0.31, 32.66, 94.66, 46.33,  3.00,  9.97,2,0,0,0,0,20400,2026-04-28 08:11:02,  0.15,  0.02, 32.43, 94.66, 46.31,  2.70, 10.00,2,0,0,0,0,20400, 10.04,  0.34, 32.66, 53.43,  7.20, 19.92, 46.27,  0.00,
1203,2026-04-28 08:16:42,  2.14,  0.80,  8.70, 87.06, 55.98,  1.65, 10.00,2,C0,2000,2000,0,20400,2026-04-28 08:18:49, 10.64,  0.91, 35.85, 98.72, 43.29,  2.40,  8.56,2,0,0,0,0,20400,2026-04-28 08:19:08,  0.00,  0.00, 36.01, 98.72, 43.06,  2.85,  8.50,2,0,0,0,0,20400, 32.65,  0.91, 36.01, 56.87,  7.20,  8.70, 43.06,  0.00,
1204,2026-04-28 08:22:46,  2.46,  0.63, 12.71, 79.03, 55.30,  0.00, 10.00,2,40,2000,0,0,20400,2026-04-28 08:24:56, 14.33,  0.83, 44.16, 94.48, 33.43,  1.80,  5.82,2,0,0,0,0,20400,2026-04-28 08:26:00,  2.58,  0.14, 45.19, 94.48, 31.62,  1.20,  5.58,2,0,0,0,0,20400, 36.87,  0.83, 45.19, 56.09,  7.20, 12.63, 31.62,  0.00,
1205,2026-04-28 08:40:56,  3.32,  0.86, 12.56, 96.51, 55.32,  2.55, 10.00,2,40,2000,0,0,20400,2026-04-28 08:42:08,  5.24,  0.87, 19.65, 93.42, 53.30,  3.00, 10.00,2,0,0,0,0,20400,2026-04-28 08:42:25,  0.00,  0.00, 19.99, 93.42, 53.09,  3.00, 10.00,2,0,0,0,0,20400, 17.08,  0.88, 19.99, 55.79,  7.20, 12.49, 53.09,  0.00,
1206,2026-04-28 09:00:53,  3.56,  0.34, 33.73, 95.72, 45.15,  1.80,  9.48,2,0,0,0,0,20400,2026-04-28 09:03:53, 17.17,  0.96, 45.09,114.26, 31.99,  4.50,  5.59,2,0,0,0,0,20400,2026-04-28 09:04:07,  1.70,  0.09, 45.34,114.26, 31.47,  4.65,  5.57,2,0,0,0,0,20400, 43.29,  1.00, 45.34, 50.43,  7.20, 27.22, 31.47,  0.00,
1207,2026-04-28 09:18:34,  9.55,  0.83, 35.58, 98.98, 43.49,  3.60,  8.67,2,0,0,0,0,20400,2026-04-28 09:18:34,  9.55,  0.83, 35.58, 98.98, 43.49,  3.60,  8.67,2,0,0,0,0,20400,2026-04-28 09:20:18,  0.00,  0.00, 29.85,105.70, 47.96,  2.70, 10.00,2,0,0,0,0,20400, 29.44,  0.83, 35.58, 48.38,  7.20, 29.79, 43.49,  0.00,
1208,2026-04-28 09:54:39,  5.02,  0.36, 39.75, 81.06, 39.22,  1.50,  7.18,2,0,0,0,0,20400,2026-04-28 09:54:45,  7.03,  0.50, 39.75, 81.06, 39.24,  1.50,  7.18,2,0,0,0,0,20400,2026-04-28 09:57:14,  0.00,  0.00, 32.26, 90.33, 46.30,  2.40, 10.00,2,0,0,0,0,20400, 20.06,  0.51, 39.75, 51.58,  7.20, 25.39, 39.22,  0.00,
1209,2026-04-28 10:00:11,  5.56,  1.11, 16.29,112.41, 54.41,  3.15, 10.00,2,0,0,0,0,20400,2026-04-28 10:01:08, 10.40,  1.24, 27.40,114.17, 49.63,  3.45, 10.00,2,0,0,0,0,20400,2026-04-28 10:01:35,  0.00,  0.00, 27.65,114.17, 49.38,  3.30, 10.00,2,0,0,0,0,20400, 33.90,  1.25, 27.65, 54.74,  7.20, 16.29, 49.38,  0.00,
1210,2026-04-28 10:20:13,  2.19,  0.21, 33.22, 81.50, 45.45,  1.95,  9.71,2,0,0,0,0,20400,2026-04-28 10:20:18,  3.16,  0.31, 33.22, 81.50, 45.51,  1.50,  9.71,2,0,0,0,0,20400,2026-04-28 10:20:46,  0.39,  0.05, 25.83, 84.68, 51.34,  1.35, 10.00,2,0,0,0,0,20400, 10.21,  0.31, 33.22, 51.34,  7.20, 25.83, 45.45,  0.00,
1211,2026-04-28 10:38:07,  1.92,  0.39, 16.15,120.71, 54.56,  1.20, 10.00,2,0,0,0,0,20400,2026-04-28 10:40:07,  9.45,  0.54, 44.61,114.70, 32.85,  2.85,  5.70,2,0,0,0,0,20400,2026-04-28 10:40:27,  0.60,  0.03, 44.61,114.79, 32.73,  4.50,  5.70,2,0,0,0,0,20400, 24.04,  0.54, 44.65, 55.04,  7.20, 16.15, 32.73,  0.00,
1212,2026-04-28 11:03:42,  5.68,  0.38, 40.99, 73.38, 37.78,  1.05,  6.75,2,0,0,0,0,20400,2026-04-28 11:03:42,  5.68,  0.38, 40.99, 73.38, 37.78,  1.05,  6.75,2,0,0,0,0,20400,2026-04-28 11:04:34,  0.52,  0.08, 20.19, 68.52, 53.75,  1.35, 10.00,2,0,0,0,0,20400, 15.71,  0.38, 40.99, 53.75,  7.20, 20.19, 37.78,  0.00,
1213,2026-04-28 14:38:40,  1.69,  0.44, 12.63,  0.00, 55.31,  1.65, 10.00,2,40,2000,0,0,20404,2026-04-28 14:38:40,  1.69,  0.44, 12.63,  0.00, 55.31,  1.65, 10.00,2,40,2000,0,0,20404,2026-04-28 14:39:23,  0.68,  0.17, 12.63,360.00, 56.26,  0.00, 10.00,2,40,2000,0,0,20400,  5.51,  0.44, 12.63, 56.28,  7.20, 12.56, 55.31,  0.00,
1214,2026-04-28 14:50:43,  2.21,  0.44, 16.36,  0.00, 54.33,  1.20, 10.00,2,0,0,0,0,20404,2026-04-28 14:53:17,  5.65,  0.46, 36.94, 26.84, 42.32,  3.15,  8.12,2,0,0,0,0,20400,2026-04-28 14:53:24,  0.00,  0.00, 36.94, 26.84, 42.26,  3.30,  8.12,2,0,0,0,0,20400, 16.96,  0.46, 36.94, 55.18,  7.20, 16.29, 42.26,  0.00,
1215,2026-04-28 14:58:12,  4.35,  1.29, 11.00, 22.52, 55.65,  2.55, 10.00,2,40,2000,0,0,20400,2026-04-28 14:59:56,  7.04,  1.26, 18.15, 31.17, 53.99,  2.10, 10.00,2,0,0,0,0,20400,2026-04-28 15:00:26,  0.00,  0.00, 18.22, 31.08, 53.83,  1.35, 10.00,2,0,0,0,0,20400, 22.94,  1.43, 18.36, 56.62,  7.20, 11.00, 53.83,  0.00,
1216,2026-04-28 15:04:08,  3.48,  1.11, 10.21, 22.52, 55.77,  2.85, 10.00,2,40,2000,0,0,20400,2026-04-28 15:06:10, 10.89,  1.24, 28.52, 29.49, 48.97,  1.95, 10.00,2,0,0,0,0,20400,2026-04-28 15:06:27,  0.00,  0.00, 28.64, 29.58, 48.82,  1.65, 10.00,2,0,0,0,0,20400, 35.50,  1.46, 28.64, 56.58,  7.20, 10.14, 48.82,  0.00,
1217,2026-04-28 15:10:08,  2.24,  0.47, 15.66, 22.52, 54.54,  2.25, 10.00,2,0,0,0,0,20400,2026-04-28 15:11:44,  5.12,  0.49, 33.56, 28.96, 45.36,  2.40,  9.56,2,0,0,0,0,20400,2026-04-28 15:11:59,  0.00,  0.00, 33.84, 28.96, 45.04,  2.70,  9.43,2,0,0,0,0,20400, 16.43,  0.49, 33.84, 55.15,  7.20, 15.66, 45.04,  0.00,
1218,2026-04-28 15:15:09,  3.04,  0.30, 32.88, 43.71, 45.88,  3.45,  9.87,2,0,0,0,0,20400,2026-04-28 15:17:31,  6.22,  0.62, 32.60, 43.71, 46.15,  4.50, 10.00,2,0,0,0,0,20400,2026-04-28 15:20:26,  0.00,  0.00, 20.73, 41.15, 53.00,  2.40, 10.00,2,0,0,0,0,20400, 20.29,  0.64, 32.94, 53.20,  7.20, 20.66, 45.84,  0.00,
1219,2026-04-28 15:32:02,  1.82,  0.18, 33.00, 44.33, 45.92,  2.85,  9.82,2,0,0,0,0,20400,2026-04-28 15:32:08,  2.94,  0.29, 33.00, 44.33, 45.97,  3.30,  9.82,2,0,0,0,0,20400,2026-04-28 15:35:17,  0.00,  0.00, 18.22, 41.77, 54.03,  3.90, 10.00,2,0,0,0,0,20400,  9.52,  0.29, 33.00, 54.75,  7.20, 17.12, 45.92,  0.00,
1220,2026-04-28 15:54:00,  2.65,  0.27, 31.56, 43.80, 46.86,  3.15, 10.00,2,0,0,0,0,20400,2026-04-28 15:55:19,  5.63,  0.56, 32.66, 43.80, 46.12,  2.85,  9.97,2,0,0,0,0,20400,2026-04-28 15:58:41,  0.05,  0.01, 21.00, 42.21, 52.91,  4.05, 10.00,2,0,0,0,0,20400, 18.34,  0.56, 32.66, 53.38,  7.20, 20.73, 46.11,  0.00,
1221,2026-04-28 16:05:14,  3.23,  0.49, 21.53,  0.00, 52.40,  1.20, 10.00,2,0,0,0,0,20404,2026-04-28 16:05:17,  4.21,  0.64, 21.53,  0.00, 52.43,  1.05, 10.00,2,0,0,0,0,20404,2026-04-28 16:07:02,  0.00,  0.00, 11.57, 28.96, 55.62,  1.65, 10.00,2,40,2000,0,0,20400, 13.73,  0.64, 21.53, 56.33,  7.20, 11.00, 52.40,  0.00,
1222,2026-04-28 16:10:42, 12.18,  1.61, 24.68,  0.00, 50.91,  1.05, 10.00,2,0,0,0,0,20404,2026-04-28 16:10:47, 13.30,  1.76, 24.68,  0.00, 50.95,  1.05, 10.00,2,0,0,0,0,20404,2026-04-28 16:13:27,  0.00,  0.00,  7.91, 30.91, 56.20,  1.65, 10.00,2,C0,2000,2000,0,20400, 43.37,  1.76, 24.74, 56.72,  7.20,  7.91, 50.88,  0.00,
1223,2026-04-28 16:16:54,  9.86,  1.23, 26.15,  0.00, 50.13,  2.55, 10.00,2,0,0,0,0,20404,2026-04-28 16:16:59, 12.09,  1.52, 25.96,  0.00, 50.32,  2.10, 10.00,2,0,0,0,0,20404,2026-04-28 16:18:50,  0.00,  0.00,  6.75, 30.99, 56.34,  2.25, 10.00,2,C0,2000,2000,0,20400, 39.41,  1.52, 26.15, 56.78,  7.20,  6.75, 50.13,  0.00,
1224,2026-04-28 16:21:38,  9.50,  1.48, 20.93,  0.00, 52.64,  0.00, 10.00,2,0,0,0,0,20404,2026-04-28 16:21:46, 11.38,  1.78, 20.80,  0.00, 52.71,  0.00, 10.00,2,0,0,0,0,20404,2026-04-28 16:23:52,  0.00,  0.00,  8.85, 41.59, 56.09,  1.95, 10.00,2,C0,2000,2000,0,20400, 37.09,  1.78, 20.93, 56.92,  7.20,  8.27, 52.64,  0.00,
1225,2026-04-28 16:27:20,  7.39,  0.94, 25.70,  0.00, 50.39,  1.20, 10.00,2,0,0,0,0,20404,2026-04-28 16:27:23,  8.63,  1.10, 25.64,  0.00, 50.43,  1.20, 10.00,2,0,0,0,0,20404,2026-04-28 16:30:11,  0.00,  0.00,  8.05, 41.85, 56.19,  3.60, 10.00,2,C0,2000,2000,0,20400, 28.12,  1.10, 25.70, 57.03,  7.20,  8.05, 50.39,  0.00,
1226,2026-04-28 16:33:42,  4.29,  0.58, 24.10, 22.34, 51.15,  0.00, 10.00,2,0,0,0,0,20400,2026-04-28 16:33:49,  7.15,  0.97, 24.10, 22.34, 51.21,  0.00, 10.00,2,0,0,0,0,20400,2026-04-28 16:35:27,  0.00,  0.00, 10.71, 29.58, 55.73,  1.65, 10.00,2,40,2000,0,0,20400, 23.32,  0.97, 24.16, 56.23,  7.20, 10.71, 51.12,  0.00,
1227,2026-04-28 16:39:04,  3.97,  0.47, 27.53,  0.00, 49.32,  0.00, 10.00,2,0,0,0,0,20404,2026-04-28 16:39:16,  5.00,  0.59, 27.53,  0.00, 49.38,  0.00, 10.00,2,0,0,0,0,20404,2026-04-28 16:41:27,  0.00,  0.00, 10.71, 42.91, 55.75,  2.55, 10.00,2,40,2000,0,0,20400, 16.30,  0.59, 27.59, 56.61,  7.20,  9.71, 49.32,  0.00,
1228,2026-04-28 16:44:36,  5.43,  0.79, 22.53,  0.00, 51.96,  1.35, 10.00,2,0,0,0,0,20404,2026-04-28 16:44:43,  7.47,  1.08, 22.53,  0.00, 51.98,  1.35, 10.00,2,0,0,0,0,20404,2026-04-28 16:47:48,  0.00,  0.00, 12.99, 37.97, 55.26,  1.80, 10.00,2,40,2000,0,0,20400, 24.37,  1.08, 22.53, 55.39,  7.20, 12.99, 51.96,  0.00,
1229,2026-04-28 16:53:31, 11.97,  1.36, 28.64,  0.00, 48.69,  2.10, 10.00,2,0,0,0,0,20404,2026-04-28 16:53:36, 17.20,  1.96, 28.58,  0.00, 48.76,  2.10, 10.00,2,0,0,0,0,20404,2026-04-28 16:56:07,  0.00,  0.00, 14.96, 37.97, 54.76,  3.75, 10.00,2,0,0,0,0,20400, 56.07,  1.96, 28.70, 55.55,  7.20, 14.33, 48.65,  0.00,
1230,2026-04-28 17:03:51,  7.69,  0.71, 34.17,357.09, 44.81,  2.10,  9.28,2,0,0,0,0,20400,2026-04-28 17:03:53,  9.09,  0.85, 34.12,357.09, 44.88,  2.10,  9.31,2,0,0,0,0,20400,2026-04-28 17:05:31,  0.00,  0.00, 22.33,  0.00, 52.03,  1.50, 10.00,2,0,0,0,0,20404, 28.87,  0.86, 34.17, 52.84,  7.20, 22.33, 44.81,  0.00,
1231,2026-04-29 08:09:15,  7.15,  1.10, 21.27, 72.94, 52.50,  0.00, 10.00,2,0,0,0,0,20400,2026-04-29 08:11:47, 18.56,  1.28, 40.54, 58.63, 38.56,  0.00,  6.91,2,0,0,0,0,20400,2026-04-29 08:12:16,  0.67,  0.05, 40.72, 58.72, 38.14,  0.00,  6.85,2,0,0,0,0,20400, 52.00,  1.35, 40.72, 53.28,  7.20, 21.27, 38.14,  0.00,
1232,2026-04-29 08:19:32,  3.50,  1.16,  9.85, 75.06, 55.83,  0.00, 10.00,2,C0,2000,2000,0,20400,2026-04-29 08:21:14,  6.18,  1.23, 16.43, 56.60, 54.52,  0.00, 10.00,2,0,0,0,0,20400,2026-04-29 08:21:36,  0.00,  0.00, 16.43, 56.60, 54.37,  1.20, 10.00,2,0,0,0,0,20400, 20.13,  1.23, 16.63, 56.78,  7.20,  9.85, 54.37,  0.00,
1233,2026-04-29 08:25:26,  4.70,  0.62, 24.74, 70.55, 50.98,  0.00, 10.00,2,0,0,0,0,20400,2026-04-29 08:27:48, 22.13,  1.26, 44.65, 82.38, 32.71,  0.00,  5.69,2,0,0,0,0,20400,2026-04-29 08:28:20,  0.00,  0.00, 44.94, 82.38, 32.02,  0.00,  5.62,2,0,0,0,0,20400, 56.25,  1.34, 44.94, 51.52,  7.20, 24.74, 32.02,  0.00,
1234,2026-04-29 10:00:18,  1.49,  0.32, 15.24, 98.72, 54.72,  1.35, 10.00,2,0,0,0,0,20400,2026-04-29 10:03:43, 12.07,  0.61, 48.59,115.32, 24.68,  0.00,  5.03,2,0,0,0,0,20400,2026-04-29 10:04:11,  3.44,  0.17, 48.86,115.41, 23.87,  0.00,  4.97,2,10,1000,0,0,20400, 29.50,  0.61, 48.86, 55.49,  7.20, 14.89, 23.87,  0.00,
1235,2026-04-29 15:17:02,  3.27,  0.35, 30.21,131.74, 47.69,  1.50, 10.00,2,0,0,0,0,20400,2026-04-29 15:17:04,  4.18,  0.45, 30.21,131.74, 47.73,  1.65, 10.00,2,0,0,0,0,20400,2026-04-29 15:17:45,  0.78,  0.16, 16.36,127.95, 54.94,  0.00, 10.00,2,0,0,0,0,20400, 13.64,  0.45, 30.21, 54.94,  7.20, 16.36, 47.69,  0.00,
1236,2026-04-30 07:42:10,  4.33,  0.47, 30.27, 53.60, 47.76,  0.00, 10.00,2,0,0,0,0,20400,2026-04-30 07:42:15,  5.75,  0.62, 30.33, 53.60, 47.72,  0.00, 10.00,2,0,0,0,0,20400,2026-04-30 07:44:46,  0.00,  0.00, 24.62, 27.64, 51.11,  0.00, 10.00,2,0,0,0,0,20400, 18.76,  0.62, 30.33, 51.33,  7.20, 24.55, 47.72,  0.00,
1237,2026-04-30 07:50:20,  2.45,  0.44, 18.15, 27.64, 53.78,  0.00, 10.00,2,0,0,0,0,20400,2026-04-30 07:50:25,  3.00,  0.54, 18.15, 27.73, 53.88,  0.00, 10.00,2,0,0,0,0,20400,2026-04-30 07:53:25,  0.00,  0.00,  6.39, 22.52, 56.23,  0.00, 10.00,2,C0,2000,2000,0,20400,  9.78,  0.57, 18.15, 56.59,  7.20,  6.39, 53.78,  0.00,
1238,2026-04-30 08:21:03,  5.37,  0.82, 21.47,  0.00, 52.46,  0.00, 10.00,2,0,0,0,0,20404,2026-04-30 08:21:05,  5.52,  0.84, 21.47,  0.00, 52.55,  0.00, 10.00,2,0,0,0,0,20404,2026-04-30 08:23:54,  0.00,  0.00, 12.56, 37.97, 55.52,  0.00, 10.00,2,40,2000,0,0,20400, 18.00,  0.84, 21.47, 55.91,  7.20, 12.56, 52.46,  0.00,
1239,2026-04-30 09:11:21,  0.92,  0.42,  7.12, 22.52, 56.44,  1.20, 10.00,2,C0,2000,2000,0,20400,2026-04-30 09:13:08,  2.96,  0.48, 19.99, 28.34, 53.40,  0.00, 10.00,2,0,0,0,0,20400,2026-04-30 09:13:33,  0.00,  0.00, 19.99, 28.34, 53.33,  0.00, 10.00,2,0,0,0,0,20400,  9.63,  0.50, 20.06, 57.43,  7.20,  7.12, 53.32,  0.00,
1240,2026-04-30 09:57:59, 15.66,  1.22, 37.96, 22.52, 41.19,  1.20,  7.78,2,0,0,0,0,20400,2026-04-30 09:58:10, 17.90,  1.39, 37.96, 22.52, 41.26,  0.00,  7.78,2,0,0,0,0,20400,2026-04-30 10:00:39,  0.00,  0.00, 22.00, 29.58, 52.36,  0.00, 10.00,2,0,0,0,0,20400, 52.87,  1.39, 37.96, 52.87,  7.20, 21.87, 41.19,  0.00,
1241,2026-04-30 10:05:30, 10.14,  0.72, 40.08, 22.52, 38.82,  1.20,  7.07,2,0,0,0,0,20400,2026-04-30 10:05:33, 10.73,  0.76, 40.08, 22.52, 38.86,  1.20,  7.07,2,0,0,0,0,20400,2026-04-30 10:07:56,  0.00,  0.00,  8.92, 31.79, 56.06,  0.00, 10.00,2,C0,2000,2000,0,20400, 30.42,  0.76, 40.13, 56.45,  7.20,  8.92, 38.77,  0.00,
1242,2026-04-30 10:16:47,  2.06,  0.38, 17.74, 22.60, 53.87,  1.05, 10.00,2,0,0,0,0,20400,2026-04-30 10:18:43,  4.50,  0.44, 33.28, 31.35, 45.69,  0.00,  9.69,2,0,0,0,0,20400,2026-04-30 10:18:56,  0.00,  0.00, 33.28, 31.35, 45.64,  0.00,  9.69,2,0,0,0,0,20400, 14.52,  0.50, 33.28, 54.70,  7.20, 17.67, 45.63,  0.00,
1243,2026-04-30 10:23:57, 12.97,  1.26, 33.28, 22.52, 45.46,  0.00,  9.69,2,0,0,0,0,20400,2026-04-30 10:27:16, 24.03,  1.18, 49.03, 22.52, 23.66,  1.35,  4.93,2,10,1000,0,0,20400,2026-04-30 10:27:44,  0.00,  0.00, 48.86, 22.52, 23.96,  1.50,  4.97,2,10,1000,0,0,20400, 58.05,  1.27, 49.03, 46.23,  7.20, 33.28, 23.62,  0.00,
1244,2026-04-30 13:32:22,  4.02,  0.72, 18.29, 22.52, 53.68,  1.35, 10.00,2,0,0,0,0,20400,2026-04-30 13:34:46, 10.67,  1.26, 27.53, 31.61, 49.90,  2.10, 10.00,2,0,0,0,0,20400,2026-04-30 13:35:49,  0.00,  0.00, 30.09, 30.99, 48.01,  0.00, 10.00,2,0,0,0,0,20400, 34.79,  1.26, 30.09, 54.49,  7.20, 18.22, 48.01,  0.00,
1245,2026-04-30 13:40:22,  7.48,  1.36, 17.94,  0.00, 53.80,  0.00, 10.00,2,0,0,0,0,20404,2026-04-30 13:42:09, 13.48,  1.49, 29.55, 31.17, 48.45,  1.50, 10.00,2,0,0,0,0,20400,2026-04-30 13:42:45,  0.00,  0.00, 29.73, 31.17, 48.22,  3.15, 10.00,2,0,0,0,0,20400, 43.96,  1.54, 29.73, 54.65,  7.20, 17.94, 48.22,  0.00,
1246,2026-04-30 13:47:50,  4.59,  0.83, 18.08,  0.00, 53.77,  1.50, 10.00,2,0,0,0,0,20404,2026-04-30 13:49:47,  6.44,  0.79, 26.47, 31.61, 50.28,  2.10, 10.00,2,0,0,0,0,20400,2026-04-30 13:49:59,  0.00,  0.00, 26.47, 31.61, 50.22,  1.95, 10.00,2,0,0,0,0,20400, 20.99,  0.83, 26.53, 54.59,  7.20, 18.08, 50.18,  0.00,
1247,2026-04-30 13:53:28,  6.13,  0.82, 24.49,  0.00, 51.14,  3.15, 10.00,2,0,0,0,0,20404,2026-04-30 13:55:02,  8.40,  0.90, 30.33, 31.26, 48.02,  3.30, 10.00,2,0,0,0,0,20400,2026-04-30 13:55:55,  0.00,  0.00, 31.91, 31.26, 46.72,  1.80, 10.00,2,0,0,0,0,20400, 27.39,  0.96, 31.91, 51.81,  7.20, 24.49, 46.72,  0.00,
1248,2026-04-30 14:04:09, 10.08,  1.59, 20.66,  0.00, 52.77,  2.85, 10.00,2,0,0,0,0,20404,2026-04-30 14:06:24, 24.27,  2.47, 32.03, 31.79, 46.66,  2.70, 10.00,2,0,0,0,0,20400,2026-04-30 14:07:12,  0.00,  0.00, 32.60, 31.79, 46.13,  2.85, 10.00,2,0,0,0,0,20400, 79.12,  2.61, 32.60, 53.54,  7.20, 20.66, 46.13,  0.00,
1249,2026-04-30 14:16:28,  2.35,  0.46, 16.70, 22.52, 54.21,  0.00, 10.00,2,0,0,0,0,20400,2026-04-30 14:16:29,  2.41,  0.47, 16.70, 22.52, 54.24,  0.00, 10.00,2,0,0,0,0,20400,2026-04-30 14:18:42,  0.00,  0.00, 15.73, 47.95, 54.54,  0.00, 10.00,2,0,0,0,0,20400,  7.86,  0.47, 16.70, 55.36,  7.20, 15.73, 54.21,  0.00,
1250,2026-04-30 14:37:18, 22.26,  1.84, 36.58, 22.52, 42.51,  0.00,  8.27,2,0,0,0,0,20400,2026-04-30 14:37:23, 27.82,  2.30, 36.58, 22.52, 42.54,  0.00,  8.27,2,0,0,0,0,20400,2026-04-30 14:40:39,  0.00,  0.00, 26.65, 51.39, 49.97,  2.85, 10.00,2,0,0,0,0,20400, 84.13,  2.30, 36.58, 53.64,  7.20, 20.73, 42.51,  0.00,
1251,2026-04-30 15:06:14,  6.08,  0.48, 37.51, 27.28, 41.72,  3.60,  7.93,2,0,0,0,0,20400,2026-04-30 15:06:28,  7.67,  0.61, 37.56, 27.28, 41.67,  4.65,  7.91,2,0,0,0,0,20400,2026-04-30 15:09:36,  0.14,  0.03, 14.96, 22.52, 54.64,  4.95, 10.00,2,0,0,0,0,20400, 22.80,  0.64, 37.56, 54.92,  7.20, 14.96, 41.67,  0.00,
1252,2026-05-04 07:38:15, 24.87,  1.98, 37.40, 22.52, 41.71,  2.10,  7.97,2,0,0,0,0,20400,2026-05-04 07:38:22, 30.37,  2.46, 37.05, 22.52, 42.09,  1.65,  8.08,2,0,0,0,0,20400,2026-05-04 07:40:38,  0.00,  0.00, 14.33, 29.23, 54.95,  2.40, 10.00,2,0,0,0,0,20400, 90.96,  2.46, 37.40, 55.23,  7.20, 14.33, 41.71,  0.00,
1253,2026-05-04 08:13:29,  4.56,  0.69, 21.40, 31.88, 52.60,  3.00, 10.00,2,0,0,0,0,20400,2026-05-04 08:13:31,  5.20,  0.79, 21.47, 31.88, 52.59,  3.00, 10.00,2,0,0,0,0,20400,2026-05-04 08:15:56,  0.00,  0.00, 12.99, 23.58, 55.17,  1.65, 10.00,2,40,2000,0,0,20400, 16.94,  0.79, 21.47, 55.39,  7.20, 12.99, 52.58,  0.00,
1254,2026-05-04 08:23:07,  2.28,  0.47, 15.66, 27.99, 54.61,  3.60, 10.00,2,0,0,0,0,20400,2026-05-04 08:24:50,  6.14,  0.60, 33.11, 34.97, 45.66,  2.40,  9.77,2,0,0,0,0,20400,2026-05-04 08:25:01,  0.00,  0.00, 33.50, 34.97, 45.28,  2.55,  9.59,2,0,0,0,0,20400, 19.85,  0.60, 33.50, 55.23,  7.20, 15.66, 45.28,  0.00,
1255,2026-05-04 08:28:38,  0.85,  0.21, 12.99, 28.52, 55.30,  3.75, 10.00,2,40,2000,0,0,20400,2026-05-04 08:29:58,  2.88,  0.29, 32.08, 35.58, 46.42,  3.00, 10.00,2,0,0,0,0,20400,2026-05-04 08:30:17,  0.00,  0.00, 32.49, 35.58, 46.05,  3.30, 10.00,2,0,0,0,0,20400,  9.38,  0.30, 32.49, 55.89,  7.20, 12.99, 46.05,  0.00,
1256,2026-05-04 08:58:44,  4.06,  1.29, 10.28, 22.52, 55.81,  0.00, 10.00,2,40,2000,0,0,20400,2026-05-04 09:00:28, 18.31,  1.57, 35.79, 36.82, 43.46,  1.65,  8.58,2,0,0,0,0,20400,2026-05-04 09:00:55,  0.00,  0.00, 35.90, 36.82, 43.28,  2.10,  8.54,2,0,0,0,0,20400, 56.24,  1.73, 36.01, 56.41,  7.20, 10.28, 43.23,  0.00,
1257,2026-05-04 09:03:55,  3.51,  1.04, 11.00, 22.52, 55.68,  1.80, 10.00,2,40,2000,0,0,20400,2026-05-04 09:05:38, 11.36,  1.05, 34.23, 37.00, 44.88,  1.95,  9.25,2,0,0,0,0,20400,2026-05-04 09:06:06,  0.00,  0.00, 34.28, 37.09, 44.71,  2.40,  9.23,2,0,0,0,0,20400, 35.98,  1.21, 34.28, 56.31,  7.20, 11.00, 44.71,  0.00,
1258,2026-05-04 09:08:57,  1.68,  0.54, 10.21, 22.52, 55.81,  2.10, 10.00,2,40,2000,0,0,20400,2026-05-04 09:11:05, 18.26,  1.80, 32.88, 37.00, 45.91,  1.95,  9.87,2,0,0,0,0,20400,2026-05-04 09:11:26,  0.00,  0.00, 33.39, 37.09, 45.42,  2.85,  9.64,2,0,0,0,0,20400, 59.28,  1.86, 33.39, 56.53,  7.20, 10.14, 45.42,  0.00,
1259,2026-05-04 09:14:22,  2.01,  0.61, 10.71, 22.52, 55.72,  1.50, 10.00,2,40,2000,0,0,20400,2026-05-04 09:16:10, 13.94,  1.51, 30.09, 36.20, 47.99,  1.65, 10.00,2,0,0,0,0,20400,2026-05-04 09:16:37,  0.00,  0.00, 30.33, 36.20, 47.70,  0.00, 10.00,2,0,0,0,0,20400, 45.45,  1.65, 30.33, 56.41,  7.20, 10.64, 47.70,  0.00,
1260,2026-05-04 09:19:44,  1.68,  0.53, 10.35, 22.52, 55.77,  0.00, 10.00,2,40,2000,0,0,20400,2026-05-04 09:21:39, 23.76,  2.08, 35.37, 35.67, 43.87,  2.40,  8.75,2,0,0,0,0,20400,2026-05-04 09:22:20,  0.13,  0.01, 35.42, 35.76, 43.71,  4.35,  8.73,2,0,0,0,0,20400, 73.55,  2.19, 35.42, 56.49,  7.20, 10.28, 43.71,  0.00,
1261,2026-05-04 09:25:25,  1.05,  0.38,  8.99,  0.00, 56.02,  2.25, 10.00,2,C0,2000,2000,0,20404,2026-05-04 09:27:11,  3.32,  0.32, 33.22, 35.94, 45.63,  3.45,  9.71,2,0,0,0,0,20400,2026-05-04 09:27:25,  0.00,  0.00, 33.22, 35.94, 45.55,  3.60,  9.71,2,0,0,0,0,20400, 10.72,  0.38, 33.22, 56.64,  7.20,  8.99, 45.55,  0.00,
1262,2026-05-04 09:30:40,  1.21,  0.39, 10.07,  0.00, 55.82,  0.00, 10.00,2,40,2000,0,0,20404,2026-05-04 09:32:26,  4.00,  0.45, 29.13, 34.88, 48.54,  1.80, 10.00,2,0,0,0,0,20400,2026-05-04 09:32:39,  0.00,  0.00, 29.06, 34.88, 48.55,  1.20, 10.00,2,0,0,0,0,20400, 13.04,  0.51, 29.13, 56.55,  7.20, 10.00, 48.52,  0.00,
1263,2026-05-04 09:36:06,  1.09,  0.34, 10.50,  0.00, 55.73,  2.25, 10.00,2,40,2000,0,0,20404,2026-05-04 09:36:06,  1.09,  0.34, 10.50,  0.00, 55.73,  2.25, 10.00,2,40,2000,0,0,20404,2026-05-04 09:36:47,  0.29,  0.09, 10.50, 24.99, 56.35,  3.00, 10.00,2,40,2000,0,0,20400,  3.55,  0.34, 10.50, 56.35,  7.20, 10.50, 55.73,  0.00,
1264,2026-05-04 09:40:44,  1.54,  0.48, 10.50,  0.00, 55.75,  1.20, 10.00,2,40,2000,0,0,20404,2026-05-04 09:42:23,  3.88,  0.44, 28.52, 35.94, 48.93,  1.65, 10.00,2,0,0,0,0,20400,2026-05-04 09:42:34,  0.00,  0.00, 28.76, 35.94, 48.70,  1.35, 10.00,2,0,0,0,0,20400, 12.66,  0.50, 28.82, 56.36,  7.20, 10.50, 48.66,  0.00,
1265,2026-05-04 09:46:39,  4.03,  0.76, 17.39, 22.43, 53.97,  0.00, 10.00,2,0,0,0,0,20400,2026-05-04 09:48:49, 13.05,  1.30, 32.66, 28.87, 46.23,  1.95,  9.97,2,0,0,0,0,20400,2026-05-04 09:49:32,  0.00,  0.00, 32.60, 28.79, 46.03,  2.55, 10.00,2,0,0,0,0,20400, 42.51,  1.36, 33.28, 54.89,  7.20, 17.32, 46.03,  0.00,
1266,2026-05-04 09:53:12,  5.43,  1.01, 17.46,  0.00, 53.94,  2.55, 10.00,2,0,0,0,0,20404,2026-05-04 09:53:19,  7.23,  1.35, 17.39,  0.00, 53.99,  2.40, 10.00,2,0,0,0,0,20404,2026-05-04 09:55:11,  0.00,  0.00, 17.46, 28.26, 54.04,  1.50, 10.00,2,0,0,0,0,20400, 23.57,  1.35, 17.53, 54.96,  7.20, 17.19, 53.94,  0.00,
1267,2026-05-04 09:58:56,  6.66,  1.25, 17.39,  0.00, 53.97,  3.00, 10.00,2,0,0,0,0,20404,2026-05-04 09:58:59,  7.33,  1.37, 17.39,  0.00, 53.98,  3.15, 10.00,2,0,0,0,0,20404,2026-05-04 10:01:26,  0.00,  0.00,  9.92, 30.20, 55.91,  1.95, 10.00,2,C0,2000,2000,0,20400, 23.90,  1.37, 17.39, 56.45,  7.20,  9.92, 53.97,  0.00,
1268,2026-05-04 10:07:42,  4.89,  1.08, 14.75, 22.52, 54.71,  3.75, 10.00,2,0,0,0,0,20400,2026-05-04 10:07:43,  5.07,  1.12, 14.75, 22.52, 54.75,  3.75, 10.00,2,0,0,0,0,20400,2026-05-04 10:09:41,  0.00,  0.00,  5.38, 32.76, 56.42,  4.20, 10.00,2,C0,2000,2000,0,20400, 16.51,  1.15, 14.75, 57.20,  7.20,  5.38, 54.71,  0.00,
1269,2026-05-04 10:16:41,  2.46,  0.37, 21.80, 53.51, 52.51,  0.00, 10.00,2,0,0,0,0,20400,2026-05-04 10:20:40, 33.76,  1.84, 46.58, 22.52, 29.20,  4.05,  5.44,2,0,0,0,0,20400,2026-05-04 10:21:00,  0.00,  0.00, 46.99, 22.52, 28.28,  3.15,  5.40,2,0,0,0,0,20400, 85.57,  1.86, 46.99, 53.19,  7.20, 21.80, 28.28,  0.00,
1270,2026-05-04 10:28:12,  6.47,  0.96, 21.87, 54.30, 52.48,  1.05, 10.00,2,0,0,0,0,20400,2026-05-04 10:31:01, 32.84,  1.76, 47.11, 22.52, 28.19,  2.85,  5.37,2,0,0,0,0,20400,2026-05-04 10:31:35,  0.00,  0.00, 48.06, 22.52, 25.87,  2.10,  5.15,2,0,0,0,0,20400, 83.14,  1.85, 48.06, 53.31,  7.20, 21.87, 25.87,  0.00,
1271,2026-05-04 10:35:30,  7.77,  1.26, 20.06, 54.13, 53.22,  0.00, 10.00,2,0,0,0,0,20400,2026-05-04 10:38:28, 24.20,  1.35, 45.01, 22.52, 32.05,  1.80,  5.60,2,0,0,0,0,20400,2026-05-04 10:38:53,  0.00,  0.00, 45.51, 22.52, 31.13,  2.25,  5.55,2,0,0,0,0,20400, 60.99,  1.48, 45.51, 54.13,  7.20, 19.65, 31.13,  0.00,
1272,2026-05-04 10:42:17, 10.01,  1.61, 20.33, 53.25, 53.14,  2.55, 10.00,2,0,0,0,0,20400,2026-05-04 10:44:53, 27.38,  1.77, 41.83, 22.52, 36.98,  3.30,  6.46,2,0,0,0,0,20400,2026-05-04 10:45:34,  0.00,  0.00, 42.64, 22.52, 35.63,  3.90,  6.23,2,0,0,0,0,20400, 73.98,  1.83, 42.64, 53.90,  7.20, 20.26, 35.63,  0.00,
1273,2026-05-04 13:11:23,  7.08,  1.68, 13.77, 22.52, 54.95,  4.65, 10.00,2,40,2000,0,0,20400,2026-05-04 13:13:19, 19.07,  2.94, 21.13, 31.88, 52.82,  2.10, 10.00,2,0,0,0,0,20400,2026-05-04 13:14:12,  0.00,  0.00, 21.53, 31.88, 52.58,  3.30, 10.00,2,0,0,0,0,20400, 62.15,  3.02, 21.53, 55.71,  7.20, 13.34, 52.58,  0.00,
1274,2026-05-04 13:18:51,  2.95,  0.61, 15.73,  0.00, 54.49,  2.40, 10.00,2,0,0,0,0,20404,2026-05-04 13:20:32, 36.43,  2.32, 42.13,  0.00, 36.32,  0.00,  6.37,2,0,0,0,0,20404,2026-05-04 13:21:01,  0.49,  0.03, 42.60,  0.00, 35.59,  0.00,  6.24,2,0,0,0,0,20404, 97.69,  2.35, 42.60, 54.81,  7.20, 15.73, 35.59,  0.00,
1275,2026-05-04 13:25:46,  2.68,  0.59, 14.75,352.94, 54.94,  1.50, 10.00,2,0,0,0,0,20400,2026-05-04 13:27:26,  3.83,  0.50, 24.74,328.04, 51.26,  5.25, 10.00,2,0,0,0,0,20400,2026-05-04 13:27:45,  0.00,  0.00, 24.74,328.04, 51.13,  3.90, 10.00,2,0,0,0,0,20400, 12.49,  0.59, 24.81, 55.61,  7.20, 14.68, 51.10,  0.00,
1276,2026-05-04 13:32:49, 10.62,  1.13, 30.51,306.58, 47.47,  3.60, 10.00,2,0,0,0,0,20400,2026-05-04 13:34:52, 17.41,  1.20, 40.54,292.72, 38.48,  3.90,  6.91,2,0,0,0,0,20400,2026-05-04 13:35:22,  0.80,  0.05, 41.26,292.72, 37.47,  2.55,  6.66,2,0,0,0,0,20400, 48.77,  1.29, 41.26, 48.11,  7.20, 30.51, 37.47,  0.00,
1277,2026-05-04 13:42:43,  8.51,  1.07, 25.83,305.96, 50.31,  3.60, 10.00,2,0,0,0,0,20400,2026-05-04 13:42:45, 10.01,  1.26, 25.83,305.96, 50.38,  3.45, 10.00,2,0,0,0,0,20400,2026-05-04 13:44:44,  0.00,  0.00, 24.74,326.36, 51.16,  3.00, 10.00,2,0,0,0,0,20400, 32.65,  1.26, 25.83, 53.11,  7.20, 21.67, 50.31,  0.00,
1278,2026-05-04 13:50:19,  4.32,  0.58, 24.10,306.75, 51.23,  5.85, 10.00,2,0,0,0,0,20400,2026-05-04 13:53:30, 43.69,  2.50, 44.54,292.27, 32.89,  0.00,  5.72,2,0,0,0,0,20400,2026-05-04 13:53:55,  0.54,  0.03, 44.98,292.27, 32.07,  3.30,  5.61,2,0,0,0,0,20400,112.08,  2.59, 44.98, 51.99,  8.70, 24.10, 32.07,  0.00,
1279,2026-05-04 13:58:29, 11.02,  0.60, 46.26,267.28, 29.82,  4.20,  5.47,2,0,0,0,0,20400,2026-05-04 13:58:33, 11.99,  0.66, 46.26,267.28, 29.82,  3.90,  5.47,2,0,0,0,0,20400,2026-05-04 13:59:52,  0.00,  0.00, 39.47,269.05, 39.68,  6.45,  7.28,2,0,0,0,0,20400, 30.37,  0.66, 46.26, 39.84,  8.70, 39.47, 29.82,  0.00,
1280,2026-05-04 14:05:01,  8.58,  1.84, 15.17,244.86, 54.66,  1.80, 10.00,2,0,0,0,0,20400,2026-05-04 14:07:07, 24.09,  2.31, 33.45,230.46, 45.47,  1.35,  9.61,2,0,0,0,0,20400,2026-05-04 14:07:33,  0.16,  0.02, 33.89,230.55, 45.00,  1.05,  9.41,2,0,0,0,0,20400, 77.43,  2.36, 33.89, 55.47,  8.70, 15.17, 45.00,  0.00,
1281,2026-05-04 14:11:27,  6.19,  0.70, 28.76,244.68, 48.69,  5.85, 10.00,2,0,0,0,0,20400,2026-05-04 14:11:34, 10.48,  1.19, 28.76,244.68, 48.75,  6.45, 10.00,2,0,0,0,0,20400,2026-05-04 14:14:40,  0.00,  0.00, 28.64,271.70, 48.84,  4.05, 10.00,2,0,0,0,0,20400, 34.16,  1.19, 29.43, 49.39,  8.70, 28.52, 48.68,  0.00,
1282,2026-05-04 14:21:10, 12.06,  0.59, 49.10,254.48, 23.17,  3.45,  4.91,2,10,1000,0,0,20400,2026-05-04 14:21:14, 12.75,  0.63, 49.10,254.48, 23.20,  3.15,  4.91,2,10,1000,0,0,20400,2026-05-04 14:24:30,  1.08,  0.06, 45.01,286.00, 32.04,  3.30,  5.60,2,0,0,0,0,20400, 32.05,  0.72, 49.10, 48.33,  8.70, 30.62, 23.17,  0.00,
1283,2026-05-04 14:29:04,  7.17,  0.76, 30.62,303.66, 47.37,  0.00, 10.00,2,0,0,0,0,20400,2026-05-04 14:29:18,  8.24,  0.88, 30.62,303.66, 47.37,  0.00, 10.00,2,0,0,0,0,20400,2026-05-04 14:32:00,  0.17,  0.03, 20.26,283.71, 52.96,  3.45, 10.00,2,0,0,0,0,20400, 26.85,  0.88, 30.68, 54.84,  8.70, 16.98, 47.32,  0.00,
1284,2026-05-04 14:37:30,  6.94,  0.76, 29.97,304.37, 47.75,  1.35, 10.00,2,0,0,0,0,20400,2026-05-04 14:37:41,  8.34,  0.91, 29.73,304.37, 48.05,  1.35, 10.00,2,0,0,0,0,20400,2026-05-04 14:39:36,  0.00,  0.00, 19.11,285.74, 53.38,  2.25, 10.00,2,0,0,0,0,20400, 27.19,  0.91, 30.03, 53.78,  8.70, 19.11, 47.71,  0.00,
1285,2026-05-04 14:43:10,  3.89,  0.46, 27.59,304.72, 49.27,  2.25, 10.00,2,0,0,0,0,20400,2026-05-04 14:43:58,  6.75,  0.80, 27.59,304.72, 49.41,  2.55, 10.00,2,0,0,0,0,20400,2026-05-04 14:45:41,  0.02,  0.00, 18.29,285.56, 53.71,  1.20, 10.00,2,0,0,0,0,20400, 21.99,  0.80, 27.59, 54.18,  8.70, 18.01, 49.27,  0.00,
1286,2026-05-04 14:58:45,  7.94,  0.87, 29.67,265.70, 48.31,  1.35, 10.00,2,0,0,0,0,20400,2026-05-04 14:58:45,  7.94,  0.87, 29.67,265.70, 48.31,  1.35, 10.00,2,0,0,0,0,20400,2026-05-04 15:00:09,  0.00,  0.00, 16.98,265.78, 54.37,  3.30, 10.00,2,0,0,0,0,20400, 25.90,  0.87, 29.67, 54.51,  8.70, 16.91, 48.31,  0.00,
1287,2026-05-04 15:02:32,  8.53,  0.86, 32.43,266.14, 46.30,  1.65, 10.00,2,0,0,0,0,20400,2026-05-04 15:02:38, 19.59,  1.97, 32.43,266.14, 46.32,  1.65, 10.00,2,0,0,0,0,20400,2026-05-04 15:04:12,  0.06,  0.01, 18.01,265.34, 54.00,  1.35, 10.00,2,0,0,0,0,20400, 63.87,  1.97, 32.43, 54.39,  8.70, 17.81, 46.30,  0.00,
1288,2026-05-04 15:11:58,  3.64,  0.71, 16.70,245.74, 54.14,  1.05, 10.00,2,0,0,0,0,20400,2026-05-04 15:14:30,  7.51,  1.02, 23.90,277.44, 51.46,  1.80, 10.00,2,0,0,0,0,20400,2026-05-04 15:14:45,  0.00,  0.00, 23.90,277.35, 51.34,  2.40, 10.00,2,0,0,0,0,20400, 24.49,  1.12, 24.42, 55.09,  8.70, 16.63, 51.34,  0.00,
1289,2026-05-04 15:20:31,  0.96,  0.18, 17.26,278.06, 54.30,  3.15, 10.00,2,0,0,0,0,20400,2026-05-04 15:20:59,  1.84,  0.28, 21.40,278.32, 52.75,  5.25, 10.00,2,0,0,0,0,20400,2026-05-04 15:21:25,  0.00,  0.00, 22.59,278.32, 52.21,  3.45, 10.00,2,0,0,0,0,20400,  6.01,  0.28, 22.66, 54.31,  8.70, 17.26, 52.18,  0.00,
1290,2026-05-04 15:50:36, 33.39,  1.64, 49.05,244.15, 23.35,  1.95,  4.92,2,10,1000,0,0,20400,2026-05-04 15:50:42, 37.59,  1.85, 49.07,244.24, 23.31,  1.80,  4.92,2,10,1000,0,0,20400,2026-05-04 15:53:08,  0.00,  0.00, 32.26,271.88, 46.38,  5.40, 10.00,2,0,0,0,0,20400, 90.70,  1.85, 49.07, 47.38,  8.70, 32.03, 23.28,  0.00,
1291,2026-05-04 16:05:24, 14.26,  1.39, 33.22,250.42, 45.48,  3.00,  9.71,2,0,0,0,0,20400,2026-05-04 16:05:29, 17.13,  1.68, 33.05,250.42, 45.62,  2.70,  9.79,2,0,0,0,0,20400,2026-05-04 16:07:54,  0.00,  0.00, 33.39,269.49, 45.40,  4.80,  9.64,2,0,0,0,0,20400, 55.45,  1.68, 33.39, 47.89,  8.70, 31.10, 45.40,  0.00,
1292,2026-05-04 16:14:04,  2.34,  0.51, 14.89,248.92, 54.78,  4.35, 10.00,2,0,0,0,0,20400,2026-05-04 16:15:36,  3.62,  0.41, 28.76,269.58, 48.84,  3.60, 10.00,2,0,0,0,0,20400,2026-05-04 16:15:54,  0.00,  0.00, 28.76,269.58, 48.72,  2.40, 10.00,2,0,0,0,0,20400, 11.79,  0.53, 28.76, 55.60,  8.70, 14.89, 48.72,  0.00,
1293,2026-05-04 16:19:48,  6.94,  1.35, 16.70,251.39, 54.17,  0.00, 10.00,2,0,0,0,0,20400,2026-05-04 16:21:34, 19.03,  1.48, 37.91,268.96, 41.36,  2.70,  7.80,2,0,0,0,0,20400,2026-05-04 16:21:56,  0.00,  0.00, 38.01,269.05, 41.13,  2.55,  7.76,2,0,0,0,0,20400, 56.25,  1.51, 38.06, 55.08,  8.70, 16.70, 41.09,  0.00,
1294,2026-05-04 16:25:48,  4.47,  0.98, 14.89,252.80, 54.65,  2.10, 10.00,2,0,0,0,0,20400,2026-05-04 16:27:43, 16.24,  1.64, 32.37,271.08, 46.20,  2.40, 10.00,2,0,0,0,0,20400,2026-05-04 16:28:05,  0.00,  0.00, 32.77,271.43, 45.80,  2.40,  9.92,2,0,0,0,0,20400, 52.95,  1.64, 32.83, 55.56,  8.70, 14.82, 45.76,  0.00,
1295,2026-05-04 16:32:03,  3.31,  0.72, 14.96,248.04, 54.74,  1.05, 10.00,2,0,0,0,0,20400,2026-05-04 16:33:45,  5.45,  0.64, 27.72,270.11, 49.40,  3.90, 10.00,2,0,0,0,0,20400,2026-05-04 16:33:54,  0.00,  0.00, 27.72,270.11, 49.34,  5.40, 10.00,2,0,0,0,0,20400, 17.78,  0.72, 27.72, 55.57,  8.70, 14.96, 49.34,  0.00,
1296,2026-05-04 16:37:38,  3.12,  0.74, 13.84,247.77, 55.02,  2.55, 10.00,2,40,2000,0,0,20400,2026-05-04 16:39:09,  6.50,  0.83, 25.39,270.38, 50.92,  4.50, 10.00,2,0,0,0,0,20400,2026-05-04 16:39:32,  0.00,  0.00, 25.64,270.38, 50.56,  4.20, 10.00,2,0,0,0,0,20400, 21.20,  0.92, 25.70, 55.98,  8.70, 13.77, 50.53,  0.00,
1297,2026-05-04 16:45:12,  3.15,  1.07,  9.64,274.44, 55.97,  3.60, 10.00,2,C0,2000,2000,0,20400,2026-05-04 16:46:23,  9.49,  1.20, 25.70,272.41, 50.54,  2.40, 10.00,2,0,0,0,0,20400,2026-05-04 16:46:33,  0.00,  0.00, 25.70,272.41, 50.49,  3.60, 10.00,2,0,0,0,0,20400, 30.92,  1.20, 25.70, 56.40,  8.70,  9.42, 50.49,  0.00,
1298,2026-05-04 16:50:30,  0.52,  0.30,  5.74,272.41, 56.58,  3.75, 10.00,2,C0,2000,2000,0,20400,2026-05-04 16:51:40,  2.62,  0.36, 23.97,272.32, 51.47,  3.60, 10.00,2,0,0,0,0,20400,2026-05-04 16:52:07,  0.00,  0.00, 23.97,272.32, 51.42,  3.90, 10.00,2,0,0,0,0,20400,  8.55,  0.36, 23.97, 56.86,  8.70,  5.74, 51.42,  0.00,
1299,2026-05-04 16:55:26,  2.54,  1.09,  7.62,265.25, 56.29,  2.40, 10.00,2,C0,2000,2000,0,20400,2026-05-04 16:56:40, 11.06,  1.19, 30.27,268.26, 47.77,  3.75, 10.00,2,0,0,0,0,20400,2026-05-04 16:56:54,  0.00,  0.00, 30.27,268.17, 47.70,  4.05, 10.00,2,0,0,0,0,20400, 36.07,  1.21, 30.27, 56.62,  8.70,  7.55, 47.70,  0.00,
1300,2026-05-04 17:00:52,  1.47,  0.75,  6.39,266.23, 56.40,  1.80, 10.00,2,C0,2000,2000,0,20400,2026-05-04 17:02:01,  7.35,  0.80, 29.79,267.81, 48.30,  2.10, 10.00,2,0,0,0,0,20400,2026-05-04 17:02:29,  0.00,  0.00, 29.31,267.81, 48.34,  1.80, 10.00,2,0,0,0,0,20400, 23.97,  0.85, 29.79, 56.85,  8.70,  6.39, 48.22,  0.00,
1301,2026-05-06 07:27:20,  2.70,  0.34, 26.02,261.19, 50.40,  0.00, 10.00,2,0,0,0,0,20400,2026-05-06 07:27:20,  2.70,  0.34, 26.02,261.19, 50.40,  0.00, 10.00,2,0,0,0,0,20400,2026-05-06 07:28:27,  0.00,  0.00, 19.79,259.07, 53.07,  0.00, 10.00,2,0,0,0,0,20400,  8.79,  0.34, 26.02, 53.26,  8.70, 19.72, 50.40,  0.00,
1302,2026-05-06 07:34:28,  6.08,  1.01, 19.65,248.65, 53.16,  0.00, 10.00,2,0,0,0,0,20400,2026-05-06 07:36:32,  9.69,  1.21, 26.02,261.10, 50.45,  0.00, 10.00,2,0,0,0,0,20400,2026-05-06 07:36:58,  0.00,  0.00, 26.21,261.10, 50.26,  0.00, 10.00,2,0,0,0,0,20400, 31.60,  1.36, 26.47, 53.99,  8.70, 19.65, 50.23,  0.00,
1303,2026-05-06 07:51:20, 10.49,  1.29, 26.59,246.09, 49.91,  1.80, 10.00,2,0,0,0,0,20400,2026-05-06 07:51:23, 11.30,  1.39, 26.59,246.09, 49.98,  1.80, 10.00,2,0,0,0,0,20400,2026-05-06 07:53:05,  0.00,  0.00, 24.42,260.93, 51.20,  0.00, 10.00,2,0,0,0,0,20400, 36.83,  1.39, 26.59, 54.00,  8.70, 19.51, 49.91,  0.00,
1304,2026-05-06 08:08:08,  7.21,  0.58, 37.15,261.10, 42.07,  0.00,  8.05,2,0,0,0,0,20400,2026-05-06 08:08:16,  8.44,  0.68, 37.15,261.10, 42.13,  0.00,  8.05,2,0,0,0,0,20400,2026-05-06 08:10:03,  0.00,  0.00, 20.12,258.19, 52.92,  0.00, 10.00,2,0,0,0,0,20400, 25.24,  0.68, 37.15, 54.16,  8.70, 18.22, 42.07,  0.00,
1305,2026-05-06 08:13:30,  1.37,  0.28, 16.08,261.28, 54.49,  0.00, 10.00,2,0,0,0,0,20400,2026-05-06 08:16:05,  4.13,  0.33, 37.05,261.10, 42.34,  0.00,  8.08,2,0,0,0,0,20400,2026-05-06 08:17:25,  0.00,  0.00, 37.00,261.10, 42.33,  0.00,  8.10,2,0,0,0,0,20400, 12.37,  0.36, 37.05, 55.01,  8.70, 16.08, 42.33,  0.00,
1306,2026-05-06 08:26:46, 16.89,  2.17, 25.32,244.94, 50.59,  1.95, 10.00,2,0,0,0,0,20400,2026-05-06 08:29:20, 43.65,  2.49, 44.61,230.73, 32.86,  1.05,  5.70,2,0,0,0,0,20400,2026-05-06 08:29:55,  0.61,  0.03, 44.83,230.82, 32.30,  1.20,  5.64,2,0,0,0,0,20400,111.06,  2.49, 44.91, 51.35,  8.70, 25.19, 32.29,  0.00,
1307,2026-05-06 08:43:40,  1.47,  0.16, 30.15,199.47, 47.86,  0.00, 10.00,2,0,0,0,0,20400,2026-05-06 08:44:08,  2.18,  0.24, 30.15,199.47, 47.90,  0.00, 10.00,2,0,0,0,0,20400,2026-05-06 08:45:50,  0.00,  0.00, 18.29,200.26, 53.92,  0.00, 10.00,2,0,0,0,0,20400,  7.09,  0.25, 30.15, 53.99,  8.70, 18.29, 47.86,  0.00,
1308,2026-05-06 08:53:50,  5.38,  0.52, 33.17,208.39, 45.60,  1.80,  9.74,2,0,0,0,0,20400,2026-05-06 08:55:07, 10.68,  0.57, 47.29,205.56, 27.72,  0.00,  5.33,2,0,0,0,0,20400,2026-05-06 08:55:25,  0.00,  0.00, 48.28,205.56, 25.34,  0.00,  5.10,2,0,0,0,0,20400, 26.92,  0.57, 48.28, 45.87,  8.70, 33.17, 25.34,  0.00,
1309,2026-05-06 08:58:03,  4.92,  0.50, 32.26,210.86, 46.28,  1.20, 10.00,2,0,0,0,0,20400,2026-05-06 08:59:21,  9.91,  0.55, 45.86,205.83, 30.53,  0.00,  5.51,2,0,0,0,0,20400,2026-05-06 08:59:38,  1.73,  0.09, 46.13,205.83, 29.94,  1.20,  5.49,2,0,0,0,0,20400, 25.06,  0.55, 46.13, 46.50,  8.70, 32.26, 29.94,  0.00,
1310,2026-05-06 09:04:26,  3.06,  0.59, 16.84,183.49, 54.14,  0.00, 10.00,2,0,0,0,0,20400,2026-05-06 09:07:51, 14.43,  0.77, 47.14,204.59, 28.00,  1.50,  5.37,2,0,0,0,0,20400,2026-05-06 09:08:07,  0.00,  0.00, 48.15,204.59, 25.64,  1.35,  5.13,2,0,0,0,0,20400, 36.50,  0.77, 48.15, 56.89,  8.70,  8.13, 25.64,  0.00,
1311,2026-05-06 09:13:25,  0.76,  0.41,  6.03,204.59, 56.41,  0.00, 10.00,2,C0,2000,2000,0,20400,2026-05-06 09:14:50,  2.41,  0.44, 17.88,196.91, 53.83,  0.00, 10.00,2,0,0,0,0,20400,2026-05-06 09:15:23,  0.00,  0.00, 17.94,197.26, 53.70,  0.00, 10.00,2,0,0,0,0,20400,  7.87,  0.51, 17.94, 56.95,  8.70,  6.03, 53.70,  0.00,
1312,2026-05-06 09:18:26,  1.15,  0.69,  5.45,213.16, 56.49,  0.00, 10.00,2,C0,2000,2000,0,20400,2026-05-06 09:20:16,  4.22,  0.83, 16.63,182.78, 54.26,  0.00, 10.00,2,0,0,0,0,20400,2026-05-06 09:20:41,  0.00,  0.00, 16.70,182.78, 54.17,  0.00, 10.00,2,0,0,0,0,20400, 13.76,  0.83, 16.84, 57.16,  8.70,  5.45, 54.17,  0.00,
1313,2026-05-06 09:23:50,  8.53,  0.93, 29.79,182.08, 47.96,  0.00, 10.00,2,0,0,0,0,20400,2026-05-06 09:23:56, 13.39,  1.46, 29.79,182.08, 47.99,  0.00, 10.00,2,0,0,0,0,20400,2026-05-06 09:26:16,  0.00,  0.00, 11.14,214.57, 55.68,  0.00, 10.00,2,40,2000,0,0,20400, 43.64,  1.46, 29.79, 56.42,  8.70, 10.71, 47.96,  0.00,
1314,2026-05-06 09:29:16,  3.36,  0.81, 13.55,201.15, 55.17,  1.05, 10.00,2,40,2000,0,0,20400,2026-05-06 09:29:22,  3.88,  0.93, 13.55,201.15, 55.26,  0.00, 10.00,2,40,2000,0,0,20400,2026-05-06 09:31:12,  0.00,  0.00,  5.45,213.60, 56.47,  0.00, 10.00,2,C0,2000,2000,0,20400, 12.65,  0.93, 13.55, 56.84,  8.70,  5.45, 55.17,  0.00,
1315,2026-05-06 09:41:56,  1.74,  0.39, 14.54,201.24, 55.02,  1.65, 10.00,2,0,0,0,0,20400,2026-05-06 09:43:57,  4.16,  0.43, 31.33,199.65, 47.27,  1.20, 10.00,2,0,0,0,0,20400,2026-05-06 09:47:05,  1.07,  0.11, 31.80,199.65, 46.78,  1.35, 10.00,2,0,0,0,0,20400, 13.55,  0.47, 31.80, 55.55,  8.70, 13.77, 46.78,  0.00,
1316,2026-05-06 09:51:18,  1.73,  0.38, 14.75,201.15, 54.91,  2.10, 10.00,2,0,0,0,0,20400,2026-05-06 09:54:02,  3.09,  0.46, 21.93,200.44, 52.59,  1.95, 10.00,2,0,0,0,0,20400,2026-05-06 09:54:50,  1.45,  0.21, 22.59,200.09, 52.20,  2.85, 10.00,2,0,0,0,0,20400, 10.07,  0.47, 22.59, 55.78,  8.70, 12.63, 52.20,  0.00,
1317,2026-05-06 10:05:18, 11.20,  1.26, 28.88,182.78, 48.56,  0.00, 10.00,2,0,0,0,0,20400,2026-05-06 10:05:21, 12.66,  1.44, 28.70,182.78, 48.67,  0.00, 10.00,2,0,0,0,0,20400,2026-05-06 10:08:06,  0.00,  0.00, 33.11,216.60, 45.62,  2.40,  9.77,2,0,0,0,0,20400, 41.28,  1.44, 33.11, 55.30,  8.70, 15.10, 45.62,  0.00,
1318,2026-05-06 10:11:48,  4.68,  0.74, 20.60,182.08, 52.79,  1.95, 10.00,2,0,0,0,0,20400,2026-05-06 10:17:13, 21.61,  2.43, 29.00,162.30, 48.62,  1.95, 10.00,2,0,0,0,0,20400,2026-05-06 10:18:07,  0.00,  0.00, 28.45,162.30, 48.92,  2.55, 10.00,2,0,0,0,0,20400, 70.45,  2.54, 29.06, 56.76,  8.70,  9.21, 48.62,  0.00,
1319,2026-05-06 10:22:45,  4.19,  0.46, 29.97,181.02, 47.84,  1.05, 10.00,2,0,0,0,0,20400,2026-05-06 10:25:20,  4.91,  0.49, 32.43,216.07, 46.19,  2.70, 10.00,2,0,0,0,0,20400,2026-05-06 10:25:29,  0.00,  0.00, 32.43,215.98, 46.15,  3.60, 10.00,2,0,0,0,0,20400, 16.00,  0.52, 32.43, 51.23,  8.70, 25.39, 46.15,  0.00,
1320,2026-05-06 10:35:57,  8.86,  1.02, 28.39,182.25, 48.84,  2.25, 10.00,2,0,0,0,0,20400,2026-05-06 10:35:59, 10.61,  1.22, 28.39,182.25, 48.84,  2.25, 10.00,2,0,0,0,0,20400,2026-05-06 10:37:45,  0.00,  0.00, 17.05,166.27, 54.18,  3.45, 10.00,2,0,0,0,0,20400, 34.59,  1.22, 28.39, 54.72,  8.70, 16.91, 48.84,  0.00,
1321,2026-05-06 10:41:47, 10.94,  1.22, 29.19,182.87, 48.36,  1.35, 10.00,2,0,0,0,0,20400,2026-05-06 10:41:51, 12.16,  1.36, 29.19,182.87, 48.41,  1.05, 10.00,2,0,0,0,0,20400,2026-05-06 10:44:30,  0.00,  0.00, 14.33,219.43, 54.95,  3.15, 10.00,2,0,0,0,0,20400, 39.65,  1.36, 29.25, 55.63,  8.70, 14.26, 48.33,  0.00,
1322,2026-05-06 10:49:05,  1.80,  0.19, 30.39,199.74, 47.76,  1.50, 10.00,2,0,0,0,0,20400,2026-05-06 10:49:34,  2.52,  0.27, 30.45,199.74, 47.74,  1.95, 10.00,2,0,0,0,0,20400,2026-05-06 10:52:27,  0.00,  0.00, 10.57,202.03, 55.98,  1.50, 10.00,2,40,2000,0,0,20400,  8.20,  0.27, 31.21, 56.47,  8.70,  9.92, 47.20,  0.00,
1323,2026-05-06 10:56:34,  0.79,  0.30,  8.56,202.03, 56.24,  2.10, 10.00,2,C0,2000,2000,0,20400,2026-05-06 10:58:44,  1.41,  0.33, 14.12,201.24, 55.26,  3.45, 10.00,2,40,2000,0,0,20400,2026-05-06 10:59:48,  0.00,  0.00, 14.19,200.97, 55.19,  2.25, 10.00,2,40,2000,0,0,20400,  4.61,  0.41, 14.26, 56.75,  8.70,  7.26, 55.17,  0.00,
1324,2026-05-06 11:17:20,  2.34,  0.26, 29.61,199.03, 48.24,  1.95, 10.00,2,0,0,0,0,20400,2026-05-06 11:17:25,  3.14,  0.35, 29.67,199.03, 48.24,  1.65, 10.00,2,0,0,0,0,20400,2026-05-06 11:19:39,  0.00,  0.00, 12.99,189.05, 55.22,  1.20, 10.00,2,40,2000,0,0,20400, 10.25,  0.36, 29.85, 55.89,  8.70, 12.99, 48.20,  0.00,
1325,2026-05-06 11:22:47,  6.65,  1.07, 20.19,184.46, 52.98,  1.20, 10.00,2,0,0,0,0,20400,2026-05-06 11:22:52,  7.47,  1.21, 20.19,184.46, 53.08,  0.00, 10.00,2,0,0,0,0,20400,2026-05-06 11:24:37,  0.00,  0.00, 14.61,201.06, 54.90,  2.25, 10.00,2,0,0,0,0,20400, 24.37,  1.21, 20.19, 55.85,  8.70, 13.63, 52.98,  0.00,
1326,2026-05-06 11:31:20,  6.83,  1.07, 20.80,184.90, 52.74,  0.00, 10.00,2,0,0,0,0,20400,2026-05-06 11:31:26,  7.75,  1.21, 20.80,184.90, 52.89,  0.00, 10.00,2,0,0,0,0,20400,2026-05-06 11:33:47,  0.00,  0.00,  4.72,213.86, 56.55,  4.20, 10.00,2,C0,2000,2000,0,20400, 25.26,  1.21, 20.86, 57.23,  8.70,  4.72, 52.74,  0.00,
1327,2026-05-06 13:09:12,  3.44,  0.53, 21.13,225.87, 52.77,  7.20, 10.00,2,0,0,0,0,20400,2026-05-06 13:11:14,  4.34,  0.63, 22.46,200.71, 52.22,  3.00, 10.00,2,0,0,0,0,20400,2026-05-06 13:11:32,  0.00,  0.00, 22.46,200.71, 52.16,  2.85, 10.00,2,0,0,0,0,20400, 14.15,  0.64, 22.59, 53.41,  8.70, 21.13, 52.16,  0.00,
1328,2026-05-06 13:15:50,  2.04,  0.20, 32.94,199.21, 45.83,  2.25,  9.84,2,0,0,0,0,20400,2026-05-06 13:15:56,  2.88,  0.28, 32.88,199.21, 46.00,  2.40,  9.87,2,0,0,0,0,20400,2026-05-06 13:17:21,  0.00,  0.00, 19.11,194.79, 53.33,  2.70, 10.00,2,0,0,0,0,20400,  9.36,  0.28, 32.94, 53.60,  8.70, 19.04, 45.83,  0.00,
1329,2026-05-06 13:33:10,  7.26,  1.16, 20.39,181.90, 52.87,  1.35, 10.00,2,0,0,0,0,20400,2026-05-06 13:33:21, 14.67,  2.35, 20.33,181.90, 52.90,  0.00, 10.00,2,0,0,0,0,20400,2026-05-06 13:35:57,  0.00,  0.00, 19.18,202.91, 53.56,  2.25, 10.00,2,0,0,0,0,20400, 47.83,  2.35, 20.39, 55.43,  8.70, 15.17, 52.87,  0.00,
1330,2026-05-06 13:38:39,  5.58,  0.60, 30.15,208.65, 47.89,  2.25, 10.00,2,0,0,0,0,20400,2026-05-06 13:40:59, 12.56,  0.77, 42.89,204.33, 35.49,  4.80,  6.16,2,0,0,0,0,20400,2026-05-06 13:41:32,  0.00,  0.00, 42.93,204.33, 35.32,  4.95,  6.15,2,0,0,0,0,20400, 33.20,  0.77, 42.93, 48.42,  8.70, 30.15, 35.32,  0.00,
1331,2026-05-06 13:44:14,  7.96,  0.69, 35.69,209.62, 43.51,  3.90,  8.62,2,0,0,0,0,20400,2026-05-06 13:45:40, 12.58,  0.77, 42.93,204.15, 35.39,  3.15,  6.15,2,0,0,0,0,20400,2026-05-06 13:46:03,  0.00,  0.00, 42.93,204.15, 35.30,  3.15,  6.15,2,0,0,0,0,20400, 33.23,  0.80, 42.93, 43.78,  8.70, 35.69, 35.30,  0.00,
1332,2026-05-06 13:50:35,  1.80,  0.18, 32.20,208.57, 46.56,  3.00, 10.00,2,0,0,0,0,20400,2026-05-06 13:51:53,  4.72,  0.29, 42.76,204.06, 35.61,  4.35,  6.20,2,0,0,0,0,20400,2026-05-06 13:52:09,  0.24,  0.02, 42.76,204.15, 35.54,  3.90,  6.20,2,0,0,0,0,20400, 12.50,  0.29, 42.76, 46.56,  8.70, 32.20, 35.54,  0.00,
1333,2026-05-06 13:59:08,  3.79,  0.76, 16.36,181.81, 54.29,  2.85, 10.00,2,0,0,0,0,20400,2026-05-06 14:01:37, 14.67,  2.24, 21.40,168.12, 52.75,  2.55, 10.00,2,0,0,0,0,20400,2026-05-06 14:02:19,  0.00,  0.00, 21.93,168.12, 52.37,  3.90, 10.00,2,0,0,0,0,20400, 47.83,  2.25, 21.93, 56.10,  8.70, 12.71, 52.37,  0.00,
1334,2026-05-06 14:41:14,  4.77,  0.79, 19.72,156.64, 53.17,  5.70, 10.00,2,0,0,0,0,20400,2026-05-06 14:42:15,  6.72,  0.89, 24.68,149.76, 51.07,  5.10, 10.00,2,0,0,0,0,20400,2026-05-06 14:42:35,  0.35,  0.05, 25.39,149.76, 50.55,  4.35, 10.00,2,0,0,0,0,20400, 21.92,  0.89, 25.39, 53.65,  8.70, 19.72, 50.55,  0.00,
1335,2026-05-06 14:44:48,  2.55,  0.41, 20.46,155.58, 52.92,  2.85, 10.00,2,0,0,0,0,20400,2026-05-06 14:45:57,  3.97,  0.48, 27.09,149.93, 49.75,  3.45, 10.00,2,0,0,0,0,20400,2026-05-06 14:46:18,  0.00,  0.00, 27.09,149.93, 49.67,  4.80, 10.00,2,0,0,0,0,20400, 12.96,  0.50, 27.28, 53.18,  8.70, 20.46, 49.63,  0.00,
1336,2026-05-06 14:51:49,  3.12,  0.59, 17.19,158.32, 54.07,  4.65, 10.00,2,0,0,0,0,20400,2026-05-06 14:52:55,  4.72,  0.75, 20.46,148.34, 52.91,  3.75, 10.00,2,0,0,0,0,20400,2026-05-06 14:53:09,  0.00,  0.00, 20.46,148.26, 52.86,  4.65, 10.00,2,0,0,0,0,20400, 15.37,  0.75, 20.46, 54.64,  8.70, 17.12, 52.86,  0.00,
1337,2026-05-06 15:16:28,  0.99,  0.28, 11.64,157.70, 55.60,  4.35, 10.00,2,40,2000,0,0,20400,2026-05-06 15:17:55,  1.44,  0.36, 13.06,181.19, 55.23,  2.10, 10.00,2,40,2000,0,0,20400,2026-05-06 15:18:07,  0.00,  0.00, 13.06,181.37, 55.18,  2.40, 10.00,2,40,2000,0,0,20400,  4.71,  0.36, 13.06, 56.13,  8.70, 11.57, 55.18,  0.00,
1338,2026-05-06 15:52:48,  5.53,  0.63, 28.64,140.22, 48.96,  7.05, 10.00,2,0,0,0,0,20400,2026-05-06 15:52:48,  6.37,  0.72, 28.64,140.22, 48.96,  7.05, 10.00,2,0,0,0,0,20400,2026-05-06 15:53:51,  0.00,  0.00, 13.70,138.81, 55.29,  6.15, 10.00,2,40,2000,0,0,20400, 20.76,  0.72, 28.64, 55.54,  8.70, 13.70, 48.96,  0.00,
1339,2026-05-06 16:38:25,  5.25,  0.66, 25.90,155.32, 50.46,  4.95, 10.00,2,0,0,0,0,20400,2026-05-06 16:39:42,  8.14,  0.79, 33.17,147.37, 45.81,  2.55,  9.74,2,0,0,0,0,20400,2026-05-06 16:40:04,  0.00,  0.00, 33.95,147.37, 44.95,  3.30,  9.38,2,0,0,0,0,20400, 26.31,  0.81, 33.95, 50.91,  8.70, 25.83, 44.95,  0.00,
1340,2026-05-06 16:46:08,  3.95,  0.93, 13.84,131.04, 55.06,  3.30, 10.00,2,40,2000,0,0,20400,2026-05-06 16:48:19,  7.23,  0.93, 25.45,154.53, 50.74,  1.95, 10.00,2,0,0,0,0,20400,2026-05-06 16:48:33,  0.00,  0.00, 25.45,154.53, 50.67,  3.00, 10.00,2,0,0,0,0,20400, 23.57,  0.95, 25.45, 56.06,  8.70, 13.77, 50.66,  0.00,
1341,2026-05-07 07:37:19,  3.91,  0.91, 13.98,122.91, 54.95,  0.00, 10.00,2,40,2000,0,0,20400,2026-05-07 07:37:34, 11.17,  2.59, 14.05,122.91, 54.97,  0.00, 10.00,2,40,2000,0,0,20400,2026-05-07 07:40:01,  0.00,  0.00, 12.99,103.58, 55.28,  0.00, 10.00,2,40,2000,0,0,20400, 36.41,  2.59, 14.12, 55.82,  8.70, 12.85, 54.93,  0.00,
1342,2026-05-07 07:47:49,  6.20,  0.35, 44.65,100.13, 32.66,  0.00,  5.69,2,0,0,0,0,20400,2026-05-07 07:48:04, 34.52,  1.97, 44.65,100.13, 32.72,  0.00,  5.69,2,0,0,0,0,20400,2026-05-07 07:51:31,  0.00,  0.00, 14.54,123.53, 54.84,  0.00, 10.00,2,0,0,0,0,20400, 87.77,  2.04, 44.65, 54.92,  8.70, 14.54, 32.66,  0.00,
1343,2026-05-07 07:56:10,  1.04,  0.49,  6.97, 98.28, 56.39,  0.00, 10.00,2,C0,2000,2000,0,20400,2026-05-07 07:58:12,  5.97,  0.61, 32.03, 89.98, 46.56,  0.00, 10.00,2,0,0,0,0,20400,2026-05-07 07:58:37,  0.00,  0.00, 32.88, 89.62, 45.82,  0.00,  9.87,2,0,0,0,0,20400, 19.45,  0.61, 32.88, 56.86,  8.70,  6.97, 45.82,  0.00,
1344,2026-05-07 08:04:25, 10.74,  1.69, 20.73, 99.34, 53.06,  1.05, 10.00,2,0,0,0,0,20400,2026-05-07 08:07:33, 55.26,  3.08, 45.23,118.15, 31.83,  0.00,  5.58,2,80000,2000000,0,0,20400,2026-05-07 08:08:46,  0.00,  0.00, 45.55,118.15, 31.16,  0.00,  5.55,2,0,0,0,0,20400,139.38,  3.08, 45.55, 53.75,  8.70, 20.73, 31.16,  0.00,
1345,2026-05-07 08:21:19,  2.24,  0.36, 20.46, 98.45, 53.04,  0.00, 10.00,2,0,0,0,0,20400,2026-05-07 08:21:42,  3.43,  0.55, 20.46, 98.45, 53.15,  0.00, 10.00,2,0,0,0,0,20400,2026-05-07 08:24:22,  0.00,  0.00, 13.27,123.62, 55.19,  0.00, 10.00,2,40,2000,0,0,20400, 11.18,  0.55, 20.46, 56.83,  8.70,  8.92, 53.04,  0.00,
1346,2026-05-07 08:34:29,  7.69,  0.57, 39.09,120.71, 40.00,  0.00,  7.40,2,0,0,0,0,20400,2026-05-07 08:34:29,  7.94,  0.59, 39.09,120.71, 40.01,  0.00,  7.40,2,0,0,0,0,20400,2026-05-07 08:36:44,  0.00,  0.00, 18.77, 97.13, 53.58,  0.00, 10.00,2,0,0,0,0,20400, 22.99,  0.59, 39.09, 54.41,  8.70, 18.77, 40.00,  0.00,
1347,2026-05-07 08:38:27,  1.91,  0.18, 34.06, 98.72, 45.00,  0.00,  9.33,2,0,0,0,0,20400,2026-05-07 08:38:29,  3.45,  0.32, 34.00, 98.72, 45.10,  0.00,  9.36,2,0,0,0,0,20400,2026-05-07 08:39:00,  0.44,  0.06, 22.40, 98.72, 52.86,  0.00, 10.00,2,0,0,0,0,20400, 10.97,  0.32, 34.06, 52.86,  8.70, 22.40, 45.00,  0.00,
1348,2026-05-07 09:11:34,  2.11,  0.93,  7.40,126.09, 56.40,  1.05, 10.00,2,C0,2000,2000,0,20400,2026-05-07 09:12:45,  4.51,  0.92, 15.94,126.53, 54.68,  2.25, 10.00,2,0,0,0,0,20400,2026-05-07 09:13:03,  0.00,  0.00, 15.94,126.53, 54.54,  1.50, 10.00,2,0,0,0,0,20400, 14.70,  0.93, 15.94, 56.47,  8.70,  7.40, 54.54,  0.00,
1349,2026-05-07 09:40:19,  7.12,  1.38, 16.84,121.15, 54.16,  0.00, 10.00,2,0,0,0,0,20400,2026-05-07 09:42:07, 20.44,  1.51, 39.13,150.38, 40.08,  4.20,  7.39,2,0,0,0,0,20400,2026-05-07 09:42:46,  0.00,  0.00, 39.18,150.38, 39.90,  3.60,  7.37,2,0,0,0,0,20400, 59.11,  1.53, 39.18, 54.97,  8.70, 16.84, 39.90,  0.00,
1350,2026-05-07 09:47:01,  4.01,  0.81, 16.08,119.91, 54.39,  1.05, 10.00,2,0,0,0,0,20400,2026-05-07 09:49:20, 16.72,  0.95, 44.72,141.90, 32.76,  3.60,  5.67,2,0,0,0,0,20400,2026-05-07 09:50:02,  0.00,  0.00, 44.00,141.99, 33.59,  2.70,  5.87,2,0,0,0,0,20400, 42.43,  0.95, 45.19, 55.20,  8.70, 16.08, 32.25,  0.00,
1351,2026-05-07 10:01:46,  1.04,  0.27, 12.71,160.00, 55.36,  3.75, 10.00,2,40,2000,0,0,20400,2026-05-07 10:03:14,  2.29,  0.34, 22.06,147.55, 52.33,  4.05, 10.00,2,0,0,0,0,20400,2026-05-07 10:03:26,  0.00,  0.00, 22.00,147.46, 52.25,  4.05, 10.00,2,0,0,0,0,20400,  7.45,  0.35, 22.06, 55.90,  8.70, 12.71, 52.25,  0.00,
1352,2026-05-07 10:26:25,  1.13,  0.38,  9.71,119.91, 55.97,  0.00, 10.00,2,C0,2000,2000,0,20400,2026-05-07 10:29:12,  6.07,  0.39, 41.70,140.57, 37.18,  4.65,  6.50,2,0,0,0,0,20400,2026-05-07 10:30:35,  0.00,  0.00, 41.70,140.22, 37.06,  4.65,  6.50,2,0,0,0,0,20400, 16.46,  0.46, 41.74, 56.69,  8.70,  9.64, 37.06,  0.00,
1353,2026-05-07 10:36:22,  8.06,  1.43, 18.36,120.35, 53.66,  0.00, 10.00,2,0,0,0,0,20400,2026-05-07 10:36:24,  8.54,  1.52, 18.29,120.35, 53.69,  1.05, 10.00,2,0,0,0,0,20400,2026-05-07 10:38:34,  0.00,  0.00, 10.14, 95.19, 55.89,  5.25, 10.00,2,40,2000,0,0,20400, 27.83,  1.53, 18.36, 56.46,  8.70, 10.14, 53.66,  0.00,
1354,2026-05-07 10:42:08,  6.11,  0.97, 20.60,120.00, 52.81,  1.80, 10.00,2,0,0,0,0,20400,2026-05-07 10:42:13,  8.66,  1.37, 20.60,120.00, 52.83,  1.65, 10.00,2,0,0,0,0,20400,2026-05-07 10:44:43,  0.00,  0.00, 13.41, 93.07, 55.19,  3.60, 10.00,2,40,2000,0,0,20400, 28.22,  1.37, 20.60, 55.90,  8.70, 13.06, 52.81,  0.00,
1355,2026-05-07 10:48:59,  8.30,  1.31, 20.60, 69.67, 52.81,  2.10, 10.00,2,0,0,0,0,20400,2026-05-07 10:49:06,  9.60,  1.51, 20.66, 69.67, 52.88,  2.70, 10.00,2,0,0,0,0,20400,2026-05-07 10:51:45,  0.00,  0.00, 15.73, 95.19, 54.58,  2.85, 10.00,2,0,0,0,0,20400, 31.29,  1.51, 20.66, 56.47,  8.70, 11.43, 52.79,  0.00,
1356,2026-05-07 12:21:10,  2.14,  0.47, 14.82, 56.34, 54.77,  1.50, 10.00,2,0,0,0,0,20400,2026-05-07 12:22:55,  6.28,  0.56, 35.04, 81.24, 44.13,  2.85,  8.88,2,0,0,0,0,20400,2026-05-07 12:23:08,  0.00,  0.00, 35.04, 81.24, 43.99,  2.70,  8.88,2,0,0,0,0,20400, 19.55,  0.59, 35.04, 55.57,  8.70, 14.75, 43.99,  0.00,
1357,2026-05-07 12:26:15,  4.37,  0.93, 15.38, 57.84, 54.55,  0.00, 10.00,2,0,0,0,0,20400,2026-05-07 12:27:57,  7.63,  0.88, 28.15, 82.56, 49.10,  3.45, 10.00,2,0,0,0,0,20400,2026-05-07 12:28:15,  0.00,  0.00, 28.88, 82.56, 48.58,  2.85, 10.00,2,0,0,0,0,20400, 24.89,  0.93, 28.88, 55.23,  8.70, 15.38, 48.58,  0.00,
1358,2026-05-07 12:31:14,  4.47,  0.90, 16.29, 56.60, 54.32,  1.95, 10.00,2,0,0,0,0,20400,2026-05-07 12:32:58,  7.49,  0.87, 28.21, 83.27, 49.09,  6.00, 10.00,2,0,0,0,0,20400,2026-05-07 12:33:09,  0.00,  0.00, 28.70, 83.09, 48.69,  5.10, 10.00,2,0,0,0,0,20400, 24.41,  0.90, 28.70, 55.05,  8.70, 16.29, 48.69,  0.00,
1359,2026-05-07 12:36:27,  4.22,  0.93, 14.75, 58.37, 54.72,  2.25, 10.00,2,0,0,0,0,20400,2026-05-07 12:38:01,  6.85,  0.87, 25.58, 82.65, 50.73,  5.10, 10.00,2,0,0,0,0,20400,2026-05-07 12:38:48,  0.00,  0.00, 28.45, 83.36, 48.84,  5.55, 10.00,2,0,0,0,0,20400, 22.33,  0.94, 28.52, 55.48,  8.70, 14.68, 48.80,  0.00,
1360,2026-05-07 12:41:31,  4.39,  0.92, 15.52, 60.84, 54.51,  1.35, 10.00,2,0,0,0,0,20400,2026-05-07 12:43:14,  9.11,  0.86, 33.78, 83.27, 45.07,  3.90,  9.46,2,0,0,0,0,20400,2026-05-07 12:43:27,  0.00,  0.00, 33.84, 83.27, 44.95,  3.15,  9.43,2,0,0,0,0,20400, 29.10,  0.92, 33.84, 55.31,  8.70, 15.52, 44.95,  0.00,
1361,2026-05-07 12:46:34,  4.80,  0.94, 16.56, 61.90, 54.19,  1.95, 10.00,2,0,0,0,0,20400,2026-05-07 12:48:34,  8.11,  0.83, 31.80, 84.15, 46.62,  1.95, 10.00,2,0,0,0,0,20400,2026-05-07 12:48:48,  0.00,  0.00, 31.80, 84.15, 46.56,  4.05, 10.00,2,0,0,0,0,20400, 26.43,  0.94, 32.49, 55.00,  8.70, 16.56, 46.30,  0.00,
1362,2026-05-07 12:51:36,  4.98,  0.93, 17.46, 59.69, 53.92,  1.80, 10.00,2,0,0,0,0,20400,2026-05-07 12:53:37,  8.92,  0.89, 32.60, 84.24, 46.00,  5.55, 10.00,2,0,0,0,0,20400,2026-05-07 12:53:44,  0.27,  0.03, 32.60, 84.24, 45.93,  6.15, 10.00,2,0,0,0,0,20400, 29.07,  0.94, 32.60, 54.73,  8.70, 17.46, 45.93,  0.00,
1363,2026-05-07 12:57:02,  5.50,  0.93, 19.38, 56.69, 53.23,  1.35, 10.00,2,0,0,0,0,20400,2026-05-07 12:58:47,  7.04,  0.90, 25.51, 85.03, 50.61,  5.10, 10.00,2,0,0,0,0,20400,2026-05-07 12:59:06,  0.09,  0.01, 25.70, 85.03, 50.40,  6.60, 10.00,2,0,0,0,0,20400, 22.95,  0.93, 25.77, 54.01,  8.70, 19.38, 50.36,  0.00,
1364,2026-05-07 13:02:00,  5.88,  0.79, 24.16, 57.13, 51.21,  1.50, 10.00,2,0,0,0,0,20400,2026-05-07 13:03:58, 18.06,  1.33, 39.23, 82.65, 39.93,  3.45,  7.36,2,0,0,0,0,20400,2026-05-07 13:04:20,  0.00,  0.00, 39.85, 82.30, 39.17,  2.70,  7.15,2,0,0,0,0,20400, 52.11,  1.36, 39.89, 51.97,  8.70, 24.10, 39.12,  0.00,
1365,2026-05-07 13:32:05,  2.45,  0.62, 12.92, 61.37, 55.26,  1.50, 10.00,2,40,2000,0,0,20400,2026-05-07 13:33:53, 26.21,  2.55, 33.22, 66.84, 45.62,  1.65,  9.71,2,0,0,0,0,20400,2026-05-07 13:34:34,  0.00,  0.00, 33.67, 66.84, 45.13,  2.40,  9.51,2,0,0,0,0,20400, 84.60,  2.58, 33.67, 55.60,  8.70, 12.92, 45.13,  0.00,
1366,2026-05-07 13:45:53,  6.34,  0.72, 28.52, 85.83, 48.95,  5.40, 10.00,2,0,0,0,0,20400,2026-05-07 13:49:27, 23.99,  1.70, 40.08, 67.28, 38.99,  3.75,  7.07,2,0,0,0,0,20400,2026-05-07 13:49:52,  0.00,  0.00, 40.08, 67.28, 38.93,  2.70,  7.07,2,0,0,0,0,20400, 67.99,  1.75, 40.08, 49.71,  8.70, 28.45, 38.93,  0.00,
1367,2026-05-07 14:11:33,  1.75,  0.25, 22.40, 79.65, 52.30,  4.20, 10.00,2,0,0,0,0,20400,2026-05-07 14:11:35,  2.65,  0.39, 22.33, 79.65, 52.35,  4.20, 10.00,2,0,0,0,0,20400,2026-05-07 14:14:21,  0.00,  0.00, 13.63, 70.02, 55.06,  3.75, 10.00,2,40,2000,0,0,20400,  8.64,  0.39, 22.40, 55.42,  8.70, 13.55, 52.30,  0.00,
1368,2026-05-07 14:17:13,  2.36,  0.38, 20.46, 78.94, 53.18,  3.60, 10.00,2,0,0,0,0,20400,2026-05-07 14:17:13,  2.36,  0.38, 20.46, 78.94, 53.18,  3.60, 10.00,2,0,0,0,0,20400,2026-05-07 14:18:39,  0.00,  0.00, 13.34, 70.82, 55.12,  2.55, 10.00,2,40,2000,0,0,20400,  7.69,  0.40, 20.46, 56.02,  8.70, 13.06, 53.18,  0.00,
1369,2026-05-07 14:22:12,  9.03,  1.61, 18.29, 78.23, 53.91,  2.70, 10.00,2,0,0,0,0,20400,2026-05-07 14:26:44, 21.37,  1.85, 35.58, 62.34, 43.59,  1.35,  8.67,2,0,0,0,0,20400,2026-05-07 14:27:14,  0.00,  0.00, 36.43, 62.34, 42.63,  1.50,  8.33,2,0,0,0,0,20400, 65.90,  1.91, 36.43, 54.93,  8.70, 16.36, 42.63,  0.00,
1370,2026-05-07 15:29:16,  6.95,  1.28, 17.67, 57.22, 54.09,  1.20, 10.00,2,0,0,0,0,20400,2026-05-07 15:31:08, 13.03,  1.46, 29.06, 85.30, 48.77,  2.40, 10.00,2,0,0,0,0,20400,2026-05-07 15:31:36,  0.00,  0.00, 29.06, 85.30, 48.67,  1.50, 10.00,2,0,0,0,0,20400, 42.47,  1.53, 29.06, 54.82,  8.70, 17.67, 48.67,  0.00,
1371,2026-05-07 15:36:46,  2.63,  0.30, 28.94, 85.30, 48.84,  1.65, 10.00,2,0,0,0,0,20400,2026-05-07 15:38:46,  4.06,  0.32, 37.45,103.93, 42.03,  1.95,  7.95,2,0,0,0,0,20400,2026-05-07 15:38:57,  0.00,  0.00, 37.45,103.93, 41.94,  1.50,  7.95,2,0,0,0,0,20400, 12.08,  0.32, 37.51, 49.56,  8.70, 28.94, 41.94,  0.00,
1372,2026-05-07 15:42:20,  5.12,  1.03, 16.22,121.32, 54.35,  1.05, 10.00,2,0,0,0,0,20400,2026-05-07 15:44:22, 22.92,  2.60, 28.70,146.31, 48.86,  1.80, 10.00,2,0,0,0,0,20400,2026-05-07 15:44:58,  0.00,  0.00, 28.82,146.23, 48.66,  2.10, 10.00,2,0,0,0,0,20400, 74.72,  2.65, 29.00, 55.28,  8.70, 15.80, 48.66,  0.00,
1373,2026-05-08 07:25:54,  1.50,  0.36, 13.70,131.30, 55.06,  3.75, 10.00,2,40,2000,0,0,20400,2026-05-08 07:27:33,  1.63,  0.35, 15.03,147.55, 55.00,  3.00, 10.00,2,0,0,0,0,20400,2026-05-08 07:27:45,  0.00,  0.00, 15.03,147.64, 54.94,  2.85, 10.00,2,0,0,0,0,20400,  5.31,  0.36, 15.03, 55.98,  8.70, 13.63, 54.94,  0.00,
1374,2026-05-08 07:35:36,  1.68,  0.30, 18.29,159.03, 53.83,  5.25, 10.00,2,0,0,0,0,20400,2026-05-08 07:35:41,  2.19,  0.39, 18.29,159.03, 53.85,  5.25, 10.00,2,0,0,0,0,20400,2026-05-08 07:37:04,  0.00,  0.00, 13.13,147.81, 55.44,  3.75, 10.00,2,40,2000,0,0,20400,  7.15,  0.39, 18.29, 55.94,  8.70, 12.99, 53.83,  0.00,
1375,2026-05-08 07:39:10,  6.15,  0.79, 25.26,154.26, 50.80,  0.00, 10.00,2,0,0,0,0,20400,2026-05-08 07:39:12,  6.23,  0.80, 25.26,154.26, 50.83,  0.00, 10.00,2,0,0,0,0,20400,2026-05-08 07:40:49,  0.00,  0.00, 11.64,147.81, 55.76,  1.80, 10.00,2,40,2000,0,0,20400, 20.32,  0.80, 25.26, 56.15,  8.70, 11.43, 50.80,  0.00,
1376,2026-05-08 07:44:01,  4.19,  0.85, 16.15,165.47, 54.52,  0.00, 10.00,2,0,0,0,0,20400,2026-05-08 07:44:04,  4.30,  0.87, 16.15,165.47, 54.57,  0.00, 10.00,2,0,0,0,0,20400,2026-05-08 07:45:40,  0.00,  0.00, 11.21,146.49, 55.81,  1.50, 10.00,2,40,2000,0,0,20400, 14.03,  0.87, 16.22, 56.39,  8.70, 11.21, 54.52,  0.00,
1377,2026-05-08 07:49:21,  2.92,  1.40,  6.83,160.18, 56.36,  1.65, 10.00,2,C0,2000,2000,0,20400,2026-05-08 07:50:36,  5.16,  1.55, 10.86,146.84, 55.96,  3.00, 10.00,2,40,2000,0,0,20400,2026-05-08 07:50:55,  0.00,  0.00, 11.14,146.84, 55.84,  2.70, 10.00,2,40,2000,0,0,20400, 16.81,  1.58, 11.14, 56.89,  8.70,  6.83, 55.84,  0.00,
